2017-01-30 04:06,17.448,372.40,-116.26
2017-01-30 04:07,17.448,372.40,-116.27
2017-01-30 04:08,17.439,372.40,-116.26
2017-01-30 04:09,17.535,372.40,-116.22
2017-01-30 04:10,17.655,372.40,-116.17
2017-01-30 04:11,17.758,372.40,-116.15
2017-01-30 04:12,17.861,372.40,-116.11
2017-01-30 04:13,18.022,372.40,-116.06
2017-01-30 04:14,18.100,372.40,-116.03
2017-01-30 04:15,18.179,372.40,-116.00
2017-01-30 04:16,18.234,372.40,-115.99
2017-01-30 04:17,18.186,372.40,-116.03
2017-01-30 04:18,18.205,372.40,-116.01
2017-01-30 04:19,18.146,372.40,-116.03
2017-01-30 04:20,18.185,372.40,-116.03
2017-01-30 04:21,18.183,372.40,-116.01
2017-01-30 04:22,18.203,372.40,-116.02
2017-01-30 04:23,18.239,372.40,-116.0
2017-01-30 04:24,18.336,372.40,-115.98
2017-01-30 04:25,18.299,372.40,-115.94
2017-01-30 04:26,18.368,372.40,-115.91
2017-01-30 04:27,18.496,372.40,-115.86
2017-01-30 04:28,18.635,372.40,-115.82
2017-01-30 04:29,18.685,372.40,-115.79
2017-01-30 04:30,18.747,372.40,-115.74
2017-01-30 04:31,18.811,372.40,-115.72
2017-01-30 04:32,18.895,372.40,-115.68
2017-01-30 04:33,18.976,372.40,-115.63
2017-01-30 04:34,19.088,372.40,-115.60
2017-01-30 04:35,19.139,372.40,-115.58
2017-01-30 04:36,19.282,372.40,-115.52
2017-01-30 04:37,19.312,372.40,-115.47
2017-01-30 04:38,19.384,372.40,-115.48
2017-01-30 04:39,19.445,372.40,-115.43
2017-01-30 04:40,19.395,372.40,-115.43
2017-01-30 04:41,19.398,372.40,-115.43
2017-01-30 04:42,19.425,372.40,-115.41
2017-01-30 04:43,19.508,372.40,-115.39
2017-01-30 04:44,19.557,372.40,-115.36
2017-01-30 04:45,19.698,372.40,-115.32
2017-01-30 04:46,19.681,372.40,-115.29
2017-01-30 04:47,19.810,372.40,-115.25
2017-01-30 04:48,19.785,372.40,-115.23
2017-01-30 04:49,19.843,372.40,-115.22
2017-01-30 04:50,19.880,372.40,-115.19
2017-01-30 04:51,19.917,372.40,-115.21
2017-01-30 04:52,19.978,372.40,-115.18
2017-01-30 04:53,19.956,372.40,-115.18
2017-01-30 04:54,19.85,372.40,-115.18
2017-01-30 04:55,19.899,372.40,-115.2
2017-01-30 04:56,20.014,372.40,-115.14
2017-01-30 04:57,19.861,372.40,-115.18
2017-01-30 04:58,19.797,372.40,-115.19
2017-01-30 04:59,19.772,372.40,-115.19
2017-01-30 05:00,19.661,372.40,-115.22
2017-01-30 05:01,19.738,372.40,-115.22
2017-01-30 05:02,19.714,372.40,-115.22
2017-01-30 05:03,19.722,372.40,-115.20
2017-01-30 05:04,19.684,372.40,-115.21
2017-01-30 05:05,19.610,372.40,-115.22
2017-01-30 05:06,19.565,372.40,-115.25
2017-01-30 05:07,19.513,372.40,-115.27
2017-01-30 05:08,19.649,372.40,-115.24
2017-01-30 05:09,19.534,372.40,-115.29
2017-01-30 05:10,19.572,372.40,-115.28
2017-01-30 05:11,19.556,372.40,-115.31
2017-01-30 05:12,19.562,372.40,-115.31
2017-01-30 05:13,19.526,372.40,-115.30
2017-01-30 05:14,19.670,372.40,-115.26
2017-01-30 05:15,19.569,372.40,-115.29
2017-01-30 05:16,19.62,372.40,-115.27
2017-01-30 05:17,19.775,372.40,-115.22
2017-01-30 05:18,19.868,372.40,-115.18
2017-01-30 05:19,19.822,372.40,-115.16
2017-01-30 05:20,19.824,372.40,-115.18
2017-01-30 05:21,20.184,372.40,-115.08
2017-01-30 05:22,20.034,372.40,-115.12
2017-01-30 05:23,20.258,372.40,-115.07
2017-01-30 05:24,20.282,372.40,-115.07
2017-01-30 05:25,20.172,372.40,-115.10
2017-01-30 05:26,20.254,372.40,-115.05
2017-01-30 05:27,20.397,372.40,-115.0
2017-01-30 05:28,20.572,372.40,-114.97
2017-01-30 05:29,20.654,372.40,-114.93
2017-01-30 05:30,20.783,372.40,-114.92
2017-01-30 05:31,20.661,372.40,-114.95
2017-01-30 05:32,20.695,372.40,-114.93
2017-01-30 05:33,20.675,372.40,-114.97
2017-01-30 05:34,20.460,372.40,-115.0
2017-01-30 05:35,20.442,372.40,-115.01
2017-01-30 05:36,20.530,372.40,-115.00
2017-01-30 05:37,20.467,372.40,-115.05
2017-01-30 05:38,20.439,372.40,-115.07
2017-01-30 05:39,20.482,372.40,-114.99
2017-01-30 05:40,20.436,372.40,-115.07
2017-01-30 05:41,20.406,372.40,-115.07
2017-01-30 05:42,20.251,372.40,-115.12
2017-01-30 05:43,20.189,372.40,-115.13
2017-01-30 05:44,20.216,372.40,-115.15
2017-01-30 05:45,20.199,372.40,-115.15
2017-01-30 05:46,20.113,372.40,-115.17
2017-01-30 05:47,20.262,372.40,-115.16
2017-01-30 05:48,20.260,372.40,-115.17
2017-01-30 05:49,20.402,372.40,-115.15
2017-01-30 05:50,20.613,372.40,-115.12
2017-01-30 05:51,20.636,372.40,-115.11
2017-01-30 05:52,20.612,372.40,-115.11
2017-01-30 05:53,20.737,372.40,-115.08
2017-01-30 05:54,20.752,372.40,-115.03
2017-01-30 05:55,20.840,372.40,-115.01
2017-01-30 05:56,20.810,372.40,-115.04
2017-01-30 05:57,20.819,372.40,-115.04
2017-01-30 05:58,20.907,372.40,-115.04
2017-01-30 05:59,20.927,372.40,-115.05
2017-01-30 06:00,20.830,372.40,-115.07
2017-01-30 06:01,20.89,372.40,-115.07
2017-01-30 06:02,20.943,372.40,-115.07
2017-01-30 06:03,20.861,372.40,-115.09
2017-01-30 06:04,20.864,372.40,-115.10
2017-01-30 06:05,20.918,372.40,-115.05
2017-01-30 06:06,20.840,372.40,-115.08
2017-01-30 06:07,20.812,372.40,-115.06
2017-01-30 06:08,20.858,372.40,-115.07
2017-01-30 06:09,20.734,372.40,-115.08
2017-01-30 06:10,20.678,372.40,-115.10
2017-01-30 06:11,20.756,372.40,-115.10
2017-01-30 06:12,20.657,372.40,-115.11
2017-01-30 06:13,20.544,372.40,-115.16
2017-01-30 06:14,20.466,372.40,-115.18
2017-01-30 06:15,20.443,372.40,-115.18
2017-01-30 06:16,20.438,372.40,-115.19
2017-01-30 06:17,20.505,372.40,-115.16
2017-01-30 06:18,20.573,372.40,-115.13
2017-01-30 06:19,20.560,372.40,-115.15
2017-01-30 06:20,20.555,372.40,-115.18
2017-01-30 06:21,20.585,372.40,-115.18
2017-01-30 06:22,20.626,372.40,-115.18
2017-01-30 06:23,20.777,372.40,-115.14
2017-01-30 06:24,20.807,372.40,-115.17
2017-01-30 06:25,20.873,372.40,-115.13
2017-01-30 06:26,20.938,372.40,-115.14
2017-01-30 06:27,20.802,372.40,-115.18
2017-01-30 06:28,20.825,372.40,-115.20
2017-01-30 06:29,20.761,372.40,-115.21
2017-01-30 06:30,20.734,372.40,-115.23
2017-01-30 06:31,20.799,372.40,-115.21
2017-01-30 06:32,20.885,372.40,-115.20
2017-01-30 06:33,20.886,372.40,-115.19
2017-01-30 06:34,20.847,372.40,-115.22
2017-01-30 06:35,20.875,372.40,-115.23
2017-01-30 06:36,20.861,372.40,-115.24
2017-01-30 06:37,20.758,372.40,-115.29
2017-01-30 06:38,20.789,372.40,-115.32
2017-01-30 06:39,20.767,372.40,-115.28
2017-01-30 06:40,20.817,372.40,-115.28
2017-01-30 06:41,20.890,372.40,-115.29
2017-01-30 06:42,20.900,372.40,-115.29
2017-01-30 06:43,20.913,372.40,-115.28
2017-01-30 06:44,20.883,372.40,-115.3
2017-01-30 06:45,20.902,372.40,-115.29
2017-01-30 06:46,20.895,372.40,-115.28
2017-01-30 06:47,20.862,372.40,-115.29
2017-01-30 06:48,20.818,372.40,-115.31
2017-01-30 06:49,20.808,372.40,-115.34
2017-01-30 06:50,20.727,372.40,-115.34
2017-01-30 06:51,20.730,372.40,-115.38
2017-01-30 06:52,20.713,372.40,-115.4
2017-01-30 06:53,20.78,372.40,-115.35
2017-01-30 06:54,20.722,372.40,-115.4
2017-01-30 06:55,20.641,372.40,-115.45
2017-01-30 06:56,20.575,372.40,-115.47
2017-01-30 06:57,20.513,372.40,-115.48
2017-01-30 06:58,20.642,372.40,-115.44
2017-01-30 06:59,20.375,372.40,-115.49
2017-01-30 07:00,20.532,372.40,-115.49
2017-01-30 07:01,20.474,372.40,-115.49
2017-01-30 07:02,20.488,372.40,-115.49
2017-01-30 07:03,20.553,372.40,-115.5
2017-01-30 07:04,20.529,372.40,-115.52
2017-01-30 07:05,20.551,372.40,-115.51
2017-01-30 07:06,20.502,372.40,-115.55
2017-01-30 07:07,20.450,372.40,-115.6
2017-01-30 07:08,20.395,372.40,-115.58
2017-01-30 07:09,20.290,372.40,-115.61
2017-01-30 07:10,20.250,372.40,-115.6
2017-01-30 07:11,20.189,372.40,-115.62
2017-01-30 07:12,20.239,372.40,-115.59
2017-01-30 07:13,20.132,372.40,-115.64
2017-01-30 07:14,20.043,372.40,-115.69
2017-01-30 07:15,20.231,372.40,-115.63
2017-01-30 07:16,20.263,372.40,-115.62
2017-01-30 07:17,20.226,372.40,-115.64
2017-01-30 07:18,20.209,372.40,-115.64
2017-01-30 07:19,20.065,372.40,-115.69
2017-01-30 07:20,20.086,372.40,-115.71
2017-01-30 07:21,20.006,372.40,-115.76
2017-01-30 07:22,19.763,372.40,-115.81
2017-01-30 07:23,19.818,372.40,-115.82
2017-01-30 07:24,19.730,372.40,-115.81
2017-01-30 07:25,19.653,372.40,-115.86
2017-01-30 07:26,19.527,372.40,-115.89
2017-01-30 07:27,19.465,372.40,-115.94
2017-01-30 07:28,19.399,372.40,-115.94
2017-01-30 07:29,19.417,372.40,-115.92
2017-01-30 07:30,19.512,372.40,-115.91
2017-01-30 07:31,19.409,372.40,-115.93
2017-01-30 07:32,19.081,372.40,-116.02
2017-01-30 07:33,18.988,372.40,-116.06
2017-01-30 07:34,18.983,372.40,-116.1
2017-01-30 07:35,18.858,372.40,-116.15
2017-01-30 07:36,18.868,372.40,-116.12
2017-01-30 07:37,18.863,372.40,-116.13
2017-01-30 07:38,18.801,372.40,-116.15
2017-01-30 07:39,18.822,372.40,-116.18
2017-01-30 07:40,18.847,372.40,-116.18
2017-01-30 07:41,18.860,372.40,-116.17
2017-01-30 07:42,19.046,372.40,-116.11
2017-01-30 07:43,18.959,372.40,-116.15
2017-01-30 07:44,18.788,372.40,-116.2
2017-01-30 07:45,18.867,372.40,-116.2
2017-01-30 07:46,19.032,372.40,-116.15
2017-01-30 07:47,19.023,372.40,-116.18
2017-01-30 07:48,18.834,372.40,-116.22
2017-01-30 07:49,18.883,372.40,-116.22
2017-01-30 07:50,19.055,372.40,-116.18
2017-01-30 07:51,19.093,372.40,-116.18
2017-01-30 07:52,19.019,372.40,-116.17
2017-01-30 07:53,18.912,372.40,-116.22
2017-01-30 07:54,18.785,372.40,-116.29
2017-01-30 07:55,18.813,372.40,-116.29
2017-01-30 07:56,18.813,372.40,-116.3
2017-01-30 07:57,18.783,372.40,-116.30
2017-01-30 07:58,18.654,372.40,-116.38
2017-01-30 07:59,18.572,372.40,-116.39
2017-01-30 08:00,18.661,372.40,-116.40
2017-01-30 08:01,18.74,372.40,-116.37
2017-01-30 08:02,18.551,372.40,-116.42
2017-01-30 08:03,18.335,372.40,-116.48
2017-01-30 08:04,18.28,372.40,-116.50
2017-01-30 08:05,18.393,372.40,-116.50
2017-01-30 08:06,18.298,372.40,-116.52
2017-01-30 08:07,18.153,372.40,-116.56
2017-01-30 08:08,18.173,372.40,-116.58
2017-01-30 08:09,18.241,372.40,-116.57
2017-01-30 08:10,18.328,372.40,-116.54
2017-01-30 08:11,18.351,372.40,-116.55
2017-01-30 08:12,18.395,372.40,-116.53
2017-01-30 08:13,18.306,372.40,-116.59
2017-01-30 08:14,18.297,372.40,-116.63
2017-01-30 08:15,18.302,372.40,-116.63
2017-01-30 08:16,18.298,372.40,-116.66
2017-01-30 08:17,18.252,372.40,-116.69
2017-01-30 08:18,18.237,372.40,-116.68
2017-01-30 08:19,18.062,372.40,-116.75
2017-01-30 08:20,17.862,372.40,-116.78
2017-01-30 08:21,17.788,372.40,-116.82
2017-01-30 08:22,17.669,372.40,-116.88
2017-01-30 08:23,17.552,372.40,-116.92
2017-01-30 08:24,17.435,372.40,-116.96
2017-01-30 08:25,17.275,372.40,-117.02
2017-01-30 08:26,17.219,372.40,-117.06
2017-01-30 08:27,17.235,372.40,-117.05
2017-01-30 08:28,17.251,372.40,-117.05
2017-01-30 08:29,17.268,372.40,-117.08
2017-01-30 08:30,17.274,372.40,-117.10
2017-01-30 08:31,17.224,372.40,-117.12
2017-01-30 08:32,17.214,372.40,-117.14
2017-01-30 08:33,17.241,372.40,-117.12
2017-01-30 08:34,17.266,372.40,-117.13
2017-01-30 08:35,17.217,372.40,-117.14
2017-01-30 08:36,17.161,372.40,-117.18
2017-01-30 08:37,17.038,372.40,-117.21
2017-01-30 08:38,16.935,372.40,-117.23
2017-01-30 08:39,16.852,372.40,-117.27
2017-01-30 08:40,16.774,372.40,-117.30
2017-01-30 08:41,16.753,372.40,-117.33
2017-01-30 08:42,16.771,372.40,-117.31
2017-01-30 08:43,16.846,372.40,-117.31
2017-01-30 08:44,16.815,372.40,-117.36
2017-01-30 08:45,16.799,372.40,-117.38
2017-01-30 08:46,16.793,372.40,-117.30
2017-01-30 08:47,16.768,372.40,-117.32
2017-01-30 08:48,16.763,372.40,-117.32
2017-01-30 08:49,16.799,372.40,-117.32
2017-01-30 08:50,16.852,372.40,-117.27
2017-01-30 08:51,16.814,372.40,-117.28
2017-01-30 08:52,16.829,372.40,-117.28
2017-01-30 08:53,16.850,372.40,-117.3
2017-01-30 08:54,16.875,372.40,-117.31
2017-01-30 08:55,16.875,372.40,-117.29
2017-01-30 08:56,16.796,372.40,-117.31
2017-01-30 08:57,16.790,372.40,-117.34
2017-01-30 08:58,16.819,372.40,-117.32
2017-01-30 08:59,16.732,372.40,-117.33
2017-01-30 09:00,16.712,372.40,-117.37
2017-01-30 09:01,16.580,372.40,-117.42
2017-01-30 09:02,16.685,372.40,-117.39
2017-01-30 09:03,16.560,372.40,-117.46
2017-01-30 09:04,16.535,372.40,-117.49
2017-01-30 09:05,16.534,372.40,-117.46
2017-01-30 09:06,16.657,372.40,-117.43
2017-01-30 09:07,16.633,372.40,-117.44
2017-01-30 09:08,16.649,372.40,-117.43
2017-01-30 09:09,16.592,372.40,-117.44
2017-01-30 09:10,16.608,372.40,-117.42
2017-01-30 09:11,16.662,372.40,-117.40
2017-01-30 09:12,16.675,372.40,-117.40
2017-01-30 09:13,16.682,372.40,-117.41
2017-01-30 09:14,16.697,372.40,-117.4
2017-01-30 09:15,16.723,372.40,-117.38
2017-01-30 09:16,16.690,372.40,-117.41
2017-01-30 09:17,16.672,372.40,-117.41
2017-01-30 09:18,16.609,372.40,-117.43
2017-01-30 09:19,16.594,372.40,-117.4
2017-01-30 09:20,16.600,372.40,-117.38
2017-01-30 09:21,16.705,372.40,-117.39
2017-01-30 09:22,16.795,372.40,-117.34
2017-01-30 09:23,16.727,372.40,-117.37
2017-01-30 09:24,16.715,372.40,-117.38
2017-01-30 09:25,16.680,372.40,-117.39
2017-01-30 09:26,16.582,372.40,-117.4
2017-01-30 09:27,16.536,372.40,-117.41
2017-01-30 09:28,16.549,372.40,-117.41
2017-01-30 09:29,16.524,372.40,-117.42
2017-01-30 09:30,16.611,372.40,-117.41
2017-01-30 09:31,16.615,372.40,-117.42
2017-01-30 09:32,16.632,372.40,-117.41
2017-01-30 09:33,16.612,372.40,-117.42
2017-01-30 09:34,16.578,372.40,-117.48
2017-01-30 09:35,16.573,372.40,-117.47
2017-01-30 09:36,16.59,372.40,-117.46
2017-01-30 09:37,16.550,372.40,-117.46
2017-01-30 09:38,16.558,372.40,-117.48
2017-01-30 09:39,16.564,372.40,-117.50
2017-01-30 09:40,16.522,372.40,-117.52
2017-01-30 09:41,16.512,372.40,-117.51
2017-01-30 09:42,16.474,372.40,-117.52
2017-01-30 09:43,16.451,372.40,-117.53
2017-01-30 09:44,16.431,372.40,-117.56
2017-01-30 09:45,16.401,372.40,-117.54
2017-01-30 09:46,16.459,372.40,-117.56
2017-01-30 09:47,16.479,372.40,-117.53
2017-01-30 09:48,16.534,372.40,-117.53
2017-01-30 09:49,16.537,372.40,-117.55
2017-01-30 09:50,16.486,372.40,-117.56
2017-01-30 09:51,16.569,372.40,-117.54
2017-01-30 09:52,16.632,372.40,-117.55
2017-01-30 09:53,16.610,372.40,-117.55
2017-01-30 09:54,16.605,372.40,-117.54
2017-01-30 09:55,16.586,372.40,-117.52
2017-01-30 09:56,16.578,372.40,-117.55
2017-01-30 09:57,16.579,372.40,-117.55
2017-01-30 09:58,16.552,372.40,-117.56
2017-01-30 09:59,16.572,372.40,-117.54
2017-01-30 10:00,16.541,372.40,-117.53
2017-01-30 10:01,16.568,372.40,-117.53
2017-01-30 10:02,16.550,372.40,-117.55
2017-01-30 10:03,16.538,372.40,-117.55
2017-01-30 10:04,16.485,372.40,-117.57
2017-01-30 10:05,16.465,372.40,-117.60
2017-01-30 10:06,16.475,372.40,-117.6
2017-01-30 10:07,16.489,372.40,-117.59
2017-01-30 10:08,16.502,372.40,-117.61
2017-01-30 10:09,16.512,372.40,-117.59
2017-01-30 10:10,16.516,372.40,-117.58
2017-01-30 10:11,16.523,372.40,-117.60
2017-01-30 10:12,16.495,372.40,-117.63
2017-01-30 10:13,16.448,372.40,-117.62
2017-01-30 10:14,16.473,372.40,-117.61
2017-01-30 10:15,16.459,372.40,-117.61
2017-01-30 10:16,16.441,372.40,-117.64
2017-01-30 10:17,16.446,372.40,-117.63
2017-01-30 10:18,16.417,372.40,-117.63
2017-01-30 10:19,16.373,372.40,-117.64
2017-01-30 10:20,16.37,372.40,-117.65
2017-01-30 10:21,16.366,372.40,-117.65
2017-01-30 10:22,16.329,372.40,-117.69
2017-01-30 10:23,16.228,372.40,-117.70
2017-01-30 10:24,16.184,372.40,-117.69
2017-01-30 10:25,16.170,372.40,-117.72
2017-01-30 10:26,16.120,372.40,-117.73
2017-01-30 10:27,16.06,372.40,-117.76
2017-01-30 10:28,16.079,372.40,-117.75
2017-01-30 10:29,16.001,372.40,-117.78
2017-01-30 10:30,15.978,372.40,-117.79
2017-01-30 10:31,15.998,372.40,-117.78
2017-01-30 10:32,15.921,372.40,-117.81
2017-01-30 10:33,15.939,372.40,-117.82
2017-01-30 10:34,15.906,372.40,-117.83
2017-01-30 10:35,15.887,372.40,-117.84
2017-01-30 10:36,15.885,372.40,-117.85
2017-01-30 10:37,15.866,372.40,-117.86
2017-01-30 10:38,15.850,372.40,-117.85
2017-01-30 10:39,15.897,372.40,-117.83
2017-01-30 10:40,16.032,372.40,-117.82
2017-01-30 10:41,16.118,372.40,-117.78
2017-01-30 10:42,16.027,372.40,-117.8
2017-01-30 10:43,16.123,372.40,-117.78
2017-01-30 10:44,16.101,372.40,-117.78
2017-01-30 10:45,16.084,372.40,-117.81
2017-01-30 10:46,16.031,372.40,-117.83
2017-01-30 10:47,16.005,372.40,-117.82
2017-01-30 10:48,15.98,372.40,-117.84
2017-01-30 10:49,15.936,372.40,-117.88
2017-01-30 10:50,16.141,372.40,-117.81
2017-01-30 10:51,16.211,372.40,-117.79
2017-01-30 10:52,16.222,372.40,-117.80
2017-01-30 10:53,16.267,372.40,-117.79
2017-01-30 10:54,16.125,372.40,-117.81
2017-01-30 10:55,16.014,372.40,-117.88
2017-01-30 10:56,15.906,372.40,-117.87
2017-01-30 10:57,16.004,372.40,-117.89
2017-01-30 10:58,16.113,372.40,-117.84
2017-01-30 10:59,16.229,372.40,-117.8
2017-01-30 11:00,16.316,372.40,-117.79
2017-01-30 11:01,16.471,372.40,-117.77
2017-01-30 11:02,16.480,372.40,-117.76
2017-01-30 11:03,16.534,372.40,-117.74
2017-01-30 11:04,16.612,372.40,-117.73
2017-01-30 11:05,16.63,372.40,-117.74
2017-01-30 11:06,16.631,372.40,-117.75
2017-01-30 11:07,16.625,372.40,-117.75
2017-01-30 11:08,16.516,372.40,-117.77
2017-01-30 11:09,16.579,372.40,-117.77
2017-01-30 11:10,16.493,372.40,-117.77
2017-01-30 11:11,16.474,372.40,-117.79
2017-01-30 11:12,16.451,372.40,-117.8
2017-01-30 11:13,16.393,372.40,-117.81
2017-01-30 11:14,16.444,372.40,-117.79
2017-01-30 11:15,16.424,372.40,-117.81
2017-01-30 11:16,16.405,372.40,-117.81
2017-01-30 11:17,16.382,372.40,-117.81
2017-01-30 11:18,16.345,372.40,-117.81
2017-01-30 11:19,16.28,372.40,-117.83
2017-01-30 11:20,16.272,372.40,-117.86
2017-01-30 11:21,16.244,372.40,-117.88
2017-01-30 11:22,16.248,372.40,-117.85
2017-01-30 11:23,16.218,372.40,-117.88
2017-01-30 11:24,16.258,372.40,-117.88
2017-01-30 11:25,16.171,372.40,-117.90
2017-01-30 11:26,16.125,372.40,-117.92
2017-01-30 11:27,16.114,372.40,-117.91
2017-01-30 11:28,16.09,372.40,-117.96
2017-01-30 11:29,16.086,372.40,-117.97
2017-01-30 11:30,16.084,372.40,-117.95
2017-01-30 11:31,16.002,372.40,-117.97
2017-01-30 11:32,15.964,372.40,-117.98
2017-01-30 11:33,15.954,372.40,-117.99
2017-01-30 11:34,15.967,372.40,-117.98
2017-01-30 11:35,15.980,372.40,-117.98
2017-01-30 11:36,15.974,372.40,-118.00
2017-01-30 11:37,15.968,372.40,-117.99
2017-01-30 11:38,15.970,372.40,-118.0
2017-01-30 11:39,15.933,372.40,-118.00
2017-01-30 11:40,15.930,372.40,-118.00
2017-01-30 11:41,15.853,372.40,-118.02
2017-01-30 11:42,15.798,372.40,-118.06
2017-01-30 11:43,15.713,372.40,-118.09
2017-01-30 11:44,15.697,372.40,-118.09
2017-01-30 11:45,15.741,372.40,-118.08
2017-01-30 11:46,15.752,372.40,-118.08
2017-01-30 11:47,15.770,372.40,-118.08
2017-01-30 11:48,15.795,372.40,-118.07
2017-01-30 11:49,15.838,372.40,-118.07
2017-01-30 11:50,15.837,372.40,-118.08
2017-01-30 11:51,15.795,372.40,-118.09
2017-01-30 11:52,15.823,372.40,-118.09
2017-01-30 11:53,15.710,372.40,-118.09
2017-01-30 11:54,15.650,372.40,-118.10
2017-01-30 11:55,15.646,372.40,-118.13
2017-01-30 11:56,15.636,372.40,-118.12
2017-01-30 11:57,15.630,372.40,-118.14
2017-01-30 11:58,15.662,372.40,-118.13
2017-01-30 11:59,15.608,372.40,-118.13
2017-01-30 12:00,15.489,372.40,-118.18
2017-01-30 12:01,15.46,372.40,-118.19
2017-01-30 12:02,15.444,372.40,-118.19
2017-01-30 12:03,15.39,372.40,-118.21
2017-01-30 12:04,15.372,372.40,-118.2
2017-01-30 12:05,15.285,372.40,-118.25
2017-01-30 12:06,15.303,372.40,-118.23
2017-01-30 12:07,15.318,372.40,-118.23
2017-01-30 12:08,15.358,372.40,-118.25
2017-01-30 12:09,15.418,372.40,-118.22
2017-01-30 12:10,15.368,372.40,-118.24
2017-01-30 12:11,15.323,372.40,-118.23
2017-01-30 12:12,15.372,372.40,-118.25
2017-01-30 12:13,15.395,372.40,-118.23
2017-01-30 12:14,15.407,372.40,-118.24
2017-01-30 12:15,15.405,372.40,-118.22
2017-01-30 12:16,15.432,372.40,-118.25
2017-01-30 12:17,15.43,372.40,-118.23
2017-01-30 12:18,15.455,372.40,-118.25
2017-01-30 12:19,15.392,372.40,-118.28
2017-01-30 12:20,15.382,372.40,-118.26
2017-01-30 12:21,15.353,372.40,-118.28
2017-01-30 12:22,15.332,372.40,-118.30
2017-01-30 12:23,15.311,372.40,-118.28
2017-01-30 12:24,15.283,372.40,-118.29
2017-01-30 12:25,15.288,372.40,-118.30
2017-01-30 12:26,15.274,372.40,-118.30
2017-01-30 12:27,15.243,372.40,-118.32
2017-01-30 12:28,15.233,372.40,-118.33
2017-01-30 12:29,15.235,372.40,-118.32
2017-01-30 12:30,15.220,372.40,-118.32
2017-01-30 12:31,15.228,372.40,-118.35
2017-01-30 12:32,15.26,372.40,-118.35
2017-01-30 12:33,15.255,372.40,-118.35
2017-01-30 12:34,15.194,372.40,-118.38
2017-01-30 12:35,15.094,372.40,-118.39
2017-01-30 12:36,14.949,372.40,-118.42
2017-01-30 12:37,14.851,372.40,-118.45
2017-01-30 12:38,14.735,372.40,-118.49
2017-01-30 12:39,14.662,372.40,-118.5
2017-01-30 12:40,14.593,372.40,-118.52
2017-01-30 12:41,14.512,372.40,-118.53
2017-01-30 12:42,14.512,372.40,-118.56
2017-01-30 12:43,14.547,372.40,-118.56
2017-01-30 12:44,14.514,372.40,-118.54
2017-01-30 12:45,14.445,372.40,-118.58
2017-01-30 12:46,14.478,372.40,-118.57
2017-01-30 12:47,14.417,372.40,-118.59
2017-01-30 12:48,14.309,372.40,-118.62
2017-01-30 12:49,14.198,372.40,-118.63
2017-01-30 12:50,14.154,372.40,-118.64
2017-01-30 12:51,14.141,372.40,-118.66
2017-01-30 12:52,14.031,372.40,-118.69
2017-01-30 12:53,13.963,372.40,-118.70
2017-01-30 12:54,13.923,372.40,-118.71
2017-01-30 12:55,13.879,372.40,-118.72
2017-01-30 12:56,13.868,372.40,-118.72
2017-01-30 12:57,13.855,372.40,-118.73
2017-01-30 12:58,13.74,372.40,-118.77
2017-01-30 12:59,13.561,372.40,-118.79
2017-01-30 13:00,13.412,372.40,-118.83
2017-01-30 13:01,13.353,372.40,-118.84
2017-01-30 13:02,13.295,372.40,-118.88
2017-01-30 13:03,13.256,372.40,-118.88
2017-01-30 13:04,13.204,372.40,-118.90
2017-01-30 13:05,13.172,372.40,-118.89
2017-01-30 13:06,13.163,372.40,-118.90
2017-01-30 13:07,13.142,372.40,-118.92
2017-01-30 13:08,13.152,372.40,-118.92
2017-01-30 13:09,13.20,372.40,-118.90
2017-01-30 13:10,13.242,372.40,-118.90
2017-01-30 13:11,13.307,372.40,-118.89
2017-01-30 13:12,13.32,372.40,-118.87
2017-01-30 13:13,13.343,372.40,-118.89
2017-01-30 13:14,13.393,372.40,-118.87
2017-01-30 13:15,13.468,372.40,-118.87
2017-01-30 13:16,13.550,372.40,-118.82
2017-01-30 13:17,13.532,372.40,-118.84
2017-01-30 13:18,13.56,372.40,-118.88
2017-01-30 13:19,13.562,372.40,-118.84
2017-01-30 13:20,13.512,372.40,-118.86
2017-01-30 13:21,13.47,372.40,-118.88
2017-01-30 13:22,13.398,372.40,-118.90
2017-01-30 13:23,13.335,372.40,-118.92
2017-01-30 13:24,13.287,372.40,-118.91
2017-01-30 13:25,13.287,372.40,-118.91
2017-01-30 13:26,13.279,372.40,-118.94
2017-01-30 13:27,13.381,372.40,-118.90
2017-01-30 13:28,13.317,372.40,-118.91
2017-01-30 13:29,13.328,372.40,-118.92
2017-01-30 13:30,13.274,372.40,-118.94
2017-01-30 13:31,13.298,372.40,-118.91
2017-01-30 13:32,13.244,372.40,-118.93
2017-01-30 13:33,13.245,372.40,-118.95
2017-01-30 13:34,13.204,372.40,-118.97
2017-01-30 13:35,13.297,372.40,-118.92
2017-01-30 13:36,13.309,372.40,-118.94
2017-01-30 13:37,13.320,372.40,-118.94
2017-01-30 13:38,13.330,372.40,-118.92
2017-01-30 13:39,13.297,372.40,-118.93
2017-01-30 13:40,13.252,372.40,-118.94
2017-01-30 13:41,13.202,372.40,-118.96
2017-01-30 13:42,13.142,372.40,-118.99
2017-01-30 13:43,13.12,372.40,-119.0
2017-01-30 13:44,13.110,372.40,-118.99
2017-01-30 13:45,13.058,372.40,-118.98
2017-01-30 13:46,13.065,372.40,-119.00
2017-01-30 13:47,13.090,372.40,-118.99
2017-01-30 13:48,13.075,372.40,-118.99
2017-01-30 13:49,13.070,372.40,-119.0
2017-01-30 13:50,13.098,372.40,-119.0
2017-01-30 13:51,13.116,372.40,-118.99
2017-01-30 13:52,13.117,372.40,-119.0
2017-01-30 13:53,13.057,372.40,-118.99
2017-01-30 13:54,13.005,372.40,-119.01
2017-01-30 13:55,13.07,372.40,-119.00
2017-01-30 13:56,13.078,372.40,-118.99
2017-01-30 13:57,13.10,372.40,-119.0
2017-01-30 13:58,13.167,372.40,-118.98
2017-01-30 13:59,13.158,372.40,-119.00
2017-01-30 14:00,13.198,372.40,-118.99
2017-01-30 14:01,13.156,372.40,-118.99
2017-01-30 14:02,13.113,372.40,-119.0
2017-01-30 14:03,13.068,372.40,-119.01
2017-01-30 14:04,13.028,372.40,-119.01
2017-01-30 14:05,13.058,372.40,-119.01
2017-01-30 14:06,13.027,372.40,-119.02
2017-01-30 14:07,13.016,372.40,-119.02
2017-01-30 14:08,13.064,372.40,-119.02
2017-01-30 14:09,13.075,372.40,-119.02
2017-01-30 14:10,13.093,372.40,-118.99
2017-01-30 14:11,13.083,372.40,-119.0
2017-01-30 14:12,13.073,372.40,-119.02
2017-01-30 14:13,13.068,372.40,-119.0
2017-01-30 14:14,13.103,372.40,-119.02
2017-01-30 14:15,13.102,372.40,-119.02
2017-01-30 14:16,13.079,372.40,-119.0
2017-01-30 14:17,13.080,372.40,-119.00
2017-01-30 14:18,13.095,372.40,-119.00
2017-01-30 14:19,13.058,372.40,-119.0
2017-01-30 14:20,13.016,372.40,-119.00
2017-01-30 14:21,12.961,372.40,-119.01
2017-01-30 14:22,12.899,372.40,-119.01
2017-01-30 14:23,12.797,372.40,-119.05
2017-01-30 14:24,12.829,372.40,-119.03
2017-01-30 14:25,12.709,372.40,-119.07
2017-01-30 14:26,12.714,372.40,-119.09
2017-01-30 14:27,12.642,372.40,-119.09
2017-01-30 14:28,12.619,372.40,-119.1
2017-01-30 14:29,12.568,372.40,-119.09
2017-01-30 14:30,12.587,372.40,-119.11
2017-01-30 14:31,12.522,372.40,-119.10
2017-01-30 14:32,12.503,372.40,-119.13
2017-01-30 14:33,12.573,372.40,-119.12
2017-01-30 14:34,12.549,372.40,-119.10
2017-01-30 14:35,12.607,372.40,-119.1
2017-01-30 14:36,12.615,372.40,-119.08
2017-01-30 14:37,12.604,372.40,-119.09
2017-01-30 14:38,12.593,372.40,-119.07
2017-01-30 14:39,12.611,372.40,-119.10
2017-01-30 14:40,12.751,372.40,-119.05
2017-01-30 14:41,12.743,372.40,-119.05
2017-01-30 14:42,12.762,372.40,-119.04
2017-01-30 14:43,12.829,372.40,-119.03
2017-01-30 14:44,12.851,372.40,-119.05
2017-01-30 14:45,12.871,372.40,-119.03
2017-01-30 14:46,12.962,372.40,-119.0
2017-01-30 14:47,12.893,372.40,-119.03
2017-01-30 14:48,12.919,372.40,-119.04
2017-01-30 14:49,12.948,372.40,-119.01
2017-01-30 14:50,12.941,372.40,-119.01
2017-01-30 14:51,12.923,372.40,-119.02
2017-01-30 14:52,12.967,372.40,-119.00
2017-01-30 14:53,13.055,372.40,-119.00
2017-01-30 14:54,13.056,372.40,-119.01
2017-01-30 14:55,13.066,372.40,-118.99
2017-01-30 14:56,13.082,372.40,-119.0
2017-01-30 14:57,13.062,372.40,-119.0
2017-01-30 14:58,13.019,372.40,-119.00
2017-01-30 14:59,13.034,372.40,-119.00
2017-01-30 15:00,12.908,372.40,-119.02
2017-01-30 15:01,12.957,372.40,-119.01
2017-01-30 15:02,12.871,372.40,-119.02
2017-01-30 15:03,12.917,372.40,-119.02
2017-01-30 15:04,12.845,372.40,-119.04
2017-01-30 15:05,12.816,372.40,-119.07
2017-01-30 15:06,12.722,372.40,-119.08
2017-01-30 15:07,12.688,372.40,-119.07
2017-01-30 15:08,12.591,372.40,-119.09
2017-01-30 15:09,12.572,372.40,-119.1
2017-01-30 15:10,12.508,372.40,-119.12
2017-01-30 15:11,12.508,372.40,-119.11
2017-01-30 15:12,12.430,372.40,-119.14
2017-01-30 15:13,12.415,372.40,-119.14
2017-01-30 15:14,12.37,372.40,-119.15
2017-01-30 15:15,12.362,372.40,-119.15
2017-01-30 15:16,12.33,372.40,-119.16
2017-01-30 15:17,12.380,372.40,-119.13
2017-01-30 15:18,12.459,372.40,-119.10
2017-01-30 15:19,12.522,372.40,-119.1
2017-01-30 15:20,12.611,372.40,-119.08
2017-01-30 15:21,12.679,372.40,-119.08
2017-01-30 15:22,12.760,372.40,-119.03
2017-01-30 15:23,12.769,372.40,-119.05
2017-01-30 15:24,12.791,372.40,-119.03
2017-01-30 15:25,12.824,372.40,-119.03
2017-01-30 15:26,12.853,372.40,-119.01
2017-01-30 15:27,12.853,372.40,-119.01
2017-01-30 15:28,12.933,372.40,-118.99
2017-01-30 15:29,13.00,372.40,-118.98
2017-01-30 15:30,13.098,372.40,-118.96
2017-01-30 15:31,13.170,372.40,-118.93
2017-01-30 15:32,13.215,372.40,-118.91
2017-01-30 15:33,13.249,372.40,-118.90
2017-01-30 15:34,13.296,372.40,-118.90
2017-01-30 15:35,13.304,372.40,-118.88
2017-01-30 15:36,13.302,372.40,-118.90
2017-01-30 15:37,13.287,372.40,-118.89
2017-01-30 15:38,13.258,372.40,-118.89
2017-01-30 15:39,13.236,372.40,-118.92
2017-01-30 15:40,13.182,372.40,-118.91
2017-01-30 15:41,13.171,372.40,-118.93
2017-01-30 15:42,13.134,372.40,-118.93
2017-01-30 15:43,13.140,372.40,-118.91
2017-01-30 15:44,13.165,372.40,-118.93
2017-01-30 15:45,13.214,372.40,-118.9
2017-01-30 15:46,13.239,372.40,-118.89
2017-01-30 15:47,13.188,372.40,-118.92
2017-01-30 15:48,13.176,372.40,-118.90
2017-01-30 15:49,13.148,372.40,-118.91
2017-01-30 15:50,13.199,372.40,-118.9
2017-01-30 15:51,13.137,372.40,-118.89
2017-01-30 15:52,13.183,372.40,-118.90
2017-01-30 15:53,13.101,372.40,-118.90
2017-01-30 15:54,13.088,372.40,-118.92
2017-01-30 15:55,13.132,372.40,-118.93
2017-01-30 15:56,13.122,372.40,-118.91
2017-01-30 15:57,13.014,372.40,-118.96
2017-01-30 15:58,13.027,372.40,-118.97
2017-01-30 15:59,13.029,372.40,-118.93
2017-01-30 16:00,13.085,372.40,-118.92
2017-01-30 16:01,13.128,372.40,-118.9
2017-01-30 16:02,13.123,372.40,-118.9
2017-01-30 16:03,13.133,372.40,-118.90
2017-01-30 16:04,13.162,372.40,-118.89
2017-01-30 16:05,13.126,372.40,-118.90
2017-01-30 16:06,13.180,372.40,-118.89
2017-01-30 16:07,13.255,372.40,-118.89
2017-01-30 16:08,13.298,372.40,-118.88
2017-01-30 16:09,13.357,372.40,-118.87
2017-01-30 16:10,13.399,372.40,-118.86
2017-01-30 16:11,13.485,372.40,-118.81
2017-01-30 16:12,13.539,372.40,-118.81
2017-01-30 16:13,13.553,372.40,-118.8
2017-01-30 16:14,13.584,372.40,-118.79
2017-01-30 16:15,13.603,372.40,-118.8
2017-01-30 16:16,13.634,372.40,-118.79
2017-01-30 16:17,13.658,372.40,-118.79
2017-01-30 16:18,13.674,372.40,-118.78
2017-01-30 16:19,13.687,372.40,-118.79
2017-01-30 16:20,13.653,372.40,-118.78
2017-01-30 16:21,13.649,372.40,-118.76
2017-01-30 16:22,13.690,372.40,-118.75
2017-01-30 16:23,13.812,372.40,-118.73
2017-01-30 16:24,13.801,372.40,-118.72
2017-01-30 16:25,13.823,372.40,-118.73
2017-01-30 16:26,13.881,372.40,-118.70
2017-01-30 16:27,13.887,372.40,-118.7
2017-01-30 16:28,13.877,372.40,-118.72
2017-01-30 16:29,13.833,372.40,-118.71
2017-01-30 16:30,13.835,372.40,-118.72
2017-01-30 16:31,13.829,372.40,-118.71
2017-01-30 16:32,13.824,372.40,-118.70
2017-01-30 16:33,13.855,372.40,-118.72
2017-01-30 16:34,13.868,372.40,-118.70
2017-01-30 16:35,13.829,372.40,-118.70
2017-01-30 16:36,13.855,372.40,-118.70
2017-01-30 16:37,13.867,372.40,-118.7
2017-01-30 16:38,13.898,372.40,-118.7
2017-01-30 16:39,13.845,372.40,-118.71
2017-01-30 16:40,13.844,372.40,-118.70
2017-01-30 16:41,13.826,372.40,-118.70
2017-01-30 16:42,13.821,372.40,-118.72
2017-01-30 16:43,13.782,372.40,-118.71
2017-01-30 16:44,13.737,372.40,-118.71
2017-01-30 16:45,13.714,372.40,-118.72
2017-01-30 16:46,13.689,372.40,-118.72
2017-01-30 16:47,13.656,372.40,-118.76
2017-01-30 16:48,13.654,372.40,-118.73
2017-01-30 16:49,13.632,372.40,-118.73
2017-01-30 16:50,13.695,372.40,-118.72
2017-01-30 16:51,13.687,372.40,-118.71
2017-01-30 16:52,13.670,372.40,-118.70
2017-01-30 16:53,13.684,372.40,-118.71
2017-01-30 16:54,13.660,372.40,-118.72
2017-01-30 16:55,13.694,372.40,-118.71
2017-01-30 16:56,13.683,372.40,-118.70
2017-01-30 16:57,13.729,372.40,-118.71
2017-01-30 16:58,13.757,372.40,-118.69
2017-01-30 16:59,13.783,372.40,-118.7
2017-01-30 17:00,13.748,372.40,-118.68
2017-01-30 17:01,13.713,372.40,-118.70
2017-01-30 17:02,13.752,372.40,-118.7
2017-01-30 17:03,13.725,372.40,-118.7
2017-01-30 17:04,13.768,372.40,-118.7
2017-01-30 17:05,13.721,372.40,-118.70
2017-01-30 17:06,13.703,372.40,-118.70
2017-01-30 17:07,13.711,372.40,-118.72
2017-01-30 17:08,13.693,372.40,-118.69
2017-01-30 17:09,13.694,372.40,-118.69
2017-01-30 17:10,13.724,372.40,-118.68
2017-01-30 17:11,13.693,372.40,-118.69
2017-01-30 17:12,13.750,372.40,-118.67
2017-01-30 17:13,13.723,372.40,-118.68
2017-01-30 17:14,13.716,372.40,-118.69
2017-01-30 17:15,13.664,372.40,-118.69
2017-01-30 17:16,13.656,372.40,-118.68
2017-01-30 17:17,13.650,372.40,-118.69
2017-01-30 17:18,13.661,372.40,-118.67
2017-01-30 17:19,13.662,372.40,-118.67
2017-01-30 17:20,13.663,372.40,-118.66
2017-01-30 17:21,13.622,372.40,-118.67
2017-01-30 17:22,13.623,372.40,-118.65
2017-01-30 17:23,13.634,372.40,-118.66
2017-01-30 17:24,13.701,372.40,-118.62
2017-01-30 17:25,13.707,372.40,-118.62
2017-01-30 17:26,13.697,372.40,-118.61
2017-01-30 17:27,13.671,372.40,-118.62
2017-01-30 17:28,13.673,372.40,-118.60
2017-01-30 17:29,13.632,372.40,-118.6
2017-01-30 17:30,13.631,372.40,-118.62
2017-01-30 17:31,13.588,372.40,-118.62
2017-01-30 17:32,13.575,372.40,-118.61
2017-01-30 17:33,13.632,372.40,-118.6
2017-01-30 17:34,13.627,372.40,-118.6
2017-01-30 17:35,13.594,372.40,-118.61
2017-01-30 17:36,13.636,372.40,-118.58
2017-01-30 17:37,13.652,372.40,-118.59
2017-01-30 17:38,13.640,372.40,-118.58
2017-01-30 17:39,13.694,372.40,-118.57
2017-01-30 17:40,13.678,372.40,-118.56
2017-01-30 17:41,13.747,372.40,-118.56
2017-01-30 17:42,13.763,372.40,-118.53
2017-01-30 17:43,13.737,372.40,-118.53
2017-01-30 17:44,13.801,372.40,-118.51
2017-01-30 17:45,13.834,372.40,-118.5
2017-01-30 17:46,13.793,372.40,-118.51
2017-01-30 17:47,13.813,372.40,-118.50
2017-01-30 17:48,13.807,372.40,-118.49
2017-01-30 17:49,13.878,372.40,-118.47
2017-01-30 17:50,13.879,372.40,-118.49
2017-01-30 17:51,13.874,372.40,-118.49
2017-01-30 17:52,13.869,372.40,-118.49
2017-01-30 17:53,13.894,372.40,-118.48
2017-01-30 17:54,13.903,372.40,-118.46
2017-01-30 17:55,13.898,372.40,-118.47
2017-01-30 17:56,13.952,372.40,-118.46
2017-01-30 17:57,13.981,372.40,-118.44
2017-01-30 17:58,14.019,372.40,-118.43
2017-01-30 17:59,14.01,372.40,-118.44
2017-01-30 18:00,14.042,372.40,-118.42
2017-01-30 18:01,14.076,372.40,-118.41
2017-01-30 18:02,14.095,372.40,-118.38
2017-01-30 18:03,14.082,372.40,-118.4
2017-01-30 18:04,14.075,372.40,-118.39
2017-01-30 18:05,14.077,372.40,-118.40
2017-01-30 18:06,14.098,372.40,-118.38
2017-01-30 18:07,14.144,372.40,-118.38
2017-01-30 18:08,14.127,372.40,-118.38
2017-01-30 18:09,14.179,372.40,-118.34
2017-01-30 18:10,14.162,372.40,-118.36
2017-01-30 18:11,14.157,372.40,-118.38
2017-01-30 18:12,14.185,372.40,-118.38
2017-01-30 18:13,14.187,372.40,-118.35
2017-01-30 18:14,14.203,372.40,-118.36
2017-01-30 18:15,14.191,372.40,-118.33
2017-01-30 18:16,14.214,372.40,-118.31
2017-01-30 18:17,14.237,372.40,-118.32
2017-01-30 18:18,14.255,372.40,-118.32
2017-01-30 18:19,14.286,372.40,-118.32
2017-01-30 18:20,14.262,372.40,-118.30
2017-01-30 18:21,14.298,372.40,-118.30
2017-01-30 18:22,14.32,372.40,-118.3
2017-01-30 18:23,14.342,372.40,-118.30
2017-01-30 18:24,14.365,372.40,-118.28
2017-01-30 18:25,14.361,372.40,-118.28
2017-01-30 18:26,14.387,372.40,-118.26
2017-01-30 18:27,14.42,372.40,-118.25
2017-01-30 18:28,14.425,372.40,-118.25
2017-01-30 18:29,14.473,372.40,-118.23
2017-01-30 18:30,14.527,372.40,-118.21
2017-01-30 18:31,14.585,372.40,-118.22
2017-01-30 18:32,14.700,372.40,-118.15
2017-01-30 18:33,14.845,372.40,-118.12
2017-01-30 18:34,14.682,372.40,-118.17
2017-01-30 18:35,14.683,372.40,-118.18
2017-01-30 18:36,14.687,372.40,-118.16
2017-01-30 18:37,14.698,372.40,-118.14
2017-01-30 18:38,14.716,372.40,-118.15
2017-01-30 18:39,14.748,372.40,-118.13
2017-01-30 18:40,14.766,372.40,-118.12
2017-01-30 18:41,14.788,372.40,-118.10
2017-01-30 18:42,14.792,372.40,-118.11
2017-01-30 18:43,14.871,372.40,-118.10
2017-01-30 18:44,14.847,372.40,-118.09
2017-01-30 18:45,14.894,372.40,-118.07
2017-01-30 18:46,14.919,372.40,-118.08
2017-01-30 18:47,14.918,372.40,-118.09
2017-01-30 18:48,14.925,372.40,-118.08
2017-01-30 18:49,14.865,372.40,-118.09
2017-01-30 18:50,14.848,372.40,-118.1
2017-01-30 18:51,14.881,372.40,-118.05
2017-01-30 18:52,14.96,372.40,-118.05
2017-01-30 18:53,14.938,372.40,-118.04
2017-01-30 18:54,14.959,372.40,-118.05
2017-01-30 18:55,14.913,372.40,-118.03
2017-01-30 18:56,14.949,372.40,-118.04
2017-01-30 18:57,15.024,372.40,-118.03
2017-01-30 18:58,15.051,372.40,-117.99
2017-01-30 18:59,15.062,372.40,-117.99
2017-01-30 19:00,15.05,372.40,-118.0
2017-01-30 19:01,15.075,372.40,-118.01
2017-01-30 19:02,15.061,372.40,-118.0
2017-01-30 19:03,15.133,372.40,-117.97
2017-01-30 19:04,15.050,372.40,-118.0
2017-01-30 19:05,15.095,372.40,-117.98
2017-01-30 19:06,15.117,372.40,-117.95
2017-01-30 19:07,15.165,372.40,-117.97
2017-01-30 19:08,15.072,372.40,-117.98
2017-01-30 19:09,15.165,372.40,-117.92
2017-01-30 19:10,15.096,372.40,-117.96
2017-01-30 19:11,15.153,372.40,-117.93
2017-01-30 19:12,15.207,372.40,-117.92
2017-01-30 19:13,15.17,372.40,-117.92
2017-01-30 19:14,15.172,372.40,-117.92
2017-01-30 19:15,15.202,372.40,-117.89
2017-01-30 19:16,15.161,372.40,-117.92
2017-01-30 19:17,15.165,372.40,-117.92
2017-01-30 19:18,15.170,372.40,-117.89
2017-01-30 19:19,15.110,372.40,-117.91
2017-01-30 19:20,15.168,372.40,-117.89
2017-01-30 19:21,15.172,372.40,-117.9
2017-01-30 19:22,15.202,372.40,-117.88
2017-01-30 19:23,15.232,372.40,-117.86
2017-01-30 19:24,15.298,372.40,-117.87
2017-01-30 19:25,15.295,372.40,-117.85
2017-01-30 19:26,15.318,372.40,-117.84
2017-01-30 19:27,15.307,372.40,-117.82
2017-01-30 19:28,15.348,372.40,-117.83
2017-01-30 19:29,15.382,372.40,-117.82
2017-01-30 19:30,15.445,372.40,-117.79
2017-01-30 19:31,15.575,372.40,-117.77
2017-01-30 19:32,15.480,372.40,-117.79
2017-01-30 19:33,15.479,372.40,-117.78
2017-01-30 19:34,15.505,372.40,-117.76
2017-01-30 19:35,15.488,372.40,-117.76
2017-01-30 19:36,15.490,372.40,-117.75
2017-01-30 19:37,15.512,372.40,-117.73
2017-01-30 19:38,15.510,372.40,-117.72
2017-01-30 19:39,15.533,372.40,-117.71
2017-01-30 19:40,15.563,372.40,-117.71
2017-01-30 19:41,15.575,372.40,-117.72
2017-01-30 19:42,15.553,372.40,-117.70
2017-01-30 19:43,15.586,372.40,-117.71
2017-01-30 19:44,15.644,372.40,-117.7
2017-01-30 19:45,15.661,372.40,-117.67
2017-01-30 19:46,15.656,372.40,-117.67
2017-01-30 19:47,15.733,372.40,-117.66
2017-01-30 19:48,15.690,372.40,-117.65
2017-01-30 19:49,15.76,372.40,-117.64
2017-01-30 19:50,15.793,372.40,-117.62
2017-01-30 19:51,15.887,372.40,-117.62
2017-01-30 19:52,15.846,372.40,-117.63
2017-01-30 19:53,15.985,372.40,-117.56
2017-01-30 19:54,15.917,372.40,-117.58
2017-01-30 19:55,16.073,372.40,-117.53
2017-01-30 19:56,16.00,372.40,-117.56
2017-01-30 19:57,15.998,372.40,-117.55
2017-01-30 19:58,16.036,372.40,-117.52
2017-01-30 19:59,16.054,372.40,-117.51
2017-01-30 20:00,16.015,372.40,-117.52
2017-01-30 20:01,15.925,372.40,-117.54
2017-01-30 20:02,15.912,372.40,-117.53
2017-01-30 20:03,15.885,372.40,-117.57
2017-01-30 20:04,15.939,372.40,-117.53
2017-01-30 20:05,15.891,372.40,-117.53
2017-01-30 20:06,15.878,372.40,-117.52
2017-01-30 20:07,15.916,372.40,-117.51
2017-01-30 20:08,16.017,372.40,-117.48
2017-01-30 20:09,16.018,372.40,-117.48
2017-01-30 20:10,16.121,372.40,-117.46
2017-01-30 20:11,16.129,372.40,-117.45
2017-01-30 20:12,16.162,372.40,-117.41
2017-01-30 20:13,16.131,372.40,-117.39
2017-01-30 20:14,16.089,372.40,-117.42
2017-01-30 20:15,16.183,372.40,-117.37
2017-01-30 20:16,16.215,372.40,-117.37
2017-01-30 20:17,16.210,372.40,-117.34
2017-01-30 20:18,16.269,372.40,-117.34
2017-01-30 20:19,16.226,372.40,-117.33
2017-01-30 20:20,16.271,372.40,-117.3
2017-01-30 20:21,16.241,372.40,-117.30
2017-01-30 20:22,16.261,372.40,-117.3
2017-01-30 20:23,16.278,372.40,-117.28
2017-01-30 20:24,16.269,372.40,-117.28
2017-01-30 20:25,16.357,372.40,-117.22
2017-01-30 20:26,16.388,372.40,-117.2
2017-01-30 20:27,16.355,372.40,-117.21
2017-01-30 20:28,16.323,372.40,-117.20
2017-01-30 20:29,16.365,372.40,-117.19
2017-01-30 20:30,16.365,372.40,-117.18
2017-01-30 20:31,16.358,372.40,-117.2
2017-01-30 20:32,16.358,372.40,-117.19
2017-01-30 20:33,16.403,372.40,-117.17
2017-01-30 20:34,16.390,372.40,-117.15
2017-01-30 20:35,16.406,372.40,-117.12
2017-01-30 20:36,16.362,372.40,-117.14
2017-01-30 20:37,16.332,372.40,-117.12
2017-01-30 20:38,16.349,372.40,-117.12
2017-01-30 20:39,16.313,372.40,-117.10
2017-01-30 20:40,16.270,372.40,-117.11
2017-01-30 20:41,16.328,372.40,-117.11
2017-01-30 20:42,16.388,372.40,-117.08
2017-01-30 20:43,16.384,372.40,-117.07
2017-01-30 20:44,16.395,372.40,-117.05
2017-01-30 20:45,16.388,372.40,-117.05
2017-01-30 20:46,16.397,372.40,-117.01
2017-01-30 20:47,16.390,372.40,-117.01
2017-01-30 20:48,16.415,372.40,-116.98
2017-01-30 20:49,16.399,372.40,-117.0
2017-01-30 20:50,16.443,372.40,-116.98
2017-01-30 20:51,16.432,372.40,-116.98
2017-01-30 20:52,16.449,372.40,-116.95
2017-01-30 20:53,16.465,372.40,-116.95
2017-01-30 20:54,16.451,372.40,-116.91
2017-01-30 20:55,16.432,372.40,-116.92
2017-01-30 20:56,16.469,372.40,-116.89
2017-01-30 20:57,16.515,372.40,-116.88
2017-01-30 20:58,16.545,372.40,-116.87
2017-01-30 20:59,16.557,372.40,-116.85
2017-01-30 21:00,16.630,372.40,-116.82
2017-01-30 21:01,16.622,372.40,-116.8
2017-01-30 21:02,16.402,372.40,-116.82
2017-01-30 21:03,16.388,372.40,-116.81
2017-01-30 21:04,16.471,372.40,-116.83
2017-01-30 21:05,16.677,372.40,-116.77
2017-01-30 21:06,16.636,372.40,-116.77
2017-01-30 21:07,16.621,372.40,-116.76
2017-01-30 21:08,16.580,372.40,-116.78
2017-01-30 21:09,16.553,372.40,-116.78
2017-01-30 21:10,16.522,372.40,-116.74
2017-01-30 21:11,16.586,372.40,-116.72
2017-01-30 21:12,16.533,372.40,-116.75
2017-01-30 21:13,16.496,372.40,-116.72
2017-01-30 21:14,16.437,372.40,-116.72
2017-01-30 21:15,16.485,372.40,-116.69
2017-01-30 21:16,16.472,372.40,-116.7
2017-01-30 21:17,16.50,372.40,-116.68
2017-01-30 21:18,16.617,372.40,-116.62
2017-01-30 21:19,16.768,372.40,-116.60
2017-01-30 21:20,16.757,372.40,-116.59
2017-01-30 21:21,16.761,372.40,-116.61
2017-01-30 21:22,16.906,372.40,-116.56
2017-01-30 21:23,16.976,372.40,-116.52
2017-01-30 21:24,17.008,372.40,-116.51
2017-01-30 21:25,16.922,372.40,-116.50
2017-01-30 21:26,16.785,372.40,-116.53
2017-01-30 21:27,16.82,372.40,-116.51
2017-01-30 21:28,16.783,372.40,-116.50
2017-01-30 21:29,16.768,372.40,-116.50
2017-01-30 21:30,16.723,372.40,-116.52
2017-01-30 21:31,16.629,372.40,-116.50
2017-01-30 21:32,16.595,372.40,-116.50
2017-01-30 21:33,16.543,372.40,-116.51
2017-01-30 21:34,16.485,372.40,-116.52
2017-01-30 21:35,16.416,372.40,-116.51
2017-01-30 21:36,16.377,372.40,-116.55
2017-01-30 21:37,16.391,372.40,-116.51
2017-01-30 21:38,16.421,372.40,-116.50
2017-01-30 21:39,16.439,372.40,-116.5
2017-01-30 21:40,16.51,372.40,-116.46
2017-01-30 21:41,16.458,372.40,-116.46
2017-01-30 21:42,16.476,372.40,-116.44
2017-01-30 21:43,16.524,372.40,-116.42
2017-01-30 21:44,16.590,372.40,-116.40
2017-01-30 21:45,16.600,372.40,-116.38
2017-01-30 21:46,16.615,372.40,-116.37
2017-01-30 21:47,16.755,372.40,-116.3
2017-01-30 21:48,16.695,372.40,-116.29
2017-01-30 21:49,16.716,372.40,-116.28
2017-01-30 21:50,16.664,372.40,-116.30
2017-01-30 21:51,16.654,372.40,-116.26
2017-01-30 21:52,16.674,372.40,-116.26
2017-01-30 21:53,16.684,372.40,-116.2
2017-01-30 21:54,16.776,372.40,-116.21
2017-01-30 21:55,16.697,372.40,-116.20
2017-01-30 21:56,16.713,372.40,-116.19
2017-01-30 21:57,16.655,372.40,-116.19
2017-01-30 21:58,16.707,372.40,-116.2
2017-01-30 21:59,16.780,372.40,-116.18
2017-01-30 22:00,16.907,372.40,-116.13
2017-01-30 22:01,16.973,372.40,-116.11
2017-01-30 22:02,17.091,372.40,-116.08
2017-01-30 22:03,17.125,372.40,-116.05
2017-01-30 22:04,17.18,372.40,-116.02
2017-01-30 22:05,17.168,372.40,-116.0
2017-01-30 22:06,17.198,372.40,-115.99
2017-01-30 22:07,17.202,372.40,-115.98
2017-01-30 22:08,17.194,372.40,-115.98
2017-01-30 22:09,17.188,372.40,-115.96
2017-01-30 22:10,17.165,372.40,-115.96
2017-01-30 22:11,17.172,372.40,-115.93
2017-01-30 22:12,17.184,372.40,-115.90
2017-01-30 22:13,17.143,372.40,-115.9
2017-01-30 22:14,17.114,372.40,-115.88
2017-01-30 22:15,17.144,372.40,-115.84
2017-01-30 22:16,17.215,372.40,-115.82
2017-01-30 22:17,17.265,372.40,-115.81
2017-01-30 22:18,17.342,372.40,-115.78
2017-01-30 22:19,17.326,372.40,-115.78
2017-01-30 22:20,17.363,372.40,-115.77
2017-01-30 22:21,17.360,372.40,-115.75
2017-01-30 22:22,17.458,372.40,-115.70
2017-01-30 22:23,17.440,372.40,-115.72
2017-01-30 22:24,17.595,372.40,-115.61
2017-01-30 22:25,17.65,372.40,-115.60
2017-01-30 22:26,17.669,372.40,-115.59
2017-01-30 22:27,17.641,372.40,-115.58
2017-01-30 22:28,17.642,372.40,-115.6
2017-01-30 22:29,17.663,372.40,-115.6
2017-01-30 22:30,17.639,372.40,-115.57
2017-01-30 22:31,17.652,372.40,-115.58
2017-01-30 22:32,17.621,372.40,-115.59
2017-01-30 22:33,17.589,372.40,-115.57
2017-01-30 22:34,17.654,372.40,-115.54
2017-01-30 22:35,17.698,372.40,-115.5
2017-01-30 22:36,17.656,372.40,-115.5
2017-01-30 22:37,17.721,372.40,-115.45
2017-01-30 22:38,17.733,372.40,-115.42
2017-01-30 22:39,17.749,372.40,-115.40
2017-01-30 22:40,17.778,372.40,-115.37
2017-01-30 22:41,17.732,372.40,-115.4
2017-01-30 22:42,17.702,372.40,-115.38
2017-01-30 22:43,17.889,372.40,-115.33
2017-01-30 22:44,18.063,372.40,-115.26
2017-01-30 22:45,17.976,372.40,-115.28
2017-01-30 22:46,17.955,372.40,-115.28
2017-01-30 22:47,17.833,372.40,-115.28
2017-01-30 22:48,17.888,372.40,-115.24
2017-01-30 22:49,18.013,372.40,-115.20
2017-01-30 22:50,17.917,372.40,-115.23
2017-01-30 22:51,17.947,372.40,-115.2
2017-01-30 22:52,18.156,372.40,-115.14
2017-01-30 22:53,18.227,372.40,-115.12
2017-01-30 22:54,18.382,372.40,-115.04
2017-01-30 22:55,18.365,372.40,-115.03
2017-01-30 22:56,18.402,372.40,-115.01
2017-01-30 22:57,18.373,372.40,-115.00
2017-01-30 22:58,18.292,372.40,-115.01
2017-01-30 22:59,18.32,372.40,-114.99
2017-01-30 23:00,18.282,372.40,-115.0
2017-01-30 23:01,18.273,372.40,-115.0
2017-01-30 23:02,18.274,372.40,-114.98
2017-01-30 23:03,18.39,372.40,-114.93
2017-01-30 23:04,18.433,372.40,-114.92
2017-01-30 23:05,18.301,372.40,-114.96
2017-01-30 23:06,18.336,372.40,-114.91
2017-01-30 23:07,18.365,372.40,-114.89
2017-01-30 23:08,18.359,372.40,-114.89
2017-01-30 23:09,18.38,372.40,-114.87
2017-01-30 23:10,18.493,372.40,-114.82
2017-01-30 23:11,18.492,372.40,-114.81
2017-01-30 23:12,18.560,372.40,-114.78
2017-01-30 23:13,18.543,372.40,-114.77
2017-01-30 23:14,18.597,372.40,-114.73
2017-01-30 23:15,18.569,372.40,-114.72
2017-01-30 23:16,18.65,372.40,-114.68
2017-01-30 23:17,18.666,372.40,-114.64
2017-01-30 23:18,18.683,372.40,-114.62
2017-01-30 23:19,18.740,372.40,-114.61
2017-01-30 23:20,18.775,372.40,-114.58
2017-01-30 23:21,18.91,372.40,-114.51
2017-01-30 23:22,18.927,372.40,-114.52
2017-01-30 23:23,18.902,372.40,-114.51
2017-01-30 23:24,18.963,372.40,-114.47
2017-01-30 23:25,19.045,372.40,-114.42
2017-01-30 23:26,19.074,372.40,-114.38
2017-01-30 23:27,19.129,372.40,-114.36
2017-01-30 23:28,19.231,372.40,-114.3
2017-01-30 23:29,19.265,372.40,-114.27
2017-01-30 23:30,19.307,372.40,-114.23
2017-01-30 23:31,19.368,372.40,-114.21
2017-01-30 23:32,19.458,372.40,-114.18
2017-01-30 23:33,19.549,372.40,-114.13
2017-01-30 23:34,19.588,372.40,-114.11
2017-01-30 23:35,19.777,372.40,-114.07
2017-01-30 23:36,19.829,372.40,-114.03
2017-01-30 23:37,19.949,372.40,-113.98
2017-01-30 23:38,20.01,372.40,-113.98
2017-01-30 23:39,20.171,372.40,-113.91
2017-01-30 23:40,20.324,372.40,-113.85
2017-01-30 23:41,20.383,372.40,-113.82
2017-01-30 23:42,20.384,372.40,-113.78
2017-01-30 23:43,20.416,372.40,-113.77
2017-01-30 23:44,20.418,372.40,-113.75
2017-01-30 23:45,20.500,372.40,-113.72
2017-01-30 23:46,20.501,372.40,-113.7
2017-01-30 23:47,20.706,372.40,-113.63
2017-01-30 23:48,20.784,372.40,-113.63
2017-01-30 23:49,20.832,372.40,-113.60
2017-01-30 23:50,20.902,372.40,-113.58
2017-01-30 23:51,20.919,372.40,-113.57
2017-01-30 23:52,20.989,372.40,-113.57
2017-01-30 23:53,21.002,372.40,-113.55
2017-01-30 23:54,21.118,372.40,-113.51
2017-01-30 23:55,21.219,372.40,-113.49
2017-01-30 23:56,21.266,372.40,-113.49
2017-01-30 23:57,21.319,372.40,-113.42
2017-01-30 23:58,21.381,372.40,-113.40
2017-01-30 23:59,21.399,372.40,-113.36
2017-01-31 00:00,21.412,372.40,-113.35
2017-01-31 00:01,21.456,372.40,-113.35
2017-01-31 00:02,21.448,372.40,-113.34
2017-01-31 00:03,21.470,372.40,-113.35
2017-01-31 00:04,21.545,372.40,-113.33
2017-01-31 00:05,21.612,372.40,-113.29
2017-01-31 00:06,21.719,372.40,-113.26
2017-01-31 00:07,21.767,372.40,-113.21
2017-01-31 00:08,21.828,372.40,-113.2
2017-01-31 00:09,21.882,372.40,-113.18
2017-01-31 00:10,21.864,372.40,-113.19
2017-01-31 00:11,21.895,372.40,-113.15
2017-01-31 00:12,21.943,372.40,-113.11
2017-01-31 00:13,22.005,372.40,-113.08
2017-01-31 00:14,22.076,372.40,-113.04
2017-01-31 00:15,22.016,372.40,-113.04
2017-01-31 00:16,21.998,372.40,-113.05
2017-01-31 00:17,22.003,372.40,-113.06
2017-01-31 00:18,21.93,372.40,-113.09
2017-01-31 00:19,21.923,372.40,-113.09
2017-01-31 00:20,21.922,372.40,-113.08
2017-01-31 00:21,21.889,372.40,-113.09
2017-01-31 00:22,21.903,372.40,-113.04
2017-01-31 00:23,21.918,372.40,-113.01
2017-01-31 00:24,21.976,372.40,-113.0
2017-01-31 00:25,21.965,372.40,-113.0
2017-01-31 00:26,22.032,372.40,-112.97
2017-01-31 00:27,22.014,372.40,-112.97
2017-01-31 00:28,22.065,372.40,-112.96
2017-01-31 00:29,22.058,372.40,-112.95
2017-01-31 00:30,22.08,372.40,-112.92
2017-01-31 00:31,22.042,372.40,-112.94
2017-01-31 00:32,22.047,372.40,-112.96
2017-01-31 00:33,22.056,372.40,-112.96
2017-01-31 00:34,22.091,372.40,-112.97
2017-01-31 00:35,22.104,372.40,-112.97
2017-01-31 00:36,22.163,372.40,-112.92
2017-01-31 00:37,22.157,372.40,-112.92
2017-01-31 00:38,22.158,372.40,-112.91
2017-01-31 00:39,22.195,372.40,-112.92
2017-01-31 00:40,22.138,372.40,-112.91
2017-01-31 00:41,22.154,372.40,-112.91
2017-01-31 00:42,22.215,372.40,-112.88
2017-01-31 00:43,22.258,372.40,-112.84
2017-01-31 00:44,22.270,372.40,-112.86
2017-01-31 00:45,22.281,372.40,-112.82
2017-01-31 00:46,22.258,372.40,-112.84
2017-01-31 00:47,22.278,372.40,-112.82
2017-01-31 00:48,22.302,372.40,-112.82
2017-01-31 00:49,22.324,372.40,-112.79
2017-01-31 00:50,22.374,372.40,-112.75
2017-01-31 00:51,22.36,372.40,-112.78
2017-01-31 00:52,22.403,372.40,-112.78
2017-01-31 00:53,22.488,372.40,-112.72
2017-01-31 00:54,22.438,372.40,-112.74
2017-01-31 00:55,22.473,372.40,-112.76
2017-01-31 00:56,22.441,372.40,-112.77
2017-01-31 00:57,22.433,372.40,-112.75
2017-01-31 00:58,22.448,372.40,-112.72
2017-01-31 00:59,22.470,372.40,-112.70
2017-01-31 01:00,22.462,372.40,-112.68
2017-01-31 01:01,22.57,372.40,-112.65
2017-01-31 01:02,22.669,372.40,-112.62
2017-01-31 01:03,22.700,372.40,-112.61
2017-01-31 01:04,22.734,372.40,-112.57
2017-01-31 01:05,22.712,372.40,-112.6
2017-01-31 01:06,22.768,372.40,-112.59
2017-01-31 01:07,22.688,372.40,-112.6
2017-01-31 01:08,22.774,372.40,-112.56
2017-01-31 01:09,22.691,372.40,-112.59
2017-01-31 01:10,22.698,372.40,-112.61
2017-01-31 01:11,22.697,372.40,-112.57
2017-01-31 01:12,22.746,372.40,-112.56
2017-01-31 01:13,22.82,372.40,-112.51
2017-01-31 01:14,22.816,372.40,-112.53
2017-01-31 01:15,22.772,372.40,-112.53
2017-01-31 01:16,22.817,372.40,-112.51
2017-01-31 01:17,22.699,372.40,-112.53
2017-01-31 01:18,22.716,372.40,-112.53
2017-01-31 01:19,22.778,372.40,-112.52
2017-01-31 01:20,22.880,372.40,-112.50
2017-01-31 01:21,22.852,372.40,-112.49
2017-01-31 01:22,22.987,372.40,-112.44
2017-01-31 01:23,23.001,372.40,-112.42
2017-01-31 01:24,23.029,372.40,-112.40
2017-01-31 01:25,22.965,372.40,-112.45
2017-01-31 01:26,23.003,372.40,-112.41
2017-01-31 01:27,23.025,372.40,-112.43
2017-01-31 01:28,23.084,372.40,-112.4
2017-01-31 01:29,23.199,372.40,-112.39
2017-01-31 01:30,23.281,372.40,-112.36
2017-01-31 01:31,23.42,372.40,-112.29
2017-01-31 01:32,23.484,372.40,-112.27
2017-01-31 01:33,23.538,372.40,-112.25
2017-01-31 01:34,23.538,372.40,-112.25
2017-01-31 01:35,23.521,372.40,-112.24
2017-01-31 01:36,23.553,372.40,-112.23
2017-01-31 01:37,23.655,372.40,-112.19
2017-01-31 01:38,23.865,372.40,-112.14
2017-01-31 01:39,23.808,372.40,-112.14
2017-01-31 01:40,23.602,372.40,-112.19
2017-01-31 01:41,23.577,372.40,-112.20
2017-01-31 01:42,23.578,372.40,-112.2
2017-01-31 01:43,23.584,372.40,-112.22
2017-01-31 01:44,23.562,372.40,-112.22
2017-01-31 01:45,23.532,372.40,-112.22
2017-01-31 01:46,23.528,372.40,-112.21
2017-01-31 01:47,23.529,372.40,-112.23
2017-01-31 01:48,23.543,372.40,-112.22
2017-01-31 01:49,23.530,372.40,-112.19
2017-01-31 01:50,23.495,372.40,-112.21
2017-01-31 01:51,23.455,372.40,-112.23
2017-01-31 01:52,23.471,372.40,-112.22
2017-01-31 01:53,23.450,372.40,-112.22
2017-01-31 01:54,23.424,372.40,-112.2
2017-01-31 01:55,23.349,372.40,-112.22
2017-01-31 01:56,23.353,372.40,-112.23
2017-01-31 01:57,23.353,372.40,-112.23
2017-01-31 01:58,23.413,372.40,-112.21
2017-01-31 01:59,23.397,372.40,-112.21
2017-01-31 02:00,23.497,372.40,-112.20
2017-01-31 02:01,23.498,372.40,-112.2
2017-01-31 02:02,23.469,372.40,-112.2
2017-01-31 02:03,23.399,372.40,-112.24
2017-01-31 02:04,23.340,372.40,-112.25
2017-01-31 02:05,23.337,372.40,-112.23
2017-01-31 02:06,23.389,372.40,-112.2
2017-01-31 02:07,23.413,372.40,-112.21
2017-01-31 02:08,23.468,372.40,-112.2
2017-01-31 02:09,23.446,372.40,-112.21
2017-01-31 02:10,23.527,372.40,-112.17
2017-01-31 02:11,23.529,372.40,-112.18
2017-01-31 02:12,23.568,372.40,-112.17
2017-01-31 02:13,23.161,372.40,-112.26
2017-01-31 02:14,23.139,372.40,-112.29
2017-01-31 02:15,23.450,372.40,-112.21
2017-01-31 02:16,23.638,372.40,-112.18
2017-01-31 02:17,23.654,372.40,-112.19
2017-01-31 02:18,23.764,372.40,-112.15
2017-01-31 02:19,23.657,372.40,-112.18
2017-01-31 02:20,23.699,372.40,-112.17
2017-01-31 02:21,23.778,372.40,-112.17
2017-01-31 02:22,23.85,372.40,-112.12
2017-01-31 02:23,23.852,372.40,-112.15
2017-01-31 02:24,23.872,372.40,-112.15
2017-01-31 02:25,23.962,372.40,-112.11
2017-01-31 02:26,24.15,372.40,-112.08
2017-01-31 02:27,24.293,372.40,-112.03
2017-01-31 02:28,24.372,372.40,-112.02
2017-01-31 02:29,24.443,372.40,-111.99
2017-01-31 02:30,24.569,372.40,-111.98
2017-01-31 02:31,24.667,372.40,-111.92
2017-01-31 02:32,24.861,372.40,-111.88
2017-01-31 02:33,25.036,372.40,-111.82
2017-01-31 02:34,25.176,372.40,-111.80
2017-01-31 02:35,25.284,372.40,-111.75
2017-01-31 02:36,25.310,372.40,-111.76
2017-01-31 02:37,25.374,372.40,-111.72
2017-01-31 02:38,25.441,372.40,-111.76
2017-01-31 02:39,25.397,372.40,-111.78
2017-01-31 02:40,25.486,372.40,-111.75
2017-01-31 02:41,25.589,372.40,-111.72
2017-01-31 02:42,25.577,372.40,-111.7
2017-01-31 02:43,25.541,372.40,-111.74
2017-01-31 02:44,25.478,372.40,-111.76
2017-01-31 02:45,25.539,372.40,-111.75
2017-01-31 02:46,25.485,372.40,-111.74
2017-01-31 02:47,25.499,372.40,-111.73
2017-01-31 02:48,25.498,372.40,-111.75
2017-01-31 02:49,25.540,372.40,-111.73
2017-01-31 02:50,25.614,372.40,-111.69
2017-01-31 02:51,25.633,372.40,-111.70
2017-01-31 02:52,25.655,372.40,-111.69
2017-01-31 02:53,25.659,372.40,-111.68
2017-01-31 02:54,25.581,372.40,-111.68
2017-01-31 02:55,25.485,372.40,-111.72
2017-01-31 02:56,25.377,372.40,-111.75
2017-01-31 02:57,25.205,372.40,-111.79
2017-01-31 02:58,24.978,372.40,-111.87
2017-01-31 02:59,24.819,372.40,-111.88
2017-01-31 03:00,24.72,372.40,-111.92
2017-01-31 03:01,24.493,372.40,-111.98
2017-01-31 03:02,24.403,372.40,-112.02
2017-01-31 03:03,24.375,372.40,-112.03
2017-01-31 03:04,24.333,372.40,-112.03
2017-01-31 03:05,24.397,372.40,-112.03
2017-01-31 03:06,24.333,372.40,-112.06
2017-01-31 03:07,24.348,372.40,-112.06
2017-01-31 03:08,24.290,372.40,-112.08
2017-01-31 03:09,24.349,372.40,-112.03
2017-01-31 03:10,24.303,372.40,-112.03
2017-01-31 03:11,24.411,372.40,-112.02
2017-01-31 03:12,24.54,372.40,-111.99
2017-01-31 03:13,24.507,372.40,-111.99
2017-01-31 03:14,24.536,372.40,-112.02
2017-01-31 03:15,24.607,372.40,-111.98
2017-01-31 03:16,24.607,372.40,-111.99
2017-01-31 03:17,24.581,372.40,-111.97
2017-01-31 03:18,24.520,372.40,-111.98
2017-01-31 03:19,24.462,372.40,-111.96
2017-01-31 03:20,24.492,372.40,-111.98
2017-01-31 03:21,24.487,372.40,-111.98
2017-01-31 03:22,24.585,372.40,-111.92
2017-01-31 03:23,24.697,372.40,-111.91
2017-01-31 03:24,24.762,372.40,-111.87
2017-01-31 03:25,24.763,372.40,-111.85
2017-01-31 03:26,24.730,372.40,-111.89
2017-01-31 03:27,24.756,372.40,-111.88
2017-01-31 03:28,24.714,372.40,-111.87
2017-01-31 03:29,24.676,372.40,-111.89
2017-01-31 03:30,24.518,372.40,-111.95
2017-01-31 03:31,24.376,372.40,-112.02
2017-01-31 03:32,24.394,372.40,-112.0
2017-01-31 03:33,24.500,372.40,-111.97
2017-01-31 03:34,24.568,372.40,-111.97
2017-01-31 03:35,24.578,372.40,-111.98
2017-01-31 03:36,24.480,372.40,-112.0
2017-01-31 03:37,24.462,372.40,-112.01
2017-01-31 03:38,24.552,372.40,-112.01
2017-01-31 03:39,24.53,372.40,-112.00
2017-01-31 03:40,24.525,372.40,-111.99
2017-01-31 03:41,24.621,372.40,-111.99
2017-01-31 03:42,24.656,372.40,-111.98
2017-01-31 03:43,24.703,372.40,-111.98
2017-01-31 03:44,24.887,372.40,-111.93
2017-01-31 03:45,24.951,372.40,-111.91
2017-01-31 03:46,24.973,372.40,-111.92
2017-01-31 03:47,25.074,372.40,-111.92
2017-01-31 03:48,25.232,372.40,-111.91
2017-01-31 03:49,25.355,372.40,-111.84
2017-01-31 03:50,25.349,372.40,-111.89
2017-01-31 03:51,25.415,372.40,-111.90
2017-01-31 03:52,25.438,372.40,-111.89
2017-01-31 03:53,25.462,372.40,-111.87
2017-01-31 03:54,25.501,372.40,-111.88
2017-01-31 03:55,25.502,372.40,-111.87
2017-01-31 03:56,25.582,372.40,-111.88
2017-01-31 03:57,25.452,372.40,-111.91
2017-01-31 03:58,25.523,372.40,-111.88
2017-01-31 03:59,25.541,372.40,-111.87
2017-01-31 04:00,25.78,372.40,-111.83
2017-01-31 04:01,25.61,372.40,-111.90
2017-01-31 04:02,25.505,372.40,-111.94
2017-01-31 04:03,25.196,372.40,-112.02
2017-01-31 04:04,25.028,372.40,-112.08
2017-01-31 04:05,24.956,372.40,-112.12
2017-01-31 04:06,24.782,372.40,-112.17
2017-01-31 04:07,24.612,372.40,-112.24
2017-01-31 04:08,24.449,372.40,-112.31
2017-01-31 04:09,24.466,372.40,-112.30
2017-01-31 04:10,24.419,372.40,-112.34
2017-01-31 04:11,24.380,372.40,-112.38
2017-01-31 04:12,24.205,372.40,-112.46
2017-01-31 04:13,24.117,372.40,-112.5
2017-01-31 04:14,24.027,372.40,-112.56
2017-01-31 04:15,24.116,372.40,-112.51
2017-01-31 04:16,24.227,372.40,-112.47
2017-01-31 04:17,24.282,372.40,-112.47
2017-01-31 04:18,24.246,372.40,-112.51
2017-01-31 04:19,24.397,372.40,-112.51
2017-01-31 04:20,24.488,372.40,-112.49
2017-01-31 04:21,24.601,372.40,-112.45
2017-01-31 04:22,24.688,372.40,-112.43
2017-01-31 04:23,24.533,372.40,-112.51
2017-01-31 04:24,24.500,372.40,-112.54
2017-01-31 04:25,24.612,372.40,-112.53
2017-01-31 04:26,24.779,372.40,-112.44
2017-01-31 04:27,24.723,372.40,-112.48
2017-01-31 04:28,24.74,372.40,-112.48
2017-01-31 04:29,24.786,372.40,-112.52
2017-01-31 04:30,24.964,372.40,-112.48
2017-01-31 04:31,25.072,372.40,-112.45
2017-01-31 04:32,25.168,372.40,-112.42
2017-01-31 04:33,25.099,372.40,-112.45
2017-01-31 04:34,25.138,372.40,-112.42
2017-01-31 04:35,25.099,372.40,-112.44
2017-01-31 04:36,25.080,372.40,-112.48
2017-01-31 04:37,25.109,372.40,-112.48
2017-01-31 04:38,25.019,372.40,-112.51
2017-01-31 04:39,24.983,372.40,-112.51
2017-01-31 04:40,25.130,372.40,-112.5
2017-01-31 04:41,25.059,372.40,-112.52
2017-01-31 04:42,25.11,372.40,-112.53
2017-01-31 04:43,25.106,372.40,-112.51
2017-01-31 04:44,25.202,372.40,-112.5
2017-01-31 04:45,25.315,372.40,-112.45
2017-01-31 04:46,25.394,372.40,-112.42
2017-01-31 04:47,25.338,372.40,-112.48
2017-01-31 04:48,25.307,372.40,-112.5
2017-01-31 04:49,25.353,372.40,-112.50
2017-01-31 04:50,25.497,372.40,-112.49
2017-01-31 04:51,25.464,372.40,-112.50
2017-01-31 04:52,25.422,372.40,-112.53
2017-01-31 04:53,25.332,372.40,-112.58
2017-01-31 04:54,25.433,372.40,-112.55
2017-01-31 04:55,25.561,372.40,-112.50
2017-01-31 04:56,25.468,372.40,-112.53
2017-01-31 04:57,25.424,372.40,-112.58
2017-01-31 04:58,25.387,372.40,-112.56
2017-01-31 04:59,25.330,372.40,-112.6
2017-01-31 05:00,25.236,372.40,-112.64
2017-01-31 05:01,25.223,372.40,-112.66
2017-01-31 05:02,25.197,372.40,-112.69
2017-01-31 05:03,25.119,372.40,-112.71
2017-01-31 05:04,25.086,372.40,-112.71
2017-01-31 05:05,24.972,372.40,-112.74
2017-01-31 05:06,24.814,372.40,-112.82
2017-01-31 05:07,24.594,372.40,-112.88
2017-01-31 05:08,24.459,372.40,-112.94
2017-01-31 05:09,24.333,372.40,-112.96
2017-01-31 05:10,24.288,372.40,-112.98
2017-01-31 05:11,24.26,372.40,-112.97
2017-01-31 05:12,24.169,372.40,-113.03
2017-01-31 05:13,24.109,372.40,-113.05
2017-01-31 05:14,23.934,372.40,-113.11
2017-01-31 05:15,24.193,372.40,-113.02
2017-01-31 05:16,24.223,372.40,-113.03
2017-01-31 05:17,24.233,372.40,-113.05
2017-01-31 05:18,24.375,372.40,-113.03
2017-01-31 05:19,24.301,372.40,-113.07
2017-01-31 05:20,24.387,372.40,-113.06
2017-01-31 05:21,24.263,372.40,-113.11
2017-01-31 05:22,24.464,372.40,-113.06
2017-01-31 05:23,24.541,372.40,-113.05
2017-01-31 05:24,24.663,372.40,-113.01
2017-01-31 05:25,24.743,372.40,-113.0
2017-01-31 05:26,24.809,372.40,-113.02
2017-01-31 05:27,24.740,372.40,-113.02
2017-01-31 05:28,24.498,372.40,-113.08
2017-01-31 05:29,24.647,372.40,-113.03
2017-01-31 05:30,24.546,372.40,-113.07
2017-01-31 05:31,24.436,372.40,-113.13
2017-01-31 05:32,24.357,372.40,-113.15
2017-01-31 05:33,24.157,372.40,-113.21
2017-01-31 05:34,24.112,372.40,-113.27
2017-01-31 05:35,24.029,372.40,-113.30
2017-01-31 05:36,24.015,372.40,-113.28
2017-01-31 05:37,23.854,372.40,-113.34
2017-01-31 05:38,23.789,372.40,-113.32
2017-01-31 05:39,23.778,372.40,-113.34
2017-01-31 05:40,23.772,372.40,-113.37
2017-01-31 05:41,23.713,372.40,-113.39
2017-01-31 05:42,23.682,372.40,-113.39
2017-01-31 05:43,23.577,372.40,-113.44
2017-01-31 05:44,23.456,372.40,-113.49
2017-01-31 05:45,23.324,372.40,-113.53
2017-01-31 05:46,23.068,372.40,-113.6
2017-01-31 05:47,22.987,372.40,-113.6
2017-01-31 05:48,22.892,372.40,-113.68
2017-01-31 05:49,23.003,372.40,-113.62
2017-01-31 05:50,22.993,372.40,-113.64
2017-01-31 05:51,23.042,372.40,-113.61
2017-01-31 05:52,22.890,372.40,-113.62
2017-01-31 05:53,22.755,372.40,-113.67
2017-01-31 05:54,22.780,372.40,-113.70
2017-01-31 05:55,22.912,372.40,-113.62
2017-01-31 05:56,23.009,372.40,-113.62
2017-01-31 05:57,22.949,372.40,-113.62
2017-01-31 05:58,22.934,372.40,-113.64
2017-01-31 05:59,22.858,372.40,-113.65
2017-01-31 06:00,22.820,372.40,-113.66
2017-01-31 06:01,22.863,372.40,-113.68
2017-01-31 06:02,22.862,372.40,-113.69
2017-01-31 06:03,22.854,372.40,-113.71
2017-01-31 06:04,22.752,372.40,-113.73
2017-01-31 06:05,22.795,372.40,-113.74
2017-01-31 06:06,22.821,372.40,-113.72
2017-01-31 06:07,22.807,372.40,-113.75
2017-01-31 06:08,22.755,372.40,-113.76
2017-01-31 06:09,22.862,372.40,-113.71
2017-01-31 06:10,22.942,372.40,-113.72
2017-01-31 06:11,23.128,372.40,-113.71
2017-01-31 06:12,23.166,372.40,-113.69
2017-01-31 06:13,23.074,372.40,-113.71
2017-01-31 06:14,23.021,372.40,-113.73
2017-01-31 06:15,23.172,372.40,-113.67
2017-01-31 06:16,23.12,372.40,-113.7
2017-01-31 06:17,23.207,372.40,-113.65
2017-01-31 06:18,23.174,372.40,-113.67
2017-01-31 06:19,23.035,372.40,-113.73
2017-01-31 06:20,23.018,372.40,-113.73
2017-01-31 06:21,23.085,372.40,-113.71
2017-01-31 06:22,23.096,372.40,-113.68
2017-01-31 06:23,23.044,372.40,-113.70
2017-01-31 06:24,22.952,372.40,-113.72
2017-01-31 06:25,22.942,372.40,-113.73
2017-01-31 06:26,22.872,372.40,-113.78
2017-01-31 06:27,22.841,372.40,-113.79
2017-01-31 06:28,22.869,372.40,-113.79
2017-01-31 06:29,22.816,372.40,-113.82
2017-01-31 06:30,22.730,372.40,-113.88
2017-01-31 06:31,22.755,372.40,-113.89
2017-01-31 06:32,22.645,372.40,-113.91
2017-01-31 06:33,22.569,372.40,-113.96
2017-01-31 06:34,22.475,372.40,-113.98
2017-01-31 06:35,22.538,372.40,-113.93
2017-01-31 06:36,22.560,372.40,-113.96
2017-01-31 06:37,22.443,372.40,-113.98
2017-01-31 06:38,22.474,372.40,-114.00
2017-01-31 06:39,22.593,372.40,-113.96
2017-01-31 06:40,22.598,372.40,-113.94
2017-01-31 06:41,22.598,372.40,-113.95
2017-01-31 06:42,22.577,372.40,-113.96
2017-01-31 06:43,22.611,372.40,-113.97
2017-01-31 06:44,22.529,372.40,-114.0
2017-01-31 06:45,22.544,372.40,-113.98
2017-01-31 06:46,22.604,372.40,-113.99
2017-01-31 06:47,22.570,372.40,-114.0
2017-01-31 06:48,22.488,372.40,-114.01
2017-01-31 06:49,22.489,372.40,-113.99
2017-01-31 06:50,22.538,372.40,-113.98
2017-01-31 06:51,22.574,372.40,-113.96
2017-01-31 06:52,22.604,372.40,-113.92
2017-01-31 06:53,22.558,372.40,-113.94
2017-01-31 06:54,22.569,372.40,-113.94
2017-01-31 06:55,22.576,372.40,-113.94
2017-01-31 06:56,22.596,372.40,-113.97
2017-01-31 06:57,22.550,372.40,-113.98
2017-01-31 06:58,22.481,372.40,-113.99
2017-01-31 06:59,22.464,372.40,-114.0
2017-01-31 07:00,22.38,372.40,-114.02
2017-01-31 07:01,22.408,372.40,-114.05
2017-01-31 07:02,22.473,372.40,-114.02