2016-06-25 04:04,-419.95,3374,1347.1
2016-06-25 04:05,-418.0,3377,1349.8
2016-06-25 04:06,-419.6,3377.8,1345.0
2016-06-25 04:07,-415.32,3376,1343.6
2016-06-25 04:09,-417.15,3375.8,1343.7
2016-06-25 04:10,-420.5,3376,1339.0
2016-06-25 04:11,-419.0,3375.2,1345.1
2016-06-25 04:12,-410.12,3373.8,1345.5
2016-06-25 04:13,-409.48,3372.5,1345.8
2016-06-25 04:14,-410.82,3370.8,1345.2
2016-06-25 04:16,-411.48,3375,1340.9
2016-06-25 04:17,-411.85,3369.8,1341.3
2016-06-25 04:18,-407.02,3370.2,1338.8
2016-06-25 04:19,-412.45,3368.8,1340.4
2016-06-25 04:20,-408.82,3371.8,1341.5
2016-06-25 04:22,-407.8,3369.8,1339.1
2016-06-25 04:23,-409.12,3373,1341.2
2016-06-25 04:24,-411.6,3373.8,1341.0
2016-06-25 04:25,-412.28,3375.8,1340.0
2016-06-25 04:26,-411.55,3372.8,1341.7
2016-06-25 04:27,-412.7,3372.2,1342.9
2016-06-25 04:29,-414.68,3372.2,1342.6
2016-06-25 04:30,-415.32,3373,1343.8
2016-06-25 04:31,-414.0,3372,1337.5
2016-06-25 04:32,-414.1,3373.5,1338.4
2016-06-25 04:33,-415.3,3374.5,1341.0
2016-06-25 04:35,-412.92,3374.2,1340.8
2016-06-25 04:36,-413.55,3374.5,1341.2
2016-06-25 04:37,-415.2,3374.5,1337.6
2016-06-25 04:38,-416.1,3376,1341.6
2016-06-25 04:39,-417.05,3377.2,1338.6
2016-06-25 04:40,-413.85,3375.2,1340.2
2016-06-25 04:42,-414.35,3374.2,1338.2
2016-06-25 04:43,-412.35,3375.5,1340.8
2016-06-25 04:44,-415.65,3377.5,1344.6
2016-06-25 04:45,-413.5,3376.2,1344.4
2016-06-25 04:46,-412.48,3376.5,1342.8
2016-06-25 04:48,-413.52,3379,1341.5
2016-06-25 04:49,-413.72,3377.2,1342.2
2016-06-25 04:50,-415.15,3377.5,1342.5
2016-06-25 04:51,-414.98,3378.2,1343.0
2016-06-25 04:52,-413.8,3377.5,1348.1
2016-06-25 04:53,-416.45,3376.8,1343.1
2016-06-25 04:55,-418.45,3378.8,1344.0
2016-06-25 04:56,-415.35,3375.8,1342.8
2016-06-25 04:57,-414.95,3378.5,1343.5
2016-06-25 04:58,-415.7,3377.5,1344.2
2016-06-25 04:59,-419.0,3377.2,1345.9
2016-06-25 05:01,-421.75,3377,1346.4
2016-06-25 05:02,-422.08,3377,1344.2
2016-06-25 05:03,-420.6,3376.8,1340.6
2016-06-25 05:04,-416.85,3377.5,1344.1
2016-06-25 05:05,-421.42,3381,1341.2
2016-06-25 05:06,-418.55,3380.5,1343.9
2016-06-25 05:08,-416.68,3379.5,1338.4
2016-06-25 05:09,-419.4,3381.8,1341.3
2016-06-25 05:10,-421.15,3383,1342.9
2016-06-25 05:11,-420.3,3380.8,1340.2
2016-06-25 05:12,-420.2,3381.8,1341.8
2016-06-25 05:14,-421.52,3379.8,1342.1
2016-06-25 05:15,-421.25,3381.2,1342.9
2016-06-25 05:16,-421.5,3382,1338.6
2016-06-25 05:17,-421.28,3379.5,1342.3
2016-06-25 05:18,-422.78,3381.2,1337.0
2016-06-25 05:20,-421.32,3379,1336.2
2016-06-25 05:21,-424.15,3377,1340.0
2016-06-25 05:22,-423.8,3379,1341.4
2016-06-25 05:23,-426.65,3379.8,1336.9
2016-06-25 05:24,-426.48,3381.2,1345.1
2016-06-25 05:25,-425.6,3380.2,1342.7
2016-06-25 05:27,-427.72,3377,1341.8
2016-06-25 05:28,-426.95,3376.5,1341.3
2016-06-25 05:29,-427.05,3381.2,1342.6
2016-06-25 05:30,-426.9,3380.5,1341.5
2016-06-25 05:31,-425.92,3382,1343.8
2016-06-25 05:33,-426.32,3381.2,1338.2
2016-06-25 05:34,-425.0,3378.8,1341.6
2016-06-25 05:35,-427.42,3380.2,1340.6
2016-06-25 05:36,-426.32,3377.8,1341.4
2016-06-25 05:37,-425.8,3377.2,1343.3
2016-06-25 05:38,-421.95,3375.8,1342.2
2016-06-25 05:40,-424.5,3379,1338.6
2016-06-25 05:41,-424.88,3381,1340.8
2016-06-25 05:42,-421.18,3379.5,1343.2
2016-06-25 05:43,-419.55,3376.8,1345.8
2016-06-25 05:44,-418.58,3381.5,1345.8
2016-06-25 05:46,-419.2,3377.2,1341.9
2016-06-25 05:47,-421.65,3377.5,1338.6
2016-06-25 05:48,-421.45,3376.2,1341.9
2016-06-25 05:49,-419.0,3377,1344.3
2016-06-25 05:50,-418.9,3375.8,1340.9
2016-06-25 05:51,-419.25,3376.8,1338.7
2016-06-25 05:53,-417.95,3377.5,1339.3
2016-06-25 05:54,-419.9,3379.5,1343.2
2016-06-25 05:55,-421.28,3379.5,1343.3
2016-06-25 05:56,-422.6,3378.2,1340.8
2016-06-25 05:57,-419.95,3379,1346.0
2016-06-25 05:59,-416.62,3379.8,1344.2
2016-06-25 06:00,-417.18,3379,1338.2
2016-06-25 06:01,-417.75,3380.5,1337.7
2016-06-25 06:02,-416.42,3381.5,1343.6
2016-06-25 06:03,-417.48,3381.2,1339.8
2016-06-25 06:04,-415.92,3383.5,1341.7
2016-06-25 06:06,-416.22,3382,1343.5
2016-06-25 06:07,-417.42,3379,1341.2
2016-06-25 06:08,-417.55,3379.8,1340.0
2016-06-25 06:09,-418.38,3382.5,1341.4
2016-06-25 06:10,-422.62,3383.2,1344.5
2016-06-25 06:12,-423.42,3382.2,1341.1
2016-06-25 06:13,-424.45,3380,1342.4
2016-06-25 06:14,-422.18,3381.5,1345.6
2016-06-25 06:15,-424.8,3385,1343.8
2016-06-25 06:16,-427.08,3385.5,1339.1
2016-06-25 06:17,-426.98,3385.2,1339.5
2016-06-25 06:19,-425.55,3386,1344.1
2016-06-25 06:20,-428.98,3383,1341.3
2016-06-25 06:21,-427.62,3384.2,1342.1
2016-06-25 06:22,-430.95,3382,1340.4
2016-06-25 06:23,-432.45,3383,1340.2
2016-06-25 06:25,-427.75,3386.2,1342.4
2016-06-25 06:26,-427.32,3386.2,1342.2
2016-06-25 06:27,-426.02,3385.8,1341.6
2016-06-25 06:28,-424.45,3380.5,1340.6
2016-06-25 06:29,-428.9,3381.5,1345.5
2016-06-25 06:30,-429.25,3381.5,1338.6
2016-06-25 06:32,-427.42,3383.2,1347.3
2016-06-25 06:33,-430.75,3381.8,1351.0
2016-06-25 06:34,-428.32,3383.8,1346.9
2016-06-25 06:35,-430.0,3385,1352.6
2016-06-25 06:36,-430.25,3386.2,1348.3
2016-06-25 06:38,-429.7,3386.2,1345.6
2016-06-25 06:39,-429.5,3388,1344.9
2016-06-25 06:40,-430.48,3383.8,1338.9
2016-06-25 06:41,-427.98,3380.5,1342.0
2016-06-25 06:42,-429.85,3384.8,1345.4
2016-06-25 06:43,-433.2,3382.2,1341.8
2016-06-25 06:45,-431.4,3382.2,1339.2
2016-06-25 06:46,-432.25,3382,1337.2
2016-06-25 06:47,-433.62,3381.8,1336.9
2016-06-25 06:48,-431.32,3381.2,1340.6
2016-06-25 06:49,-433.25,3381,1335.2
2016-06-25 06:51,-434.45,3383,1335.6
2016-06-25 06:52,-433.12,3383.2,1339.6
2016-06-25 06:53,-432.02,3382.8,1344.0
2016-06-25 06:54,-433.68,3383.2,1337.9
2016-06-25 06:55,-432.65,3383.5,1338.8
2016-06-25 06:57,-432.18,3385,1337.7
2016-06-25 06:58,-433.6,3384.5,1340.8
2016-06-25 06:59,-431.25,3384.2,1342.5
2016-06-25 07:00,-432.52,3385.5,1340.9
2016-06-25 07:01,-432.1,3384.5,1336.8
2016-06-25 07:02,-429.8,3386,1340.3
2016-06-25 07:04,-431.58,3386.2,1341.6
2016-06-25 07:05,-430.05,3386.2,1339.2
2016-06-25 07:06,-427.62,3385,1340.7
2016-06-25 07:07,-430.32,3385,1338.5
2016-06-25 07:08,-432.05,3385.8,1336.0
2016-06-25 07:10,-436.2,3387,1338.7
2016-06-25 07:11,-434.95,3385.5,1337.2
2016-06-25 07:12,-432.52,3388.5,1336.3
2016-06-25 07:13,-432.7,3386.8,1341.6
2016-06-25 07:14,-432.2,3386.8,1335.7
2016-06-25 07:15,-433.02,3385.5,1334.0
2016-06-25 07:17,-434.3,3388.5,1335.8
2016-06-25 07:18,-436.3,3385.2,1337.9
2016-06-25 07:19,-434.08,3388.5,1335.7
2016-06-25 07:20,-435.62,3387,1334.8
2016-06-25 07:21,-435.05,3387.2,1337.4
2016-06-25 07:23,-436.4,3385.5,1330.6
2016-06-25 07:24,-434.1,3386.5,1333.0
2016-06-25 07:25,-435.6,3385.5,1329.7
2016-06-25 07:26,-434.55,3385.5,1333.6
2016-06-25 07:27,-432.4,3384.5,1332.0
2016-06-25 07:28,-433.55,3383,1333.7
2016-06-25 07:30,-433.5,3386.8,1334.5
2016-06-25 07:31,-433.8,3386.8,1337.6
2016-06-25 07:32,-434.3,3384.8,1338.1
2016-06-25 07:33,-434.85,3383.2,1335.8
2016-06-25 07:34,-437.68,3385,1335.7
2016-06-25 07:36,-441.1,3384.8,1333.8
2016-06-25 07:37,-439.72,3384.5,1340.6
2016-06-25 07:38,-441.25,3386.5,1337.8
2016-06-25 07:39,-440.12,3386,1340.3
2016-06-25 07:40,-443.08,3385,1339.5
2016-06-25 07:41,-443.05,3384,1335.2
2016-06-25 07:43,-437.1,3385.8,1338.3
2016-06-25 07:44,-440.3,3386,1339.0
2016-06-25 07:45,-437.82,3383.5,1336.0
2016-06-25 07:46,-440.18,3385.5,1341.2
2016-06-25 07:47,-438.4,3386.8,1339.3
2016-06-25 07:49,-440.48,3388.5,1341.2
2016-06-25 07:50,-439.4,3384,1339.0
2016-06-25 07:51,-439.6,3386.5,1337.6
2016-06-25 07:52,-439.58,3386.8,1340.1
2016-06-25 07:53,-438.38,3386,1341.4
2016-06-25 07:54,-440.15,3385,1338.3
2016-06-25 07:56,-441.42,3389.8,1342.7
2016-06-25 07:57,-438.68,3386.8,1342.4
2016-06-25 07:58,-438.68,3390.2,1341.9
2016-06-25 07:59,-439.48,3388.5,1337.3
2016-06-25 08:00,-439.05,3387.8,1341.2
2016-06-25 08:02,-441.6,3388.5,1344.8
2016-06-25 08:03,-441.98,3391,1339.2
2016-06-25 08:04,-442.9,3384.8,1338.6
2016-06-25 08:05,-441.78,3387.2,1336.0
2016-06-25 08:06,-443.2,3389.2,1337.7
2016-06-25 08:07,-441.35,3389.5,1339.1
2016-06-25 08:09,-439.65,3391.8,1337.7
2016-06-25 08:10,-439.85,3389.2,1336.6
2016-06-25 08:11,-441.15,3391.2,1336.1
2016-06-25 08:12,-441.32,3389.8,1340.1
2016-06-25 08:13,-440.82,3388.5,1333.6
2016-06-25 08:15,-440.6,3388.8,1338.5
2016-06-25 08:16,-439.0,3387.2,1339.1
2016-06-25 08:17,-437.2,3390.5,1338.6
2016-06-25 08:18,-437.75,3390,1334.1
2016-06-25 08:19,-438.95,3389,1335.6
2016-06-25 08:20,-436.42,3389,1335.6
2016-06-25 08:22,-437.98,3388.8,1331.4
2016-06-25 08:23,-436.92,3389.8,1333.6
2016-06-25 08:24,-435.95,3388.8,1330.8
2016-06-25 08:25,-438.6,3388,1331.2
2016-06-25 08:26,-433.85,3390.5,1336.1
2016-06-25 08:28,-437.48,3387.2,1335.5
2016-06-25 08:29,-437.35,3389.5,1334.5
2016-06-25 08:30,-435.75,3389.2,1334.6
2016-06-25 08:31,-435.68,3388.8,1329.6
2016-06-25 08:32,-439.82,3391.5,1329.5
2016-06-25 08:34,-438.45,3388.5,1331.7
2016-06-25 08:35,-436.78,3389,1329.0
2016-06-25 08:36,-434.62,3387.8,1327.6
2016-06-25 08:37,-436.3,3388,1329.0
2016-06-25 08:38,-435.22,3388,1330.2
2016-06-25 08:39,-435.48,3387.5,1334.2
2016-06-25 08:41,-433.52,3387,1329.8
2016-06-25 08:42,-435.42,3388.5,1333.2
2016-06-25 08:43,-437.35,3389.2,1332.4
2016-06-25 08:44,-438.02,3389.5,1328.2
2016-06-25 08:45,-439.82,3385.5,1335.0
2016-06-25 08:47,-442.5,3389.8,1332.1
2016-06-25 08:48,-445.2,3388.5,1331.3
2016-06-25 08:49,-441.15,3387.2,1332.9
2016-06-25 08:50,-443.42,3387.5,1329.7
2016-06-25 08:51,-440.6,3387,1334.5
2016-06-25 08:52,-438.58,3388.5,1335.5
2016-06-25 08:54,-442.25,3384.8,1331.5
2016-06-25 08:55,-442.18,3385,1333.0
2016-06-25 08:56,-441.98,3383.8,1334.0
2016-06-25 08:57,-440.95,3388,1330.6
2016-06-25 08:58,-441.75,3386.5,1331.2
2016-06-25 09:00,-439.68,3385.8,1335.6
2016-06-25 09:01,-441.62,3385.2,1333.6
2016-06-25 09:02,-440.05,3385.2,1332.6
2016-06-25 09:03,-437.22,3386.5,1331.2
2016-06-25 09:04,-439.6,3385,1332.9
2016-06-25 09:05,-436.42,3388,1332.8
2016-06-25 09:07,-436.9,3385.5,1332.0
2016-06-25 09:08,-439.5,3384,1332.8
2016-06-25 09:09,-438.8,3385.2,1333.0
2016-06-25 09:10,-438.15,3387,1331.7
2016-06-25 09:11,-436.9,3388,1333.0
2016-06-25 09:13,-440.1,3385.2,1333.6
2016-06-25 09:14,-441.42,3387.2,1333.3
2016-06-25 09:15,-441.9,3383.5,1333.5
2016-06-25 09:16,-441.2,3387.5,1331.6
2016-06-25 09:17,-440.1,3389,1332.6
2016-06-25 09:18,-437.78,3390.2,1325.5
2016-06-25 09:20,-440.95,3388.2,1328.4
2016-06-25 09:21,-442.82,3387.2,1324.2
2016-06-25 09:22,-442.3,3388.8,1330.6
2016-06-25 09:23,-440.6,3385.2,1332.8
2016-06-25 09:24,-438.7,3386.8,1326.9
2016-06-25 09:26,-439.4,3387.5,1326.4
2016-06-25 09:27,-439.28,3386.2,1325.2
2016-06-25 09:28,-438.75,3386,1322.1
2016-06-25 09:29,-438.35,3386.8,1323.4
2016-06-25 09:30,-440.32,3386.2,1324.0
2016-06-25 09:31,-441.85,3387.2,1322.3
2016-06-25 09:33,-439.72,3387,1327.1
2016-06-25 09:34,-441.75,3388,1322.6
2016-06-25 09:35,-443.65,3387.8,1327.6
2016-06-25 09:36,-441.3,3389,1325.2
2016-06-25 09:37,-440.25,3392.8,1328.4
2016-06-25 09:39,-439.8,3391.5,1324.2
2016-06-25 09:40,-441.6,3388.8,1323.2
2016-06-25 09:41,-440.68,3390.2,1329.2
2016-06-25 09:42,-442.28,3390,1330.1
2016-06-25 09:43,-441.22,3387.5,1327.0
2016-06-25 09:44,-441.58,3386.8,1321.5
2016-06-25 09:46,-441.45,3385.5,1328.0
2016-06-25 09:47,-441.95,3384.8,1328.0
2016-06-25 09:48,-441.85,3385,1324.7
2016-06-25 09:49,-440.48,3384.2,1331.8
2016-06-25 09:50,-440.78,3383.8,1331.5
2016-06-25 09:52,-440.08,3386.5,1326.3
2016-06-25 09:53,-439.55,3389,1332.8
2016-06-25 09:54,-440.32,3387.5,1329.4
2016-06-25 09:55,-438.82,3384.5,1326.5
2016-06-25 09:56,-438.62,3382.8,1330.1
2016-06-25 09:58,-438.7,3383.8,1332.8
2016-06-25 09:59,-438.88,3387.5,1333.8
2016-06-25 10:00,-440.25,3388.2,1331.6
2016-06-25 10:01,-440.12,3388,1330.8
2016-06-25 10:02,-440.0,3387.5,1335.0
2016-06-25 10:03,-441.8,3387,1327.7
2016-06-25 10:05,-442.55,3387.5,1329.8
2016-06-25 10:06,-443.42,3386.2,1331.4
2016-06-25 10:07,-446.1,3384,1333.3
2016-06-25 10:08,-444.68,3384.5,1333.2
2016-06-25 10:09,-440.7,3386,1336.0
2016-06-25 10:11,-441.1,3388.2,1336.5
2016-06-25 10:12,-440.38,3389.5,1334.7
2016-06-25 10:13,-440.58,3387.5,1333.6
2016-06-25 10:14,-442.2,3389.8,1333.3
2016-06-25 10:15,-440.7,3389,1331.2
2016-06-25 10:16,-439.95,3387.5,1333.0
2016-06-25 10:18,-443.45,3387,1333.2
2016-06-25 10:19,-443.15,3386.5,1333.1
2016-06-25 10:20,-440.92,3386,1328.5
2016-06-25 10:21,-439.65,3387,1332.4
2016-06-25 10:22,-440.0,3387.2,1332.1
2016-06-25 10:24,-441.75,3387.8,1329.9
2016-06-25 10:25,-443.68,3386.5,1331.4
2016-06-25 10:26,-440.15,3387.2,1330.4
2016-06-25 10:27,-443.12,3388,1335.0
2016-06-25 10:28,-442.0,3385.8,1338.4
2016-06-25 10:29,-441.42,3386.5,1333.7
2016-06-25 10:31,-439.75,3388.5,1333.0
2016-06-25 10:32,-440.48,3387,1334.8
2016-06-25 10:33,-441.52,3385,1335.4
2016-06-25 10:34,-440.72,3386,1335.3
2016-06-25 10:35,-440.78,3390.8,1336.5
2016-06-25 10:37,-441.22,3391.5,1335.5
2016-06-25 10:38,-440.38,3391.5,1335.1
2016-06-25 10:39,-439.3,3389.5,1331.0
2016-06-25 10:40,-439.0,3390,1328.7
2016-06-25 10:41,-440.35,3390.2,1327.3
2016-06-25 10:42,-441.42,3388,1328.4
2016-06-25 10:44,-439.05,3389.5,1326.0
2016-06-25 10:45,-438.52,3387.5,1332.0
2016-06-25 10:46,-435.05,3389.2,1325.2
2016-06-25 10:47,-438.62,3387.2,1325.7
2016-06-25 10:48,-441.82,3386.8,1327.3
2016-06-25 10:50,-442.62,3383.8,1327.6
2016-06-25 10:51,-442.15,3386,1328.0
2016-06-25 10:52,-440.8,3388,1328.2
2016-06-25 10:53,-439.15,3386.8,1330.9
2016-06-25 10:54,-440.1,3386.2,1331.6
2016-06-25 10:55,-439.72,3386.5,1333.4
2016-06-25 10:57,-441.0,3387,1330.8
2016-06-25 10:58,-441.05,3385,1333.7
2016-06-25 10:59,-438.35,3384.5,1332.3
2016-06-25 11:00,-443.1,3383,1334.8
2016-06-25 11:01,-442.78,3383.8,1329.9
2016-06-25 11:03,-441.05,3383.5,1330.8
2016-06-25 11:04,-442.5,3384.2,1329.8
2016-06-25 11:05,-442.72,3386.5,1326.0
2016-06-25 11:06,-440.68,3383.5,1326.5
2016-06-25 11:07,-438.85,3384.5,1326.4
2016-06-25 11:08,-437.85,3384,1327.9
2016-06-25 11:10,-439.95,3386.5,1327.1
2016-06-25 11:11,-437.95,3386.2,1326.6
2016-06-25 11:12,-439.15,3385,1331.4
2016-06-25 11:13,-440.55,3385.8,1325.9
2016-06-25 11:14,-440.62,3381.2,1324.4
2016-06-25 11:16,-438.2,3382.2,1331.6
2016-06-25 11:17,-439.55,3383.8,1331.0
2016-06-25 11:18,-437.95,3384.8,1332.4
2016-06-25 11:19,-441.72,3383.2,1332.2
2016-06-25 11:20,-441.65,3381.5,1332.6
2016-06-25 11:21,-440.02,3381.8,1331.6
2016-06-25 11:23,-439.45,3386,1331.9
2016-06-25 11:24,-440.4,3386.8,1332.8
2016-06-25 11:25,-440.85,3384.2,1332.5
2016-06-25 11:26,-441.78,3387.8,1334.4
2016-06-25 11:27,-444.9,3387.5,1333.1
2016-06-25 11:29,-441.95,3389.5,1335.0
2016-06-25 11:30,-439.5,3385.5,1333.7
2016-06-25 11:31,-440.22,3386.2,1334.9
2016-06-25 11:32,-440.72,3387,1332.3
2016-06-25 11:33,-440.55,3385,1333.4
2016-06-25 11:35,-442.95,3384,1334.0
2016-06-25 11:36,-437.62,3385.5,1329.0
2016-06-25 11:37,-438.58,3384.5,1325.6
2016-06-25 11:38,-439.45,3387.2,1329.8
2016-06-25 11:39,-439.2,3386,1333.6
2016-06-25 11:40,-441.75,3383,1332.7
2016-06-25 11:42,-440.18,3384,1332.0
2016-06-25 11:43,-442.42,3383.5,1334.1
2016-06-25 11:44,-440.85,3386.2,1331.7
2016-06-25 11:45,-439.55,3387,1327.9
2016-06-25 11:46,-441.3,3387,1331.0
2016-06-25 11:48,-442.38,3385.2,1329.4
2016-06-25 11:49,-440.7,3385.2,1325.7
2016-06-25 11:50,-440.72,3385.5,1328.3
2016-06-25 11:51,-443.4,3385,1332.0
2016-06-25 11:52,-444.5,3383.5,1332.2
2016-06-25 11:53,-442.32,3384.8,1327.7
2016-06-25 11:55,-440.08,3385,1328.5
2016-06-25 11:56,-438.28,3383.8,1332.4
2016-06-25 11:57,-440.72,3383,1328.1
2016-06-25 11:58,-441.05,3384.8,1327.9
2016-06-25 11:59,-440.82,3381,1328.1
2016-06-25 12:01,-436.22,3385.5,1330.5
2016-06-25 12:02,-437.58,3383.8,1334.0
2016-06-25 12:03,-438.2,3386.8,1332.0
2016-06-25 12:04,-440.75,3385.8,1331.4
2016-06-25 12:05,-440.95,3387.2,1330.1
2016-06-25 12:06,-440.5,3384.5,1327.2
2016-06-25 12:08,-438.18,3386,1329.7
2016-06-25 12:09,-439.42,3386.5,1333.0
2016-06-25 12:10,-437.62,3387.8,1331.3
2016-06-25 12:11,-438.42,3389.2,1331.3
2016-06-25 12:12,-439.52,3389.2,1327.0
2016-06-25 12:14,-439.8,3386.5,1326.6
2016-06-25 12:15,-440.4,3391.8,1330.2
2016-06-25 12:16,-440.15,3390.2,1329.5
2016-06-25 12:17,-442.15,3390.5,1329.8
2016-06-25 12:18,-440.7,3392.8,1328.5
2016-06-25 12:19,-445.22,3390,1327.2
2016-06-25 12:21,-442.12,3388.2,1327.8
2016-06-25 12:22,-441.6,3390,1325.6
2016-06-25 12:23,-441.82,3388.8,1325.2
2016-06-25 12:24,-440.3,3389.2,1327.4
2016-06-25 12:25,-442.38,3389,1326.8
2016-06-25 12:27,-442.5,3388.8,1327.5
2016-06-25 12:28,-442.72,3393.5,1326.0
2016-06-25 12:29,-442.05,3392.2,1323.9
2016-06-25 12:30,-443.02,3391.8,1321.2
2016-06-25 12:31,-445.32,3391.2,1323.7
2016-06-25 12:32,-442.6,3393.8,1325.4
2016-06-25 12:34,-442.5,3391,1328.1
2016-06-25 12:35,-444.12,3389.2,1329.6
2016-06-25 12:36,-442.98,3387.5,1327.7
2016-06-25 12:37,-441.42,3387.2,1327.8
2016-06-25 12:38,-440.95,3389.2,1328.9
2016-06-25 12:40,-441.92,3389,1330.8
2016-06-25 12:41,-441.92,3387.5,1327.6
2016-06-25 12:42,-441.68,3390,1331.1
2016-06-25 12:43,-441.6,3386.8,1330.6
2016-06-25 12:44,-441.3,3388.5,1331.9
2016-06-25 12:45,-445.02,3388,1328.8
2016-06-25 12:47,-443.12,3388.2,1324.7
2016-06-25 12:48,-443.55,3387.5,1325.6
2016-06-25 12:49,-441.5,3387.5,1327.4
2016-06-25 12:50,-441.88,3390.2,1326.9
2016-06-25 12:51,-442.25,3393,1329.4
2016-06-25 12:53,-441.55,3390.2,1327.0
2016-06-25 12:54,-441.82,3391,1328.4
2016-06-25 12:55,-441.02,3390,1332.4
2016-06-25 12:56,-440.98,3390.8,1332.9
2016-06-25 12:57,-442.05,3392.5,1327.6
2016-06-25 12:58,-442.75,3392.5,1329.4
2016-06-25 13:00,-442.92,3391,1332.6
2016-06-25 13:01,-442.95,3389.2,1337.7
2016-06-25 13:02,-444.28,3390.5,1335.8
2016-06-25 13:03,-442.45,3388.5,1336.6
2016-06-25 13:04,-440.68,3387.8,1331.8
2016-06-25 13:06,-439.05,3390.2,1331.1
2016-06-25 13:07,-441.08,3386.8,1328.9
2016-06-25 13:08,-439.45,3389.2,1333.6
2016-06-25 13:09,-438.98,3388.2,1333.8
2016-06-25 13:10,-439.9,3389,1338.1
2016-06-25 13:12,-438.2,3388.8,1335.0
2016-06-25 13:13,-439.2,3386.8,1332.1
2016-06-25 13:14,-441.0,3386,1334.7
2016-06-25 13:15,-439.82,3387,1333.0
2016-06-25 13:16,-443.0,3385.5,1329.5
2016-06-25 13:17,-445.0,3386.2,1332.2
2016-06-25 13:19,-443.4,3389,1331.3
2016-06-25 13:20,-439.78,3387.5,1329.3
2016-06-25 13:21,-440.98,3389,1331.5
2016-06-25 13:22,-437.28,3389.5,1331.4
2016-06-25 13:23,-439.45,3387.5,1328.0
2016-06-25 13:25,-440.75,3388.8,1334.1
2016-06-25 13:26,-442.0,3389.5,1338.6
2016-06-25 13:27,-442.1,3388.8,1336.3
2016-06-25 13:28,-441.5,3388.8,1336.3
2016-06-25 13:29,-441.65,3391.2,1339.5
2016-06-25 13:30,-441.85,3389.2,1335.9
2016-06-25 13:32,-442.65,3388.5,1338.2
2016-06-25 13:33,-445.15,3387.8,1337.8
2016-06-25 13:34,-440.0,3389.8,1336.4
2016-06-25 13:35,-442.6,3389,1337.7
2016-06-25 13:36,-441.05,3389.5,1334.2
2016-06-25 13:38,-440.0,3389.5,1332.6
2016-06-25 13:39,-440.35,3392,1331.4
2016-06-25 13:40,-440.38,3391,1332.6
2016-06-25 13:41,-440.9,3390.8,1332.4
2016-06-25 13:42,-437.0,3392.8,1330.2
2016-06-25 13:43,-436.85,3392.5,1331.0
2016-06-25 13:45,-437.9,3392,1329.6
2016-06-25 13:46,-438.52,3390.5,1331.6
2016-06-25 13:47,-440.45,3391.2,1332.1
2016-06-25 13:48,-440.3,3390.5,1329.1
2016-06-25 13:49,-439.45,3392,1333.1
2016-06-25 13:51,-439.8,3389.2,1331.7
2016-06-25 13:52,-439.6,3390.8,1335.0
2016-06-25 13:53,-440.88,3391.2,1332.3
2016-06-25 13:54,-440.7,3391,1333.8
2016-06-25 13:55,-436.72,3388.5,1334.2
2016-06-25 13:56,-436.02,3389.5,1331.6
2016-06-25 13:58,-441.3,3389.2,1330.6
2016-06-25 13:59,-442.45,3386.8,1330.6
2016-06-25 14:00,-443.28,3386.2,1332.2
2016-06-25 14:01,-443.92,3385.5,1330.4
2016-06-25 14:02,-443.92,3384.2,1327.4
2016-06-25 14:04,-443.05,3389.5,1331.2
2016-06-25 14:05,-440.82,3387.2,1330.5
2016-06-25 14:06,-444.38,3389,1330.7
2016-06-25 14:07,-442.65,3388.5,1330.6
2016-06-25 14:08,-440.25,3388.5,1331.9
2016-06-25 14:09,-438.32,3388,1327.6
2016-06-25 14:11,-442.82,3387.5,1333.4
2016-06-25 14:12,-442.2,3385.2,1328.4
2016-06-25 14:13,-442.42,3389.8,1329.2
2016-06-25 14:14,-443.22,3391.8,1333.4
2016-06-25 14:15,-443.9,3386.5,1332.2
2016-06-25 14:17,-441.82,3389.5,1326.5
2016-06-25 14:18,-443.05,3391.5,1327.8
2016-06-25 14:19,-440.15,3390.5,1330.2
2016-06-25 14:20,-438.75,3392.5,1329.4
2016-06-25 14:21,-441.72,3393.2,1331.0
2016-06-25 14:22,-440.15,3392.2,1332.8
2016-06-25 14:24,-441.68,3391.5,1331.9
2016-06-25 14:25,-440.58,3389.8,1330.4
2016-06-25 14:26,-440.38,3389,1332.3
2016-06-25 14:27,-442.5,3390,1331.6
2016-06-25 14:28,-441.9,3391.5,1331.6
2016-06-25 14:30,-440.68,3390.5,1334.9
2016-06-25 14:31,-439.8,3391.2,1331.7
2016-06-25 14:32,-439.65,3390,1333.2
2016-06-25 14:33,-440.15,3388.8,1331.5
2016-06-25 14:34,-438.65,3388.2,1330.9
2016-06-25 14:35,-439.72,3388.5,1335.2
2016-06-25 14:37,-442.02,3390,1331.9
2016-06-25 14:38,-443.32,3388.5,1332.0
2016-06-25 14:39,-440.52,3390.2,1332.0
2016-06-25 14:40,-441.0,3388.2,1331.6
2016-06-25 14:41,-438.48,3390,1328.0
2016-06-25 14:43,-435.3,3389.5,1329.0
2016-06-25 14:44,-434.65,3392.2,1334.2
2016-06-25 14:45,-440.72,3391,1328.3
2016-06-25 14:46,-441.6,3391,1329.2
2016-06-25 14:47,-442.55,3392.5,1331.4
2016-06-25 14:49,-439.35,3392,1333.7
2016-06-25 14:50,-438.52,3392.5,1332.0
2016-06-25 14:51,-438.8,3390,1334.5
2016-06-25 14:52,-439.25,3392.5,1336.3
2016-06-25 14:53,-437.2,3393.2,1334.5
2016-06-25 14:54,-439.28,3392,1334.7
2016-06-25 14:56,-437.85,3392.2,1335.5
2016-06-25 14:57,-437.42,3391,1337.1
2016-06-25 14:58,-438.38,3391.5,1335.0
2016-06-25 14:59,-441.0,3387.5,1329.7
2016-06-25 15:00,-438.25,3388.8,1335.6
2016-06-25 15:02,-440.85,3389,1334.4
2016-06-25 15:03,-439.32,3388,1337.4
2016-06-25 15:04,-441.9,3391.8,1341.9
2016-06-25 15:05,-440.25,3392.5,1336.1
2016-06-25 15:06,-438.58,3390.5,1335.9
2016-06-25 15:07,-440.8,3392.8,1334.8
2016-06-25 15:09,-436.6,3389.5,1331.5
2016-06-25 15:10,-439.82,3391.2,1328.5
2016-06-25 15:11,-437.95,3387,1331.7
2016-06-25 15:12,-436.85,3388.2,1334.4
2016-06-25 15:13,-437.85,3389,1331.6
2016-06-25 15:15,-437.32,3388.2,1327.4
2016-06-25 15:16,-435.75,3390,1327.8
2016-06-25 15:17,-438.32,3389.2,1326.7
2016-06-25 15:18,-436.95,3390.5,1326.8
2016-06-25 15:19,-438.4,3389.8,1324.0
2016-06-25 15:20,-438.78,3390.2,1330.8
2016-06-25 15:22,-437.82,3386.8,1330.2
2016-06-25 15:23,-440.12,3387.2,1326.5
2016-06-25 15:24,-439.8,3387.5,1331.0
2016-06-25 15:25,-439.52,3387.5,1334.2
2016-06-25 15:26,-442.55,3388.5,1331.0
2016-06-25 15:28,-441.78,3388.8,1332.6
2016-06-25 15:29,-439.85,3388.2,1331.0
2016-06-25 15:30,-440.05,3389,1328.1
2016-06-25 15:31,-438.65,3385.5,1331.8
2016-06-25 15:32,-439.92,3387,1330.2
2016-06-25 15:33,-440.75,3388.5,1331.5
2016-06-25 15:35,-438.55,3384,1332.8
2016-06-25 15:36,-438.72,3381.8,1330.4
2016-06-25 15:37,-438.95,3384,1333.2
2016-06-25 15:38,-437.65,3384.2,1333.9
2016-06-25 15:39,-434.7,3383,1332.8
2016-06-25 15:41,-436.3,3383.5,1336.6
2016-06-25 15:42,-434.32,3382.8,1330.8
2016-06-25 15:43,-434.52,3384.2,1330.3
2016-06-25 15:44,-433.88,3386.5,1329.4
2016-06-25 15:45,-434.22,3385.8,1334.4
2016-06-25 15:46,-435.45,3386,1331.5
2016-06-25 15:48,-434.58,3388.2,1329.2
2016-06-25 15:49,-434.68,3386,1331.8
2016-06-25 15:50,-436.12,3385,1331.8
2016-06-25 15:51,-437.55,3384.8,1328.1
2016-06-25 15:52,-434.75,3386.5,1330.5
2016-06-25 15:54,-436.42,3386.5,1332.8
2016-06-25 15:55,-439.98,3386.8,1331.4
2016-06-25 15:56,-436.75,3391.2,1333.0
2016-06-25 15:57,-435.18,3390.8,1332.0
2016-06-25 15:58,-437.48,3391,1330.3
2016-06-25 15:59,-436.75,3389,1327.1
2016-06-25 16:01,-437.45,3387.2,1329.4
2016-06-25 16:02,-436.65,3388.2,1328.9
2016-06-25 16:03,-434.58,3388,1333.2
2016-06-25 16:04,-435.9,3388,1327.2
2016-06-25 16:05,-436.28,3389.8,1327.4
2016-06-25 16:07,-433.75,3390.8,1325.8
2016-06-25 16:08,-432.35,3390,1328.2
2016-06-25 16:09,-431.98,3391,1325.9
2016-06-25 16:10,-435.25,3391.2,1330.0
2016-06-25 16:11,-433.18,3391.8,1327.4
2016-06-25 16:13,-432.2,3389.2,1327.0
2016-06-25 16:14,-434.55,3389.2,1327.5
2016-06-25 16:15,-436.1,3387.2,1327.2
2016-06-25 16:16,-436.0,3386.8,1326.4
2016-06-25 16:17,-434.48,3387,1328.4
2016-06-25 16:18,-435.12,3389.5,1331.7
2016-06-25 16:20,-435.12,3391,1330.4
2016-06-25 16:21,-434.3,3390.8,1327.5
2016-06-25 16:22,-435.0,3388.8,1330.2
2016-06-25 16:23,-434.58,3390.5,1330.0
2016-06-25 16:24,-433.25,3389.8,1328.4
2016-06-25 16:26,-433.5,3389.5,1326.8
2016-06-25 16:27,-434.62,3389,1330.7
2016-06-25 16:28,-433.4,3388.2,1329.6
2016-06-25 16:29,-433.55,3389.5,1331.6
2016-06-25 16:30,-432.3,3390,1331.2
2016-06-25 16:31,-433.8,3390,1329.2
2016-06-25 16:33,-434.35,3386.2,1328.0
2016-06-25 16:34,-432.45,3389.8,1327.6
2016-06-25 16:35,-433.35,3385,1330.9
2016-06-25 16:36,-433.3,3385.8,1333.2
2016-06-25 16:37,-435.32,3388.5,1326.8
2016-06-25 16:39,-434.08,3386.2,1324.5
2016-06-25 16:40,-435.05,3386.5,1326.0
2016-06-25 16:41,-433.02,3387.2,1322.7
2016-06-25 16:42,-433.75,3388,1324.9
2016-06-25 16:43,-434.28,3386.8,1323.4
2016-06-25 16:44,-435.15,3387.2,1327.8
2016-06-25 16:46,-437.1,3387.2,1329.8
2016-06-25 16:47,-434.02,3388.2,1331.3
2016-06-25 16:48,-436.5,3385.2,1327.2
2016-06-25 16:49,-437.1,3387.2,1326.9
2016-06-25 16:50,-435.42,3384.2,1330.7
2016-06-25 16:52,-435.05,3386,1324.3
2016-06-25 16:53,-437.75,3386.8,1325.6
2016-06-25 16:54,-434.85,3386.2,1330.4
2016-06-25 16:55,-430.5,3388,1331.8
2016-06-25 16:56,-432.7,3389,1329.4
2016-06-25 16:57,-431.45,3388.2,1332.0
2016-06-25 16:59,-431.78,3388.2,1333.2
2016-06-25 17:00,-433.12,3390,1332.8
2016-06-25 17:01,-436.98,3388.2,1328.8
2016-06-25 17:02,-432.6,3388.8,1329.3
2016-06-25 17:03,-436.08,3387.8,1328.0
2016-06-25 17:05,-430.78,3386.5,1327.0
2016-06-25 17:06,-429.68,3389,1327.7
2016-06-25 17:07,-431.78,3386.8,1332.8
2016-06-25 17:08,-432.38,3388.5,1329.8
2016-06-25 17:09,-434.02,3388.2,1332.8
2016-06-25 17:10,-431.72,3388.2,1327.2
2016-06-25 17:12,-433.58,3387.8,1328.9
2016-06-25 17:13,-437.35,3387.5,1329.0
2016-06-25 17:14,-437.6,3388,1327.7
2016-06-25 17:15,-435.15,3385.5,1331.2
2016-06-25 17:16,-434.5,3383.2,1331.1
2016-06-25 17:18,-435.62,3382.5,1330.4
2016-06-25 17:19,-435.45,3388.2,1331.7
2016-06-25 17:20,-430.68,3385.2,1333.0
2016-06-25 17:21,-429.82,3385,1340.8
2016-06-25 17:22,-433.02,3387,1335.2
2016-06-25 17:23,-432.35,3387.2,1339.5
2016-06-25 17:25,-432.5,3387.8,1334.6
2016-06-25 17:26,-433.4,3388.2,1337.3
2016-06-25 17:27,-432.52,3387.8,1333.7
2016-06-25 17:28,-430.02,3385.8,1334.4
2016-06-25 17:29,-434.05,3385.5,1334.0
2016-06-25 17:31,-433.28,3387.8,1332.8
2016-06-25 17:32,-433.15,3388,1336.8
2016-06-25 17:33,-433.38,3388,1334.6
2016-06-25 17:34,-433.4,3388.5,1337.1
2016-06-25 17:35,-429.68,3385,1331.2
2016-06-25 17:36,-430.55,3386.5,1332.7
2016-06-25 17:38,-428.68,3386.5,1334.9
2016-06-25 17:39,-428.55,3387,1332.4
2016-06-25 17:40,-428.0,3391.2,1331.8
2016-06-25 17:41,-426.72,3388.2,1332.6
2016-06-25 17:42,-427.95,3388.5,1333.5
2016-06-25 17:44,-427.05,3386.8,1333.0
2016-06-25 17:45,-431.0,3384,1331.7
2016-06-25 17:46,-427.88,3385,1334.0
2016-06-25 17:47,-428.18,3383.5,1331.8
2016-06-25 17:48,-428.48,3384.8,1335.3
2016-06-25 17:50,-428.0,3383,1340.4
2016-06-25 17:51,-429.58,3388.2,1341.6
2016-06-25 17:52,-427.52,3385,1336.1
2016-06-25 17:53,-427.48,3386.5,1336.7
2016-06-25 17:54,-426.95,3386,1342.0
2016-06-25 17:55,-428.2,3386.2,1335.8
2016-06-25 17:57,-428.58,3385.2,1336.8
2016-06-25 17:58,-426.15,3385,1338.1
2016-06-25 17:59,-428.65,3386,1334.1
2016-06-25 18:00,-425.88,3387.5,1334.8
2016-06-25 18:01,-425.48,3386.2,1333.0
2016-06-25 18:03,-429.32,3387.5,1335.2
2016-06-25 18:04,-427.82,3386.2,1336.9
2016-06-25 18:05,-429.58,3388,1335.2
2016-06-25 18:06,-426.22,3388.2,1336.2
2016-06-25 18:07,-428.1,3390.5,1335.7
2016-06-25 18:08,-429.62,3387.5,1337.6
2016-06-25 18:10,-429.6,3386.8,1331.8
2016-06-25 18:11,-430.9,3387.5,1336.2
2016-06-25 18:12,-428.88,3387.2,1332.4
2016-06-25 18:13,-428.42,3389.2,1331.4
2016-06-25 18:14,-431.65,3386.8,1329.4
2016-06-25 18:16,-428.7,3385,1334.8
2016-06-25 18:17,-429.18,3386.2,1337.2
2016-06-25 18:18,-430.05,3386.5,1335.7
2016-06-25 18:19,-429.68,3387.8,1338.8
2016-06-25 18:20,-428.0,3383.8,1335.0
2016-06-25 18:21,-427.22,3384,1333.7
2016-06-25 18:23,-429.45,3388,1334.4
2016-06-25 18:24,-427.18,3385,1332.0
2016-06-25 18:25,-428.4,3385.5,1329.2
2016-06-25 18:26,-428.82,3386.8,1328.6
2016-06-25 18:27,-426.3,3385.5,1328.4
2016-06-25 18:29,-426.35,3383,1336.9
2016-06-25 18:30,-427.65,3380,1334.0
2016-06-25 18:31,-428.15,3379.2,1332.2
2016-06-25 18:32,-429.0,3378.2,1333.8
2016-06-25 18:33,-432.05,3380.8,1333.4
2016-06-25 18:34,-427.65,3382,1334.4
2016-06-25 18:36,-424.6,3381.5,1335.5
2016-06-25 18:37,-423.62,3381.5,1332.8
2016-06-25 18:38,-423.6,3383.8,1330.8
2016-06-25 18:39,-427.8,3387.2,1329.4
2016-06-25 18:40,-427.65,3390,1331.4
2016-06-25 18:42,-427.7,3386.2,1333.8
2016-06-25 18:43,-427.28,3386.5,1333.1
2016-06-25 18:44,-428.02,3385.2,1333.6
2016-06-25 18:45,-428.32,3385.5,1326.4
2016-06-25 18:46,-429.05,3384,1328.7
2016-06-25 18:47,-429.82,3386,1333.9
2016-06-25 18:49,-426.6,3384,1332.4
2016-06-25 18:50,-429.3,3383.8,1330.1
2016-06-25 18:51,-428.08,3383.8,1329.7
2016-06-25 18:52,-428.0,3388,1333.5
2016-06-25 18:53,-427.48,3384.8,1336.2
2016-06-25 18:55,-428.9,3385.8,1334.7
2016-06-25 18:56,-427.78,3386.5,1334.5
2016-06-25 18:57,-426.98,3383.8,1337.3
2016-06-25 18:58,-427.35,3382,1332.9
2016-06-25 18:59,-425.25,3382,1336.6
2016-06-25 19:00,-426.48,3383,1335.4
2016-06-25 19:02,-425.48,3382,1334.4
2016-06-25 19:03,-426.35,3382,1335.6
2016-06-25 19:04,-427.65,3382.5,1334.0
2016-06-25 19:05,-427.38,3383,1335.8
2016-06-25 19:06,-426.72,3382,1328.1
2016-06-25 19:08,-428.12,3384,1328.1
2016-06-25 19:09,-427.7,3385.2,1334.1
2016-06-25 19:10,-431.75,3384,1333.3
2016-06-25 19:11,-433.02,3384.2,1331.6
2016-06-25 19:12,-431.8,3384.5,1333.6
2016-06-25 19:13,-431.5,3385,1332.6
2016-06-25 19:15,-427.85,3385.5,1335.6
2016-06-25 19:16,-427.9,3384.8,1334.4
2016-06-25 19:17,-428.75,3385,1336.3
2016-06-25 19:18,-429.35,3381.8,1340.5
2016-06-25 19:19,-430.25,3387,1342.3
2016-06-25 19:21,-427.6,3385.2,1338.6
2016-06-25 19:22,-425.82,3387.5,1340.9
2016-06-25 19:23,-426.4,3388,1342.4
2016-06-25 19:24,-428.5,3386.2,1341.9
2016-06-25 19:25,-427.85,3384.2,1340.0
2016-06-25 19:27,-428.22,3385.5,1337.6
2016-06-25 19:28,-426.0,3385.2,1339.0
2016-06-25 19:29,-429.45,3384.5,1338.1
2016-06-25 19:30,-428.22,3383.8,1342.3
2016-06-25 19:31,-428.82,3383,1339.3
2016-06-25 19:32,-429.12,3385.5,1337.0
2016-06-25 19:34,-428.15,3383.8,1329.9
2016-06-25 19:35,-425.7,3386.2,1330.4
2016-06-25 19:36,-427.15,3385,1328.7
2016-06-25 19:37,-425.35,3386.2,1334.2
2016-06-25 19:38,-428.12,3386.2,1333.9
2016-06-25 19:40,-430.28,3387,1332.6
2016-06-25 19:41,-428.98,3388,1335.9
2016-06-25 19:42,-426.98,3388.2,1337.4
2016-06-25 19:43,-428.15,3385.5,1341.3
2016-06-25 19:44,-428.3,3387.5,1335.9
2016-06-25 19:45,-424.88,3387,1338.1
2016-06-25 19:47,-424.15,3385.8,1336.7
2016-06-25 19:48,-428.88,3388.2,1335.4
2016-06-25 19:49,-425.0,3385.8,1334.1
2016-06-25 19:50,-428.3,3385.5,1336.6
2016-06-25 19:51,-427.35,3384.5,1335.6
2016-06-25 19:53,-427.0,3382.2,1336.0
2016-06-25 19:54,-428.38,3385.8,1337.8
2016-06-25 19:55,-429.2,3383.8,1341.0
2016-06-25 19:56,-426.92,3383,1342.8
2016-06-25 19:57,-431.35,3385,1342.8
2016-06-25 19:58,-429.6,3386.8,1335.2
2016-06-25 20:00,-432.12,3383,1340.0
2016-06-25 20:01,-430.75,3385.2,1338.9
2016-06-25 20:02,-431.8,3389,1337.3
2016-06-25 20:03,-428.6,3385.8,1331.2
2016-06-25 20:04,-431.15,3387.5,1331.4
2016-06-25 20:06,-428.48,3385.8,1332.5
2016-06-25 20:07,-427.52,3383,1332.9
2016-06-25 20:08,-424.95,3384.5,1331.0
2016-06-25 20:09,-428.08,3386.8,1332.4
2016-06-25 20:10,-427.95,3387,1333.0
2016-06-25 20:11,-426.58,3383.2,1334.6
2016-06-25 20:13,-424.82,3385,1333.2
2016-06-25 20:14,-427.95,3388.5,1335.4
2016-06-25 20:15,-424.92,3389,1336.3
2016-06-25 20:16,-426.15,3387.2,1333.8
2016-06-25 20:17,-426.22,3386.5,1333.8
2016-06-25 20:19,-429.2,3384.5,1340.4
2016-06-25 20:20,-426.2,3385.5,1339.3
2016-06-25 20:21,-426.68,3385.8,1337.5
2016-06-25 20:22,-427.62,3386,1338.4
2016-06-25 20:23,-428.55,3386,1342.2
2016-06-25 20:24,-426.32,3387.2,1337.4
2016-06-25 20:26,-425.68,3385.5,1337.0
2016-06-25 20:27,-425.1,3385.5,1340.8
2016-06-25 20:28,-424.88,3385.2,1343.0
2016-06-25 20:29,-424.98,3387,1333.6
2016-06-25 20:30,-426.4,3386.5,1333.0
2016-06-25 20:32,-425.7,3387.5,1334.8
2016-06-25 20:33,-424.55,3388.5,1331.2
2016-06-25 20:34,-425.92,3386,1333.3
2016-06-25 20:35,-424.92,3387,1335.0
2016-06-25 20:36,-422.88,3385.2,1338.4
2016-06-25 20:37,-425.15,3384,1340.1
2016-06-25 20:39,-425.28,3385,1336.0
2016-06-25 20:40,-424.8,3385,1334.8
2016-06-25 20:41,-424.98,3383.8,1336.5
2016-06-25 20:42,-425.15,3381.8,1338.3
2016-06-25 20:43,-425.32,3386.8,1339.8
2016-06-25 20:45,-422.95,3388.5,1336.8
2016-06-25 20:46,-423.98,3387.5,1332.4
2016-06-25 20:47,-423.42,3385,1336.9
2016-06-25 20:48,-424.68,3384.8,1336.3
2016-06-25 20:49,-422.88,3387.2,1337.2
2016-06-25 20:50,-425.5,3386,1335.0
2016-06-25 20:52,-422.52,3385,1337.2
2016-06-25 20:53,-423.35,3387,1335.2
2016-06-25 20:54,-421.12,3389.5,1336.6
2016-06-25 20:55,-418.85,3386.8,1340.8
2016-06-25 20:56,-420.78,3386.8,1336.8
2016-06-25 20:58,-423.7,3385.2,1339.9
2016-06-25 20:59,-421.6,3384.2,1338.6
2016-06-25 21:00,-422.12,3383,1338.4
2016-06-25 21:01,-423.58,3384.5,1338.5
2016-06-25 21:02,-421.65,3385,1337.4
2016-06-25 21:04,-422.6,3382,1333.7
2016-06-25 21:05,-421.3,3383.5,1331.0
2016-06-25 21:06,-420.58,3386.8,1330.2
2016-06-25 21:07,-421.15,3387,1330.6
2016-06-25 21:08,-419.18,3388,1333.6
2016-06-25 21:09,-418.15,3387.2,1332.3
2016-06-25 21:11,-416.1,3388,1333.2
2016-06-25 21:12,-419.42,3384.8,1330.5
2016-06-25 21:13,-418.72,3385,1334.6
2016-06-25 21:14,-423.12,3384.5,1333.2
2016-06-25 21:15,-421.68,3383.8,1333.0
2016-06-25 21:17,-421.3,3388,1335.9
2016-06-25 21:18,-420.68,3384.2,1340.0
2016-06-25 21:19,-422.22,3387,1338.4
2016-06-25 21:20,-419.1,3386.5,1336.2
2016-06-25 21:21,-419.38,3385.2,1335.8
2016-06-25 21:22,-419.85,3387,1335.1
2016-06-25 21:24,-417.82,3388.5,1337.1
2016-06-25 21:25,-413.48,3387.5,1336.7
2016-06-25 21:26,-416.82,3385.8,1335.6
2016-06-25 21:27,-420.02,3386.8,1337.6
2016-06-25 21:28,-419.28,3387.5,1337.5
2016-06-25 21:30,-418.85,3386.5,1336.0
2016-06-25 21:31,-419.6,3384,1340.0
2016-06-25 21:32,-418.65,3387.5,1337.9
2016-06-25 21:33,-419.52,3383.8,1335.9
2016-06-25 21:34,-422.65,3383,1337.4
2016-06-25 21:35,-422.15,3385,1335.7
2016-06-25 21:37,-422.85,3386.5,1337.6
2016-06-25 21:38,-421.25,3384.2,1339.6
2016-06-25 21:39,-420.08,3387.2,1339.9
2016-06-25 21:40,-421.6,3385,1339.4
2016-06-25 21:41,-425.1,3383.8,1339.4
2016-06-25 21:43,-424.6,3384.2,1336.4
2016-06-25 21:44,-424.38,3380.5,1335.9
2016-06-25 21:45,-421.5,3383.2,1335.7
2016-06-25 21:46,-419.2,3381.2,1336.0
2016-06-25 21:47,-421.42,3383,1337.9
2016-06-25 21:48,-416.68,3383.5,1335.0
2016-06-25 21:50,-420.58,3381.5,1343.3
2016-06-25 21:51,-421.28,3384.5,1337.8
2016-06-25 21:52,-422.48,3381.2,1336.8
2016-06-25 21:53,-423.1,3382,1336.6
2016-06-25 21:54,-424.68,3385.2,1341.0
2016-06-25 21:56,-425.0,3383.5,1337.6
2016-06-25 21:57,-424.2,3385.8,1337.2
2016-06-25 21:58,-425.62,3381.8,1337.0
2016-06-25 21:59,-422.38,3379.5,1338.6
2016-06-25 22:00,-420.22,3382.2,1338.0
2016-06-25 22:01,-420.68,3383.5,1337.6
2016-06-25 22:03,-421.58,3385.2,1337.7
2016-06-25 22:04,-424.42,3384.8,1338.3
2016-06-25 22:05,-422.3,3384,1337.3
2016-06-25 22:06,-422.35,3383.5,1338.4
2016-06-25 22:07,-423.12,3382.2,1336.1
2016-06-25 22:09,-423.9,3383,1335.2
2016-06-25 22:10,-422.45,3383,1339.5
2016-06-25 22:11,-420.25,3383,1337.2
2016-06-25 22:12,-421.42,3385.2,1336.4
2016-06-25 22:13,-423.28,3385.8,1335.8
2016-06-25 22:14,-423.45,3383,1339.7
2016-06-25 22:16,-421.38,3382.8,1335.2
2016-06-25 22:17,-421.8,3383.8,1336.6
2016-06-25 22:18,-420.98,3382.5,1332.7
2016-06-25 22:19,-423.92,3383.2,1333.3
2016-06-25 22:20,-424.82,3380.8,1336.2
2016-06-25 22:22,-420.82,3383,1336.2
2016-06-25 22:23,-420.0,3383.2,1338.0
2016-06-25 22:24,-421.32,3384.8,1336.8
2016-06-25 22:25,-420.32,3381,1334.7
2016-06-25 22:26,-418.38,3382,1338.1
2016-06-25 22:28,-421.4,3383.2,1338.9
2016-06-25 22:29,-422.7,3383,1338.2
2016-06-25 22:30,-420.4,3381.8,1334.7
2016-06-25 22:31,-419.88,3380.5,1335.9
2016-06-25 22:32,-419.68,3380.5,1333.8
2016-06-25 22:33,-418.05,3383.5,1332.9
2016-06-25 22:35,-422.1,3383.2,1332.1
2016-06-25 22:36,-423.22,3383.5,1334.1
2016-06-25 22:37,-427.52,3382.8,1334.6
2016-06-25 22:38,-424.38,3383.5,1332.4
2016-06-25 22:39,-422.1,3384.8,1335.0
2016-06-25 22:41,-421.15,3385.5,1335.6
2016-06-25 22:42,-422.25,3388.2,1336.6
2016-06-25 22:43,-423.92,3387.2,1337.6
2016-06-25 22:44,-425.08,3385.2,1341.7
2016-06-25 22:45,-426.12,3382.8,1337.8
2016-06-25 22:46,-426.32,3384.8,1339.9
2016-06-25 22:48,-424.3,3382.5,1339.9
2016-06-25 22:49,-425.58,3382.5,1340.1
2016-06-25 22:50,-425.05,3384.2,1337.2
2016-06-25 22:51,-421.4,3382.5,1339.5
2016-06-25 22:52,-424.62,3386,1342.0
2016-06-25 22:54,-424.75,3383.2,1340.2
2016-06-25 22:55,-423.68,3382.5,1339.7
2016-06-25 22:56,-423.45,3386.2,1337.2
2016-06-25 22:57,-423.7,3387,1340.0
2016-06-25 22:58,-424.72,3384.5,1337.5
2016-06-25 22:59,-421.7,3385.5,1340.5
2016-06-25 23:01,-423.18,3386.8,1334.3
2016-06-25 23:02,-424.75,3387.8,1332.7
2016-06-25 23:03,-426.95,3385.8,1334.7
2016-06-25 23:04,-425.55,3386.2,1333.1
2016-06-25 23:05,-425.05,3384.2,1331.8
2016-06-25 23:07,-426.3,3387,1332.1
2016-06-25 23:08,-428.62,3390,1336.3
2016-06-25 23:09,-431.1,3386.2,1334.2
2016-06-25 23:10,-430.88,3387,1331.2
2016-06-25 23:11,-427.48,3385.5,1333.8
2016-06-25 23:12,-426.42,3387.2,1331.9
2016-06-25 23:14,-428.1,3387.2,1336.4
2016-06-25 23:15,-429.38,3388.2,1332.0
2016-06-25 23:16,-430.7,3387.2,1330.5
2016-06-25 23:17,-432.3,3386.8,1330.6
2016-06-25 23:18,-433.35,3386.2,1331.0
2016-06-25 23:20,-431.82,3386,1330.7
2016-06-25 23:21,-432.6,3386.5,1328.2
2016-06-25 23:22,-431.4,3386.2,1331.0
2016-06-25 23:23,-429.82,3388.5,1333.2
2016-06-25 23:24,-429.25,3385,1333.9
2016-06-25 23:25,-427.65,3384.5,1327.8
2016-06-25 23:27,-434.1,3385.5,1330.5
2016-06-25 23:28,-430.62,3383.5,1332.4
2016-06-25 23:29,-429.12,3382.8,1334.0
2016-06-25 23:30,-429.92,3384.5,1327.9
2016-06-25 23:31,-431.18,3384,1337.2
2016-06-25 23:33,-430.22,3389,1332.0
2016-06-25 23:34,-432.95,3388,1333.4
2016-06-25 23:35,-435.2,3384.2,1337.0
2016-06-25 23:36,-431.8,3386.8,1337.0
2016-06-25 23:37,-430.15,3387.2,1336.5
2016-06-25 23:38,-432.3,3385.5,1332.3
2016-06-25 23:40,-431.65,3385.8,1332.8
2016-06-25 23:41,-431.32,3386,1334.2
2016-06-25 23:42,-430.1,3387,1337.1
2016-06-25 23:43,-429.25,3386,1331.0
2016-06-25 23:44,-426.88,3385.2,1331.0
2016-06-25 23:46,-428.3,3386,1336.2
2016-06-25 23:47,-429.4,3385.5,1330.1
2016-06-25 23:48,-430.22,3384.2,1332.1
2016-06-25 23:49,-428.02,3386.2,1332.0
2016-06-25 23:50,-427.4,3388,1330.4
2016-06-25 23:51,-430.35,3389,1328.2
2016-06-25 23:53,-428.05,3387,1332.9
2016-06-25 23:54,-431.98,3387.8,1334.2
2016-06-25 23:55,-429.55,3389.5,1336.0
2016-06-25 23:56,-426.75,3387.8,1337.2
2016-06-25 23:57,-425.55,3387.8,1337.6
2016-06-25 23:59,-424.82,3386,1334.8
2016-06-26 00:00,-425.7,3384.8,1335.7
2016-06-26 00:01,-427.58,3382.8,1336.2
2016-06-26 00:02,-427.32,3383.8,1336.4
2016-06-26 00:03,-426.3,3382.8,1338.5
2016-06-26 00:05,-429.72,3383,1332.4
2016-06-26 00:06,-428.65,3383.8,1330.7
2016-06-26 00:07,-431.0,3381.2,1329.4
2016-06-26 00:08,-427.6,3383.5,1328.4
2016-06-26 00:09,-427.68,3380.2,1330.6
2016-06-26 00:10,-428.28,3380.2,1332.4
2016-06-26 00:12,-427.2,3382.8,1333.6
2016-06-26 00:13,-427.0,3383.8,1335.9
2016-06-26 00:14,-427.58,3382,1336.0
2016-06-26 00:15,-425.02,3383.2,1330.8
2016-06-26 00:16,-426.48,3379.5,1335.2
2016-06-26 00:18,-427.92,3381.8,1334.0
2016-06-26 00:19,-428.15,3382.5,1333.8
2016-06-26 00:20,-428.35,3383.5,1334.1
2016-06-26 00:21,-427.78,3383.8,1330.2
2016-06-26 00:22,-430.15,3387,1334.2
2016-06-26 00:23,-429.58,3389.8,1332.8
2016-06-26 00:25,-431.35,3385.2,1332.5
2016-06-26 00:26,-427.82,3385,1334.8
2016-06-26 00:27,-424.92,3383.2,1333.1
2016-06-26 00:28,-424.1,3381.2,1333.9
2016-06-26 00:29,-425.72,3383,1334.1
2016-06-26 00:31,-428.0,3380.5,1336.7
2016-06-26 00:32,-427.78,3381,1337.1
2016-06-26 00:33,-427.92,3382.8,1331.2
2016-06-26 00:34,-426.6,3382.2,1335.1
2016-06-26 00:35,-428.72,3382.8,1340.8
2016-06-26 00:36,-426.5,3382,1339.4
2016-06-26 00:38,-426.5,3383.2,1339.4
2016-06-26 00:39,-425.42,3385.2,1336.7
2016-06-26 00:40,-426.25,3383.5,1342.2
2016-06-26 00:41,-426.85,3383.5,1344.7
2016-06-26 00:42,-428.3,3381,1343.6
2016-06-26 00:44,-421.95,3384.8,1337.8
2016-06-26 00:45,-422.18,3381.5,1344.0
2016-06-26 00:46,-423.38,3379.8,1336.0
2016-06-26 00:47,-420.98,3380.8,1340.6
2016-06-26 00:48,-420.3,3381.5,1339.1
2016-06-26 00:49,-423.82,3383.8,1341.6
2016-06-26 00:51,-422.65,3384.5,1338.6
2016-06-26 00:52,-424.28,3382.5,1343.0
2016-06-26 00:53,-423.72,3385.5,1341.3
2016-06-26 00:54,-422.65,3384.2,1341.3
2016-06-26 00:55,-424.82,3385.2,1339.4
2016-06-26 00:57,-421.2,3386.2,1342.4
2016-06-26 00:58,-423.2,3384,1341.8
2016-06-26 00:59,-423.12,3385.8,1339.6
2016-06-26 01:00,-423.2,3385.8,1336.4
2016-06-26 01:01,-420.82,3384,1336.0
2016-06-26 01:02,-422.18,3383.8,1340.1
2016-06-26 01:04,-422.1,3383.5,1339.9
2016-06-26 01:05,-424.58,3383.8,1337.4
2016-06-26 01:06,-422.95,3383.8,1338.7
2016-06-26 01:07,-423.88,3385,1335.7
2016-06-26 01:08,-422.65,3384.2,1339.8
2016-06-26 01:10,-418.18,3381.5,1336.4
2016-06-26 01:11,-419.75,3380.2,1336.2
2016-06-26 01:12,-417.75,3383,1331.9
2016-06-26 01:13,-418.48,3384.2,1333.3
2016-06-26 01:14,-418.7,3384,1333.2
2016-06-26 01:15,-418.55,3385,1337.2
2016-06-26 01:17,-419.5,3385.2,1335.3
2016-06-26 01:18,-419.1,3385,1335.7
2016-06-26 01:19,-418.15,3385.2,1333.7
2016-06-26 01:20,-419.85,3387,1332.3
2016-06-26 01:21,-422.3,3384.5,1336.2
2016-06-26 01:23,-421.9,3387.5,1338.2
2016-06-26 01:24,-420.45,3384.8,1336.8
2016-06-26 01:25,-420.55,3384.5,1333.4
2016-06-26 01:26,-420.6,3385,1335.5
2016-06-26 01:27,-421.45,3383.5,1334.4
2016-06-26 01:29,-427.7,3383,1340.7
2016-06-26 01:30,-424.78,3382.5,1339.3
2016-06-26 01:31,-425.98,3382.8,1335.6
2016-06-26 01:32,-423.78,3382.5,1336.2
2016-06-26 01:33,-425.85,3385,1339.3
2016-06-26 01:34,-422.22,3385,1340.6
2016-06-26 01:36,-423.35,3382.8,1338.6
2016-06-26 01:37,-421.35,3384.2,1336.5
2016-06-26 01:38,-419.45,3382.8,1337.3
2016-06-26 01:39,-421.5,3384.5,1336.8
2016-06-26 01:40,-421.82,3383.2,1336.8
2016-06-26 01:42,-422.3,3382,1339.3
2016-06-26 01:43,-423.02,3383,1340.4
2016-06-26 01:44,-422.5,3383.8,1342.1
2016-06-26 01:45,-419.62,3384.8,1340.5
2016-06-26 01:46,-418.75,3382,1340.6
2016-06-26 01:47,-419.62,3381,1339.9
2016-06-26 01:49,-420.62,3383.8,1335.6
2016-06-26 01:50,-421.08,3382.8,1341.7
2016-06-26 01:51,-420.15,3385.2,1345.0
2016-06-26 01:52,-421.3,3383.5,1341.6
2016-06-26 01:53,-421.88,3384.2,1337.6
2016-06-26 01:55,-419.38,3387.2,1338.5
2016-06-26 01:56,-419.82,3384,1336.5
2016-06-26 01:57,-421.18,3386.5,1338.4
2016-06-26 01:58,-422.05,3387,1333.1
2016-06-26 01:59,-420.6,3387.5,1335.5
2016-06-26 02:00,-418.58,3385,1340.5
2016-06-26 02:02,-417.5,3387.2,1339.5
2016-06-26 02:03,-417.7,3384.5,1337.5
2016-06-26 02:04,-418.82,3383.5,1337.2
2016-06-26 02:05,-419.38,3387,1339.8
2016-06-26 02:06,-418.7,3388,1342.8
2016-06-26 02:08,-419.98,3388.5,1341.4
2016-06-26 02:09,-419.52,3388.2,1340.7
2016-06-26 02:10,-419.45,3388,1340.5
2016-06-26 02:11,-422.08,3389,1345.0
2016-06-26 02:12,-422.6,3389,1341.4
2016-06-26 02:13,-423.18,3389.8,1341.8
2016-06-26 02:15,-419.25,3388.8,1342.7
2016-06-26 02:16,-419.8,3387.2,1342.3
2016-06-26 02:17,-418.4,3389.8,1340.0
2016-06-26 02:18,-418.25,3388.8,1335.6
2016-06-26 02:19,-422.78,3389,1339.6
2016-06-26 02:21,-421.5,3387,1339.7
2016-06-26 02:22,-421.95,3390,1342.6
2016-06-26 02:23,-421.8,3387.8,1338.2
2016-06-26 02:24,-421.38,3385.2,1338.0
2016-06-26 02:25,-421.2,3384,1344.0
2016-06-26 02:26,-421.7,3384,1345.0
2016-06-26 02:28,-420.48,3383,1341.0
2016-06-26 02:29,-420.45,3386.8,1341.6
2016-06-26 02:30,-419.6,3386.5,1338.9
2016-06-26 02:31,-420.05,3386.5,1341.4
2016-06-26 02:32,-421.82,3386.2,1340.0
2016-06-26 02:34,-422.42,3386,1338.8
2016-06-26 02:35,-422.5,3382.8,1334.3
2016-06-26 02:36,-424.78,3386,1335.8
2016-06-26 02:37,-423.12,3385.5,1337.4
2016-06-26 02:38,-421.98,3384.5,1337.6
2016-06-26 02:39,-420.15,3388,1338.4
2016-06-26 02:41,-422.12,3383,1337.2
2016-06-26 02:42,-421.9,3385.2,1336.0
2016-06-26 02:43,-420.58,3383.8,1337.8
2016-06-26 02:44,-423.0,3383.5,1338.0
2016-06-26 02:45,-421.78,3382.2,1344.3
2016-06-26 02:47,-421.95,3384.5,1345.3
2016-06-26 02:48,-420.32,3383.2,1348.0
2016-06-26 02:49,-421.28,3387.5,1339.7
2016-06-26 02:50,-421.5,3386.5,1341.4
2016-06-26 02:51,-420.5,3386,1334.0
2016-06-26 02:52,-420.58,3385,1334.2
2016-06-26 02:54,-421.75,3386,1336.1
2016-06-26 02:55,-419.3,3385.5,1337.5
2016-06-26 02:56,-418.55,3384.5,1337.7
2016-06-26 02:57,-418.8,3385,1341.4
2016-06-26 02:58,-414.8,3384,1339.2
2016-06-26 03:00,-418.75,3386.5,1340.1
2016-06-26 03:01,-417.32,3385.2,1340.6
2016-06-26 03:02,-416.02,3384.5,1341.6
2016-06-26 03:03,-416.68,3383.2,1339.2
2016-06-26 03:04,-420.25,3386.8,1340.1
2016-06-26 03:06,-418.1,3386,1343.8
2016-06-26 03:07,-416.05,3384.5,1342.1
2016-06-26 03:08,-415.2,3383.8,1344.2
2016-06-26 03:09,-413.45,3383.8,1338.8
2016-06-26 03:10,-414.42,3382.2,1341.6
2016-06-26 03:11,-416.75,3381,1341.2
2016-06-26 03:13,-414.98,3382.5,1341.5
2016-06-26 03:14,-415.02,3382.2,1345.6
2016-06-26 03:15,-415.52,3381.5,1341.9
2016-06-26 03:16,-417.75,3384.2,1340.4
2016-06-26 03:17,-415.7,3380.2,1339.2
2016-06-26 03:19,-416.68,3382.8,1344.4
2016-06-26 03:20,-415.68,3383.2,1343.8
2016-06-26 03:21,-413.82,3383,1337.5
2016-06-26 03:22,-413.82,3381.5,1340.9
2016-06-26 03:23,-411.68,3384.2,1343.0
2016-06-26 03:24,-414.78,3383.8,1339.2
2016-06-26 03:26,-415.7,3379.8,1341.5
2016-06-26 03:27,-414.8,3382.2,1341.2
2016-06-26 03:28,-416.6,3381.5,1343.2
2016-06-26 03:29,-416.55,3382.5,1342.4
2016-06-26 03:30,-416.48,3383.5,1338.0
2016-06-26 03:32,-418.45,3379.8,1334.4
2016-06-26 03:33,-417.55,3381,1338.4
2016-06-26 03:34,-418.55,3381.2,1336.3
2016-06-26 03:35,-417.05,3381.5,1337.2
2016-06-26 03:36,-415.6,3382,1338.0
2016-06-26 03:37,-417.75,3383,1338.1
2016-06-26 03:39,-420.78,3380.8,1337.8
2016-06-26 03:40,-417.78,3379.8,1337.2
2016-06-26 03:41,-419.88,3380.2,1337.3
2016-06-26 03:42,-418.1,3381,1337.0
2016-06-26 03:43,-419.7,3383.2,1336.2
2016-06-26 03:45,-420.62,3382.5,1334.1
2016-06-26 03:46,-419.98,3379.8,1337.2
2016-06-26 03:47,-418.8,3381.5,1337.9
2016-06-26 03:48,-419.18,3382.8,1344.8
2016-06-26 03:49,-417.35,3382.2,1341.1
2016-06-26 03:50,-416.5,3383.2,1336.2
2016-06-26 03:52,-417.08,3384,1335.6
2016-06-26 03:53,-417.82,3382.5,1339.6
2016-06-26 03:54,-417.82,3381.5,1336.0
2016-06-26 03:55,-418.9,3380.5,1340.0
2016-06-26 03:56,-417.9,3384.2,1339.1
2016-06-26 03:58,-413.72,3383.8,1338.1
2016-06-26 03:59,-411.65,3383.8,1334.3
2016-06-26 04:00,-413.58,3382.5,1336.0
2016-06-26 04:01,-414.7,3381.2,1340.7
2016-06-26 04:02,-414.1,3382,1336.5
2016-06-26 04:03,-414.25,3381.5,1342.0
2016-06-26 04:05,-416.2,3381,1340.6
2016-06-26 04:06,-415.05,3383.2,1337.4
2016-06-26 04:07,-413.12,3384,1342.5
2016-06-26 04:08,-415.02,3380.8,1342.2
2016-06-26 04:09,-418.52,3382.2,1347.7
2016-06-26 04:11,-414.18,3381.5,1347.1
2016-06-26 04:12,-415.78,3385.5,1344.2
2016-06-26 04:13,-412.5,3380,1342.0
2016-06-26 04:14,-413.98,3379.5,1338.9
2016-06-26 04:15,-412.92,3381.8,1344.4
2016-06-26 04:16,-412.6,3381,1345.4
2016-06-26 04:18,-408.72,3379.8,1340.3
2016-06-26 04:19,-413.62,3381,1343.6
2016-06-26 04:20,-411.98,3380.5,1344.3
2016-06-26 04:21,-410.58,3378.8,1338.4
2016-06-26 04:22,-409.55,3383.8,1332.6
2016-06-26 04:24,-409.75,3380.5,1337.4
2016-06-26 04:25,-407.55,3381.8,1338.9
2016-06-26 04:26,-407.15,3380.2,1338.6
2016-06-26 04:27,-407.32,3381.2,1341.1
2016-06-26 04:28,-404.6,3383,1339.6
2016-06-26 04:30,-406.1,3379.8,1344.4
2016-06-26 04:31,-405.75,3381.2,1339.8
2016-06-26 04:32,-404.5,3379.8,1342.5
2016-06-26 04:33,-404.22,3379.8,1340.5
2016-06-26 04:34,-406.32,3378.2,1347.0
2016-06-26 04:35,-404.8,3377.2,1346.2
2016-06-26 04:37,-401.62,3377,1342.6
2016-06-26 04:38,-404.12,3374.8,1346.0
2016-06-26 04:39,-402.2,3377.8,1346.8
2016-06-26 04:40,-400.42,3376.5,1342.0
2016-06-26 04:41,-400.5,3375.5,1346.5
2016-06-26 04:43,-400.3,3375.2,1344.0
2016-06-26 04:44,-393.3,3375,1344.2
2016-06-26 04:45,-399.68,3375.2,1342.0
2016-06-26 04:46,-399.65,3374.5,1347.4
2016-06-26 04:47,-395.58,3374.8,1347.9
2016-06-26 04:48,-395.55,3374.5,1346.5
2016-06-26 04:50,-394.48,3376.2,1350.0
2016-06-26 04:51,-393.52,3376.2,1350.6
2016-06-26 04:52,-393.05,3374.2,1355.1
2016-06-26 04:53,-394.7,3372.5,1348.3
2016-06-26 04:54,-395.82,3374.5,1348.5
2016-06-26 04:56,-395.45,3374.8,1353.0
2016-06-26 04:57,-393.08,3373.5,1351.7
2016-06-26 04:58,-393.0,3376.5,1351.9
2016-06-26 04:59,-391.18,3373,1347.6
