Date/Time UTC, Dalmore 01,Dalmore 02
2016-07-31 20:56,0.0014684,#N/A
2016-07-31 20:57,0.022907,#N/A
2016-07-31 20:58,0.0045521,#N/A
2016-07-31 20:59,0.0054332,#N/A
2016-07-31 21:00,0.0052863,#N/A
2016-07-31 21:02,0.00014684,#N/A
2016-07-31 21:03,0.013730,#N/A
2016-07-31 21:04,0,#N/A
2016-07-31 21:05,0.012996,#N/A
2016-07-31 21:06,0.017034,#N/A
2016-07-31 21:07,0.042364,#N/A
2016-07-31 21:09,0.0041850,#N/A
2016-07-31 21:10,0.018355,#N/A
2016-07-31 21:11,0.028781,#N/A
2016-07-31 21:12,0.020117,#N/A
2016-07-31 21:13,0.031718,#N/A
2016-07-31 21:15,0.0067548,#N/A
2016-07-31 21:16,0.027166,#N/A
2016-07-31 21:17,0.012628,#N/A
2016-07-31 21:18,0.029662,#N/A
2016-07-31 21:19,0.0056535,#N/A
2016-07-31 21:20,0.0088106,#N/A
2016-07-31 21:22,0.024743,#N/A
2016-07-31 21:23,0.0091043,#N/A
2016-07-31 21:24,0.025110,#N/A
2016-07-31 21:25,0.023275,#N/A
2016-07-31 21:26,0.016300,#N/A
2016-07-31 21:28,0.040896,#N/A
2016-07-31 21:29,0.036270,#N/A
2016-07-31 21:30,0.019824,#N/A
2016-07-31 21:31,0.043833,#N/A
2016-07-31 21:32,0.025844,#N/A
2016-07-31 21:33,0.033921,#N/A
2016-07-31 21:35,0.047724,#N/A
2016-07-31 21:36,0.018502,#N/A
2016-07-31 21:37,0.021439,#N/A
2016-07-31 21:38,0.031351,#N/A
2016-07-31 21:39,0.018502,#N/A
2016-07-31 21:41,0.035389,#N/A
2016-07-31 21:42,0.049339,0.13286
2016-07-31 21:43,0.028414,0.16892
2016-07-31 21:44,0.057562,0.15943
2016-07-31 21:45,0.047724,0.15030
2016-07-31 21:46,0.051689,0.16536
2016-07-31 21:47,#N/A,0.16014
2016-07-31 21:48,0.048752,0.15030
2016-07-31 21:49,0.058150,0.16987
2016-07-31 21:50,0.055360,0.17758
2016-07-31 21:51,0.044200,0.15208
2016-07-31 21:52,0.059471,0.16607
2016-07-31 21:53,#N/A,0.15504
2016-07-31 21:54,0.051175,0.17011
2016-07-31 21:55,0.075184,0.15469
2016-07-31 21:56,0.069530,0.15896
2016-07-31 21:57,0.068429,0.18410
2016-07-31 21:58,0.052423,0.17046
2016-07-31 21:59,0.076505,#N/A
2016-07-31 22:00,#N/A,0.16251
2016-07-31 22:01,0.071366,0.16845
2016-07-31 22:02,0.093245,0.16892
2016-07-31 22:03,0.048458,0.17461
2016-07-31 22:04,0.051542,0.16892
2016-07-31 22:05,0.059985,0.17106
2016-07-31 22:06,#N/A,0.16631
2016-07-31 22:07,0.083260,0.17817
2016-07-31 22:08,0.082012,0.17817
2016-07-31 22:09,0.070631,0.21673
2016-07-31 22:10,0.067548,0.21139
2016-07-31 22:11,0.051909,0.17604
2016-07-31 22:12,0.047504,0.18387
2016-07-31 22:13,#N/A,0.17343
2016-07-31 22:14,0.066960,0.16275
2016-07-31 22:15,0.069163,0.15445
2016-07-31 22:16,0.057416,0.17200
2016-07-31 22:17,0.077093,0.20071
2016-07-31 22:18,0.053598,0.17675
2016-07-31 22:19,#N/A,0.15208
2016-07-31 22:20,0.064391,0.18648
2016-07-31 22:21,0.036123,0.16928
2016-07-31 22:22,0.051542,0.16963
2016-07-31 22:23,0.052643,0.18766
2016-07-31 22:24,0.059471,0.18233
2016-07-31 22:25,#N/A,0.18031
2016-07-31 22:26,0.056681,0.16418
2016-07-31 22:27,0.075918,0.18149
2016-07-31 22:28,0.060206,0.17960
2016-07-31 22:29,0.060499,0.18197
2016-07-31 22:30,0.071953,0.18743
2016-07-31 22:31,0.080910,0.21637
2016-07-31 22:33,0.046990,0.15824
2016-07-31 22:34,0.061821,0.17200
2016-07-31 22:35,0.046256,0.22028
2016-07-31 22:36,0.055580,0.17675
2016-07-31 22:37,0.058297,0.22562
2016-07-31 22:38,#N/A,0.19300
2016-07-31 22:39,0.067107,0.20249
2016-07-31 22:40,0.064023,0.18648
2016-07-31 22:41,0.057048,0.17639
2016-07-31 22:42,0.063877,0.19597
2016-07-31 22:43,0.040675,0.18351
2016-07-31 22:44,0.058297,0.18173
2016-07-31 22:45,#N/A,0.17224
2016-07-31 22:46,0.071219,0.18470
2016-07-31 22:47,0.050808,0.17995
2016-07-31 22:48,0.066960,0.17936
2016-07-31 22:49,0.070631,0.18648
2016-07-31 22:50,0.072834,0.18707
2016-07-31 22:51,#N/A,0.16133
2016-07-31 22:52,0.046990,0.18114
2016-07-31 22:53,0.070778,0.16216
2016-07-31 22:54,0.069163,0.17367
2016-07-31 22:55,0.083113,0.17082
2016-07-31 22:56,0.084581,0.20842
2016-07-31 22:57,0.074890,0.21139
2016-07-31 22:58,#N/A,0.18470
2016-07-31 22:59,0.042144,0.18470
2016-07-31 23:00,0.057416,0.19953
2016-07-31 23:01,0.056535,0.18055
2016-07-31 23:02,0.074302,0.18588
2016-07-31 23:03,0.063142,0.16655
2016-07-31 23:04,#N/A,0.19656
2016-07-31 23:05,0.046769,#N/A
2016-07-31 23:06,0.030617,0.16275
2016-07-31 23:07,0.061674,0.15563
2016-07-31 23:08,0.064391,0.18351
2016-07-31 23:09,0.044347,0.18351
2016-07-31 23:10,0.044567,0.17011
2016-07-31 23:11,#N/A,0.17011
2016-07-31 23:12,0.056535,0.13784
2016-07-31 23:13,0.044934,0.16892
2016-07-31 23:14,0.045301,0.17284
2016-07-31 23:15,0.040529,0.18149
2016-07-31 23:16,0.058297,0.14970
2016-07-31 23:17,#N/A,0.15302
2016-07-31 23:18,0.057416,0.17639
2016-07-31 23:19,0.036711,0.14199
2016-07-31 23:20,0.062555,0.19063
2016-07-31 23:21,0.047871,0.13903
2016-07-31 23:22,0.055213,0.18909
2016-07-31 23:23,0.069897,0.17248
2016-07-31 23:24,#N/A,0.17438
2016-07-31 23:25,0.085683,0.17165
2016-07-31 23:26,0.073935,0.16726
2016-07-31 23:27,0.085683,0.22384
2016-07-31 23:28,0.083847,0.23689
2016-07-31 23:29,0.082526,0.17580
2016-07-31 23:30,#N/A,0.19004
2016-07-31 23:31,0.067327,0.16809
2016-07-31 23:32,0.072687,0.14164
2016-07-31 23:33,0.067107,0.16690
2016-07-31 23:34,0.084214,0.17604
2016-07-31 23:35,0.077974,0.15860
2016-07-31 23:36,0.067695,0.20095
2016-07-31 23:37,#N/A,0.14377
2016-07-31 23:38,0.078708,#N/A
2016-07-31 23:39,0.085316,0.16038
2016-07-31 23:40,0.066373,0.17082
2016-07-31 23:41,0.078120,0.14733
2016-07-31 23:42,0.028781,0.16631
2016-07-31 23:43,#N/A,0.15030
2016-07-31 23:44,0.075918,0.12218
2016-07-31 23:45,0.083113,0.17129
2016-07-31 23:46,0.061087,0.20095
2016-07-31 23:47,0.053377,0.16607
2016-07-31 23:48,0.061968,0.16726
2016-07-31 23:49,0.069016,0.18505
2016-07-31 23:50,#N/A,0.14792
2016-07-31 23:51,0.10073,0.18553
2016-07-31 23:52,0.091336,0.20925
2016-07-31 23:53,0.095007,0.18790
2016-07-31 23:54,0.090455,0.17106
2016-07-31 23:55,0.092291,0.17011
2016-07-31 23:56,#N/A,0.17248
2016-07-31 23:57,0.076652,0.18292
2016-07-31 23:58,0.069310,0.19265
2016-07-31 23:59,0.082526,0.17485
2016-08-01 00:00,0.082526,0.19620
2016-08-01 00:01,0.097797,0.18766
2016-08-01 00:02,0.10088,0.18173
2016-08-01 00:03,#N/A,0.19383
2016-08-01 00:04,0.074156,0.22325
2016-08-01 00:05,0.094126,0.18707
2016-08-01 00:06,0.10426,0.18707
2016-08-01 00:07,0.11043,0.17343
2016-08-01 00:08,0.11762,0.19004
2016-08-01 00:09,#N/A,0.22622
2016-08-01 00:10,0.13524,0.17165
2016-08-01 00:11,0.10088,#N/A
2016-08-01 00:12,0.11380,0.19027
2016-08-01 00:13,0.084435,0.15623
2016-08-01 00:14,0.10147,0.15267
2016-08-01 00:15,#N/A,0.15623
2016-08-01 00:16,0.090602,0.16216
2016-08-01 00:17,0.10866,0.16928
2016-08-01 00:18,0.10110,0.16690
2016-08-01 00:19,0.10698,0.15504
2016-08-01 00:20,0.10991,0.16536
2016-08-01 00:21,0.10132,0.13310
2016-08-01 00:22,#N/A,0.13642
2016-08-01 00:23,0.086637,0.14792
2016-08-01 00:24,0.091043,0.11744
2016-08-01 00:25,0.096182,0.10819
2016-08-01 00:26,0.079442,0.13998
2016-08-01 00:27,0.088620,0.15089
2016-08-01 00:28,#N/A,0.14353
2016-08-01 00:29,0.085683,0.10842
2016-08-01 00:30,0.12482,0.11862
2016-08-01 00:31,0.12335,0.14235
2016-08-01 00:32,0.11211,0.10724
2016-08-01 00:33,0.11615,0.15777
2016-08-01 00:34,0.13598,0.097509
2016-08-01 00:35,#N/A,0.15148
2016-08-01 00:36,0.13392,0.13571
2016-08-01 00:37,0.13194,0.14852
2016-08-01 00:38,0.13120,0.15801
2016-08-01 00:39,0.12261,0.15979
2016-08-01 00:40,0.13524,0.15919
2016-08-01 00:41,#N/A,0.14970
2016-08-01 00:42,0.14053,0.15089
2016-08-01 00:43,0.13833,0.19775
2016-08-01 00:44,0.14883,#N/A
2016-08-01 00:45,0.13216,0.18410
2016-08-01 00:46,0.12731,0.22301
2016-08-01 00:47,0.15433,0.22147
2016-08-01 00:48,#N/A,0.24009
2016-08-01 00:49,0.14699,0.22977
2016-08-01 00:50,0.16329,0.22859
2016-08-01 00:51,0.15543,0.21945
2016-08-01 00:52,0.14097,0.23606
2016-08-01 00:53,0.14993,0.22859
2016-08-01 00:54,#N/A,0.22384
2016-08-01 00:55,0.16057,0.21079
2016-08-01 00:56,0.18407,0.22266
2016-08-01 00:57,0.16329,0.22586
2016-08-01 00:58,0.16938,0.20047
2016-08-01 00:59,0.13744,0.23986
2016-08-01 01:00,0.15250,0.26477
2016-08-01 01:01,#N/A,0.24555
2016-08-01 01:02,0.16814,0.25291
2016-08-01 01:03,0.13906,0.26595
2016-08-01 01:04,0.15419,0.26477
2016-08-01 01:05,0.15580,0.27995
2016-08-01 01:06,0.15764,0.21471
2016-08-01 01:07,#N/A,0.21590
2016-08-01 01:08,0.14589,0.24081
2016-08-01 01:09,0.16314,0.27639
2016-08-01 01:10,0.15764,0.21400
2016-08-01 01:11,0.15507,0.23808
2016-08-01 01:12,0.13759,0.25267
2016-08-01 01:13,0.13172,0.23535
2016-08-01 01:14,#N/A,0.21910
2016-08-01 01:15,0.14200,0.26240
2016-08-01 01:16,0.15690,0.26690
2016-08-01 01:17,0.17673,#N/A
2016-08-01 01:18,0.16975,0.30724
2016-08-01 01:19,0.16571,0.28197
2016-08-01 01:20,#N/A,0.27070
2016-08-01 01:21,0.16256,0.29181
2016-08-01 01:22,0.19288,0.33594
2016-08-01 01:23,0.20954,0.37533
2016-08-01 01:24,0.18576,0.40214
2016-08-01 01:25,0.17357,0.36145
2016-08-01 01:26,0.18076,0.34093
2016-08-01 01:27,#N/A,0.33855
2016-08-01 01:28,0.18576,0.35730
2016-08-01 01:29,0.17944,0.31518
2016-08-01 01:30,0.18649,0.32645
2016-08-01 01:31,0.17746,0.32052
2016-08-01 01:32,0.19413,0.35196
2016-08-01 01:33,#N/A,0.34686
2016-08-01 01:34,0.2,0.33096
2016-08-01 01:35,0.20279,0.33025
2016-08-01 01:36,0.22261,0.35113
2016-08-01 01:37,0.20411,0.36062
2016-08-01 01:38,0.22115,0.38909
2016-08-01 01:39,0.20059,0.37153
2016-08-01 01:40,#N/A,0.39027
2016-08-01 01:41,0.21292,0.33974
2016-08-01 01:42,0.20778,0.37212
2016-08-01 01:43,0.21689,0.33855
2016-08-01 01:44,0.22849,0.33654
2016-08-01 01:45,0.22790,0.33381
2016-08-01 01:46,#N/A,0.35943
2016-08-01 01:47,0.22372,0.36821
2016-08-01 01:48,0.23818,0.37983
2016-08-01 01:49,0.23524,0.36418
2016-08-01 01:50,0.23084,#N/A
2016-08-01 01:51,0.22188,0.32883
2016-08-01 01:52,0.21747,0.34567
2016-08-01 01:53,#N/A,0.29941
2016-08-01 01:54,0.21909,0.29858
2016-08-01 01:55,0.24552,0.32788
2016-08-01 01:56,0.24082,0.30510
2016-08-01 01:57,0.23289,0.32112
2016-08-01 01:58,0.23987,0.34721
2016-08-01 01:59,#N/A,0.38719
2016-08-01 02:00,0.26065,0.36738
2016-08-01 02:01,0.22996,0.31601
2016-08-01 02:02,0.20999,0.28517
2016-08-01 02:03,0.18869,0.29063
2016-08-01 02:04,0.21490,0.28909
2016-08-01 02:05,#N/A,0.26335
2016-08-01 02:06,0.21248,0.24816
2016-08-01 02:07,0.21322,0.21945
2016-08-01 02:08,0.22056,0.24365
2016-08-01 02:09,0.20734,0.29229
2016-08-01 02:10,0.19765,0.26097
2016-08-01 02:11,0.20367,0.25113
2016-08-01 02:12,#N/A,0.28256
2016-08-01 02:13,0.21711,0.28707
2016-08-01 02:14,0.20095,0.23096
2016-08-01 02:15,0.19310,0.28636
2016-08-01 02:16,0.20999,0.25884
2016-08-01 02:17,0.21564,0.27758
2016-08-01 02:18,#N/A,0.25824
2016-08-01 02:19,0.24743,0.29858
2016-08-01 02:20,0.25712,0.30925
2016-08-01 02:21,0.23436,0.29941
2016-08-01 02:22,0.21344,0.29229
2016-08-01 02:23,0.22761,#N/A
2016-08-01 02:24,0.22922,0.33654
2016-08-01 02:25,#N/A,0.31554
2016-08-01 02:26,0.23693,0.30297
2016-08-01 02:27,0.24449,0.30925
2016-08-01 02:28,0.24868,0.28553
2016-08-01 02:29,0.25529,0.26180
2016-08-01 02:30,0.24552,0.32622
2016-08-01 02:31,#N/A,0.27165
2016-08-01 02:32,0.24479,0.31839
2016-08-01 02:33,0.22665,0.31483
2016-08-01 02:34,0.27122,0.29561
2016-08-01 02:35,0.25125,0.32195
2016-08-01 02:36,0.24244,0.33476
2016-08-01 02:37,0.24868,0.28517
2016-08-01 02:38,#N/A,0.31364
2016-08-01 02:39,0.25675,0.31317
2016-08-01 02:40,0.25235,0.32076
2016-08-01 02:41,0.22496,0.30130
2016-08-01 02:42,0.26167,0.29917
2016-08-01 02:43,0.26667,0.33001
2016-08-01 02:44,#N/A,0.32195
2016-08-01 02:45,0.24596,0.30451
2016-08-01 02:46,0.28576,0.44176
2016-08-01 02:47,0.28209,0.49727
2016-08-01 02:48,0.28517,0.34069
2016-08-01 02:49,0.28539,0.34401
2016-08-01 02:50,0.27900,0.33179
2016-08-01 02:51,#N/A,0.36916
2016-08-01 02:52,0.29126,0.39075
2016-08-01 02:53,0.28443,0.34686
2016-08-01 02:54,0.28502,0.35042
2016-08-01 02:55,0.27680,0.33808
2016-08-01 02:56,0.28612,#N/A
2016-08-01 02:57,#N/A,0.38719
2016-08-01 02:58,0.29200,0.41127
2016-08-01 02:59,0.28612,0.41839
2016-08-01 03:00,0.28634,0.41246
2016-08-01 03:01,0.29493,0.45552
2016-08-01 03:02,0.30132,0.41305
2016-08-01 03:03,0.31645,0.40059
2016-08-01 03:04,#N/A,0.39431
2016-08-01 03:05,0.33715,0.40652
2016-08-01 03:06,0.32504,0.42040
2016-08-01 03:07,0.32085,0.43618
2016-08-01 03:08,0.34214,0.40142
2016-08-01 03:09,0.33789,0.43025
2016-08-01 03:10,#N/A,0.44567
2016-08-01 03:11,0.31454,0.42372
2016-08-01 03:12,0.32966,0.44864
2016-08-01 03:13,0.34816,0.49490
2016-08-01 03:14,0.32849,0.44686
2016-08-01 03:15,0.33275,0.42788
2016-08-01 03:16,0.32394,0.42752
2016-08-01 03:17,#N/A,0.44686
2016-08-01 03:18,0.32452,0.46228
2016-08-01 03:19,0.33348,0.44093
2016-08-01 03:20,0.33436,0.45077
2016-08-01 03:21,0.30815,0.43737
2016-08-01 03:22,0.32232,0.42550
2016-08-01 03:23,#N/A,0.45552
2016-08-01 03:24,0.33018,0.45635
2016-08-01 03:25,0.32063,0.44923
2016-08-01 03:26,0.31623,0.45006
2016-08-01 03:27,0.32651,0.44804
2016-08-01 03:28,0.32996,0.44389
2016-08-01 03:29,0.33752,#N/A
2016-08-01 03:30,#N/A,0.43582
2016-08-01 03:31,0.35257,0.43416
2016-08-01 03:32,0.35389,0.43891
2016-08-01 03:33,0.36652,0.44128
2016-08-01 03:34,0.34853,0.44270
2016-08-01 03:35,0.37423,0.45042
2016-08-01 03:36,#N/A,0.47651
2016-08-01 03:37,0.37166,0.45457
2016-08-01 03:38,0.32907,0.43203
2016-08-01 03:39,0.35169,0.43820
2016-08-01 03:40,0.33789,0.42396
2016-08-01 03:41,0.36520,0.45160
2016-08-01 03:42,0.34391,0.46026
2016-08-01 03:43,#N/A,0.39786
2016-08-01 03:44,0.32599,0.42610
2016-08-01 03:45,0.33275,0.44009
2016-08-01 03:46,0.35037,0.44330
2016-08-01 03:47,0.33348,0.42550
2016-08-01 03:48,0.32482,0.41281
2016-08-01 03:49,#N/A,0.40214
2016-08-01 03:50,0.33642,0.42752
2016-08-01 03:51,0.34046,0.42372
2016-08-01 03:52,0.35330,0.42989
2016-08-01 03:53,0.34633,0.40451
2016-08-01 03:54,0.35786,0.43108
2016-08-01 03:55,#N/A,0.44626
2016-08-01 03:56,0.38620,0.43820
2016-08-01 03:57,0.34413,0.45125
2016-08-01 03:58,0.36652,0.44804
2016-08-01 03:59,0.37034,0.44448
2016-08-01 04:00,0.34046,0.45243
2016-08-01 04:01,0.35514,0.46940
2016-08-01 04:03,0.35514,0.46762
2016-08-01 04:04,0.35492,0.46785
2016-08-01 04:05,0.35954,0.46228
2016-08-01 04:06,0.37827,0.47711
2016-08-01 04:07,0.36505,0.47687
2016-08-01 04:08,#N/A,0.44958
2016-08-01 04:09,0.36711,0.45196
2016-08-01 04:10,0.38355,0.47450
2016-08-01 04:11,0.36490,0.46145
2016-08-01 04:12,0.36065,0.45397
2016-08-01 04:13,0.35844,0.45599
2016-08-01 04:14,0.36799,0.46785
2016-08-01 04:15,#N/A,0.46228
2016-08-01 04:16,0.35786,0.48043
2016-08-01 04:17,0.35903,0.47972
2016-08-01 04:18,0.38157,0.46145
2016-08-01 04:19,0.35830,0.45279
2016-08-01 04:20,0.35514,0.45279
2016-08-01 04:21,#N/A,0.45872
2016-08-01 04:22,0.35536,0.46168
2016-08-01 04:23,0.34537,0.45457
2016-08-01 04:24,0.34780,0.45457
2016-08-01 04:25,0.36270,0.46168
2016-08-01 04:26,0.37078,0.45872
2016-08-01 04:27,0.36446,0.47770
2016-08-01 04:28,#N/A,0.47023
2016-08-01 04:29,0.35514,0.46465
2016-08-01 04:30,0.35095,0.45931
2016-08-01 04:31,0.35624,0.48802
2016-08-01 04:32,0.35184,0.48066
2016-08-01 04:33,0.35419,0.48517
2016-08-01 04:34,#N/A,0.45635
2016-08-01 04:35,0.32761,#N/A
2016-08-01 04:36,0.35095,0.47651
2016-08-01 04:37,0.35734,0.44769
2016-08-01 04:38,0.37753,0.46465
2016-08-01 04:39,0.37863,0.47616
2016-08-01 04:40,0.37790,0.45160
2016-08-01 04:41,#N/A,0.45314
2016-08-01 04:42,0.37327,0.46738
2016-08-01 04:43,0.37129,0.45362
2016-08-01 04:44,0.34875,0.44508
2016-08-01 04:45,0.35184,0.44864
2016-08-01 04:46,0.35808,0.48956
2016-08-01 04:47,#N/A,0.50652
2016-08-01 04:48,0.35184,0.47236
2016-08-01 04:49,0.34816,0.47414
2016-08-01 04:50,0.37548,0.49229
2016-08-01 04:51,0.36226,0.45991
2016-08-01 04:52,0.37460,0.46228
2016-08-01 04:53,0.38084,0.44093
2016-08-01 04:54,#N/A,0.47295
2016-08-01 04:55,0.37739,0.48600
2016-08-01 04:56,0.37313,0.46501
2016-08-01 04:57,0.36432,0.45243
2016-08-01 04:58,0.38891,0.48007
2016-08-01 04:59,0.39442,0.47355
2016-08-01 05:00,#N/A,0.46880
2016-08-01 05:01,0.40029,0.45635
2016-08-01 05:02,0.39574,0.44686
2016-08-01 05:03,0.38062,0.47355
2016-08-01 05:04,0.39750,0.47295
2016-08-01 05:05,0.39604,0.48482
2016-08-01 05:06,0.36909,0.52218
2016-08-01 05:08,0.38561,0.47378
2016-08-01 05:09,0.36762,0.47805
2016-08-01 05:10,0.36887,0.48921
2016-08-01 05:11,0.36960,0.47616
2016-08-01 05:12,0.39134,0.47711
2016-08-01 05:13,#N/A,0.47829
2016-08-01 05:14,0.38414,0.50617
2016-08-01 05:15,0.35242,0.49846
2016-08-01 05:16,0.36197,0.49490
2016-08-01 05:17,0.34816,0.49786
2016-08-01 05:18,0.38209,0.49703
2016-08-01 05:19,0.38987,0.49964
2016-08-01 05:20,#N/A,0.50937
2016-08-01 05:21,0.36520,0.50024
2016-08-01 05:22,0.36799,0.49751
2016-08-01 05:23,0.36322,0.50297
2016-08-01 05:24,0.38546,0.48956
2016-08-01 05:25,0.38634,0.51246
2016-08-01 05:26,#N/A,0.49395
2016-08-01 05:27,0.37151,0.51412
2016-08-01 05:28,0.38120,0.51720
2016-08-01 05:29,0.36931,0.54828
2016-08-01 05:30,0.38267,0.52989
2016-08-01 05:31,0.38429,0.54294
2016-08-01 05:32,0.39001,0.52361
2016-08-01 05:33,#N/A,0.54496
2016-08-01 05:34,0.39626,0.55006
2016-08-01 05:35,0.39956,0.56311
2016-08-01 05:36,0.41483,0.54093
2016-08-01 05:37,0.40470,0.54235
2016-08-01 05:38,0.39993,0.55753
2016-08-01 05:39,#N/A,0.57794
2016-08-01 05:40,0.41850,#N/A
2016-08-01 05:41,0.40910,0.56987
2016-08-01 05:42,0.42761,0.58173
2016-08-01 05:43,0.42731,0.57912
2016-08-01 05:44,0.42731,0.55872
2016-08-01 05:45,#N/A,0.55599
2016-08-01 05:46,0.43186,0.58244
2016-08-01 05:47,0.43054,0.57461
2016-08-01 05:48,0.43370,0.58410
2016-08-01 05:49,0.45426,0.58055
2016-08-01 05:50,0.45609,0.57616
2016-08-01 05:51,0.45991,0.89170
2016-08-01 05:52,#N/A,0.85314
2016-08-01 05:53,0.47849,0.87865
2016-08-01 05:54,0.47093,0.90510
2016-08-01 05:55,0.47225,0.91625
2016-08-01 05:56,0.46109,0.92966
2016-08-01 05:57,0.48877,0.91839
2016-08-01 05:58,#N/A,0.92788
2016-08-01 05:59,0.49574,0.92693
2016-08-01 06:00,0.50198,0.92788
2016-08-01 06:01,0.47335,0.93713
2016-08-01 06:02,0.47651,0.94187
2016-08-01 06:03,0.47386,0.94472
2016-08-01 06:04,0.48855,0.92669
2016-08-01 06:05,#N/A,0.92788
2016-08-01 06:06,0.50837,0.93440
2016-08-01 06:07,0.49956,0.94353
2016-08-01 06:08,0.49207,0.93950
2016-08-01 06:09,0.50162,0.92728
2016-08-01 06:10,0.50367,0.94567
2016-08-01 06:11,#N/A,0.94947
2016-08-01 06:12,0.51960,0.94828
2016-08-01 06:13,0.51689,#N/A
2016-08-01 06:14,0.50382,0.95848
2016-08-01 06:15,0.51263,0.96821
2016-08-01 06:16,0.51300,0.94804
2016-08-01 06:17,0.50323,0.94330
2016-08-01 06:18,#N/A,0.95540
2016-08-01 06:19,0.51615,0.95730
2016-08-01 06:20,0.52327,0.94211
2016-08-01 06:21,0.53598,0.93915
2016-08-01 06:22,0.52203,0.93998
2016-08-01 06:23,0.54824,0.93084
2016-08-01 06:24,#N/A,0.92847
2016-08-01 06:25,0.52673,0.95160
2016-08-01 06:26,0.54347,0.94626
2016-08-01 06:27,0.56784,0.94270
2016-08-01 06:28,0.57122,0.93677
2016-08-01 06:29,0.55727,0.93855
2016-08-01 06:30,0.55852,0.93286
2016-08-01 06:31,#N/A,0.93618
2016-08-01 06:32,0.54604,0.95219
2016-08-01 06:33,0.54236,0.93642
2016-08-01 06:34,0.55007,0.93796
2016-08-01 06:35,0.54347,0.95931
2016-08-01 06:36,0.55580,0.91696
2016-08-01 06:37,#N/A,0.94947
2016-08-01 06:38,0.55463,0.96323
2016-08-01 06:39,0.55521,0.96584
2016-08-01 06:40,0.56586,0.94353
2016-08-01 06:41,0.56329,0.91744
2016-08-01 06:42,0.54934,0.94626
2016-08-01 06:43,0.55653,0.93405
2016-08-01 06:44,#N/A,0.94591
2016-08-01 06:45,0.56197,0.96406
2016-08-01 06:46,0.55888,#N/A
2016-08-01 06:47,0.54581,0.95896
2016-08-01 06:48,0.57137,0.95540
2016-08-01 06:49,0.55815,0.95374
2016-08-01 06:50,#N/A,0.95635
2016-08-01 06:51,0.54288,0.94626
2016-08-01 06:52,0.54640,0.95635
2016-08-01 06:53,0.53407,0.97034
2016-08-01 06:54,0.53025,0.97082
2016-08-01 06:55,0.53649,0.98458
2016-08-01 06:56,0.54457,0.95872
2016-08-01 06:57,#N/A,0.93974
2016-08-01 06:58,0.55977,0.93440
2016-08-01 06:59,0.56292,0.95813
2016-08-01 07:00,0.54567,0.95302
2016-08-01 07:01,0.54949,0.93760
2016-08-01 07:02,0.55338,0.94781
2016-08-01 07:03,#N/A,0.92574
2016-08-01 07:04,0.56145,0.90676
2016-08-01 07:05,0.57173,0.91483
2016-08-01 07:06,0.57430,0.89822
2016-08-01 07:07,0.59119,0.91340
2016-08-01 07:08,0.59963,0.91601
2016-08-01 07:09,0.57930,0.91423
2016-08-01 07:10,#N/A,0.89846
2016-08-01 07:11,0.59082,0.93025
2016-08-01 07:12,0.59280,0.92135
2016-08-01 07:13,0.59134,0.92017
2016-08-01 07:14,0.58003,0.94330
2016-08-01 07:15,0.60330,0.93737
2016-08-01 07:16,#N/A,0.94033
2016-08-01 07:17,0.60367,0.95374
2016-08-01 07:18,0.59574,0.93796
2016-08-01 07:19,0.60441,#N/A
2016-08-01 07:20,0.58752,0.95302
2016-08-01 07:21,0.59912,0.94662
2016-08-01 07:22,0.62019,0.92017
2016-08-01 07:23,#N/A,0.93001
2016-08-01 07:24,0.60771,0.94899
2016-08-01 07:25,0.61248,0.95065
2016-08-01 07:26,0.62056,0.93737
2016-08-01 07:27,0.62115,0.94567
2016-08-01 07:28,0.62731,0.93025
2016-08-01 07:29,#N/A,0.92966
2016-08-01 07:30,0.61211,0.91483
2016-08-01 07:31,0.64347,0.96524
2016-08-01 07:32,0.64097,0.93677
2016-08-01 07:33,0.63047,0.93357
2016-08-01 07:34,0.64831,0.95397
2016-08-01 07:35,#N/A,0.95658
2016-08-01 07:36,0.64919,0.94116
2016-08-01 07:37,0.65859,0.95184
2016-08-01 07:38,0.67562,0.94686
2016-08-01 07:39,0.68091,0.97651
2016-08-01 07:40,0.66696,0.95219
2016-08-01 07:41,0.68737,0.93974
2016-08-01 07:42,#N/A,0.95777
2016-08-01 07:43,0.70073,0.94709
2016-08-01 07:44,0.69971,0.95279
2016-08-01 07:45,0.69435,0.95694
2016-08-01 07:46,0.71050,0.95042
2016-08-01 07:47,0.70338,0.93357
2016-08-01 07:48,#N/A,0.97117
2016-08-01 07:49,0.70587,0.98695
2016-08-01 07:50,0.71711,0.95694
2016-08-01 07:51,0.71674,0.95255
2016-08-01 07:52,0.71894,#N/A
2016-08-01 07:53,0.70925,0.95065
2016-08-01 07:54,0.75286,0.98422
2016-08-01 07:55,#N/A,0.95635
2016-08-01 07:56,0.75477,0.98897
2016-08-01 07:57,0.76446,0.97438
2016-08-01 07:58,0.75125,0.96845
2016-08-01 07:59,0.74097,0.95279
2016-08-01 08:00,0.74816,0.96251
2016-08-01 08:01,#N/A,0.97628
2016-08-01 08:02,0.75932,0.97272
2016-08-01 08:03,0.76520,0.96584
2016-08-01 08:04,0.76608,0.96050
2016-08-01 08:05,0.76226,0.98304
2016-08-01 08:06,0.75382,0.97319
2016-08-01 08:07,0.75698,0.96643
2016-08-01 08:08,#N/A,0.97556
2016-08-01 08:09,0.74978,1
2016-08-01 08:10,0.75859,0.99288
2016-08-01 08:11,0.72004,0.94828
2016-08-01 08:12,0.73891,0.95302
2016-08-01 08:13,0.72614,0.98505
2016-08-01 08:14,#N/A,0.97082
2016-08-01 08:15,0.73363,0.95219
2016-08-01 08:16,0.74038,0.96999
2016-08-01 08:17,0.73304,0.96762
2016-08-01 08:18,0.75140,0.92408
2016-08-01 08:19,0.72761,0.94864
2016-08-01 08:20,0.72298,0.96821
2016-08-01 08:21,#N/A,0.97888
2016-08-01 08:22,0.73142,0.97355
2016-08-01 08:23,0.72702,0.94781
2016-08-01 08:24,0.71689,0.95872
2016-08-01 08:25,0.73803,#N/A
2016-08-01 08:26,0.72570,0.96014
2016-08-01 08:27,#N/A,0.99015
2016-08-01 08:28,0.72276,0.97153
2016-08-01 08:29,0.70206,0.94425
2016-08-01 08:30,0.68869,0.93120
2016-08-01 08:31,0.69971,0.89941
2016-08-01 08:32,0.71968,0.94923
2016-08-01 08:33,0.70866,0.97082
2016-08-01 08:34,#N/A,0.94947
2016-08-01 08:35,0.70441,0.95658
2016-08-01 08:36,0.68737,0.94804
2016-08-01 08:37,0.70778,0.98600
2016-08-01 08:38,0.69853,0.93120
2016-08-01 08:39,0.68664,0.94686
2016-08-01 08:40,#N/A,0.94828
2016-08-01 08:41,0.71307,0.97390
2016-08-01 08:42,0.69413,0.94389
2016-08-01 08:43,0.68884,0.96524
2016-08-01 08:44,0.66329,0.97117
2016-08-01 08:45,0.68150,0.96109
2016-08-01 08:46,0.69471,0.92218
2016-08-01 08:47,#N/A,0.94686
2016-08-01 08:48,0.67915,0.92254
2016-08-01 08:49,0.67768,0.93238
2016-08-01 08:50,0.68752,0.91423
2016-08-01 08:51,0.70705,0.93321
2016-08-01 08:52,0.72100,0.92218
2016-08-01 08:53,#N/A,0.92811
2016-08-01 08:54,0.71072,0.94828
2016-08-01 08:55,0.72467,0.96014
2016-08-01 08:56,0.70808,0.94567
2016-08-01 08:57,0.72687,0.92728
2016-08-01 08:58,0.71982,#N/A
2016-08-01 08:59,0.73348,0.94508
2016-08-01 09:00,#N/A,0.92527
2016-08-01 09:01,0.75653,0.95065
2016-08-01 09:02,0.76535,0.91483
2016-08-01 09:03,0.78297,0.92645
2016-08-01 09:04,0.76997,0.92218
2016-08-01 09:05,0.76725,0.92764
2016-08-01 09:06,#N/A,0.94864
2016-08-01 09:07,0.78429,0.90949
2016-08-01 09:08,0.78612,0.92218
2016-08-01 09:09,0.78833,0.91269
2016-08-01 09:10,0.79148,0.90629
2016-08-01 09:11,0.82159,0.87544
2016-08-01 09:12,#N/A,0.91222
2016-08-01 09:13,0.79398,0.88102
2016-08-01 09:14,0.82482,0.89015
2016-08-01 09:15,0.82283,0.91186
2016-08-01 09:16,0.82357,0.90652
2016-08-01 09:17,0.81145,0.91068
2016-08-01 09:18,0.83495,0.90356
2016-08-01 09:19,#N/A,0.90237
2016-08-01 09:20,0.84141,0.91068
2016-08-01 09:21,0.83656,0.88517
2016-08-01 09:22,0.84413,0.86121
2016-08-01 09:23,0.84170,0.90676
2016-08-01 09:24,0.83700,0.89466
2016-08-01 09:25,#N/A,0.86679
2016-08-01 09:26,0.85272,0.88873
2016-08-01 09:27,0.85683,0.90202
2016-08-01 09:28,0.85639,0.90985
2016-08-01 09:29,0.85073,0.88695
2016-08-01 09:30,0.86432,0.88375
2016-08-01 09:31,0.85624,#N/A
2016-08-01 09:32,#N/A,0.93618
2016-08-01 09:33,0.86123,0.93049
2016-08-01 09:34,0.86909,0.89881
2016-08-01 09:35,0.88106,0.90391
2016-08-01 09:36,0.88355,0.89846
2016-08-01 09:37,0.87004,0.95374
2016-08-01 09:38,#N/A,0.88541
2016-08-01 09:39,0.87474,0.87592
2016-08-01 09:40,0.87812,0.91696
2016-08-01 09:41,0.89332,0.88019
2016-08-01 09:42,0.90631,0.90629
2016-08-01 09:43,0.89236,0.90985
2016-08-01 09:44,0.89369,0.90119
2016-08-01 09:45,#N/A,0.87900
2016-08-01 09:46,0.88987,0.91186
2016-08-01 09:47,0.89207,0.86762
2016-08-01 09:48,0.90507,0.88612
2016-08-01 09:49,0.90029,0.88849
2016-08-01 09:50,0.90250,0.87509
2016-08-01 09:51,#N/A,0.91483
2016-08-01 09:52,0.90235,0.90747
2016-08-01 09:53,0.90631,0.89442
2016-08-01 09:54,0.89310,0.86975
2016-08-01 09:55,0.90800,0.86975
2016-08-01 09:56,0.92452,0.87628
2016-08-01 09:57,0.92048,0.90036
2016-08-01 09:58,#N/A,0.89822
2016-08-01 09:59,0.91189,0.87663
2016-08-01 10:00,0.92048,0.88992
2016-08-01 10:01,0.92562,0.88304
2016-08-01 10:02,0.93979,0.90629
2016-08-01 10:03,0.93700,0.87900
2016-08-01 10:05,0.91241,0.84342
2016-08-01 10:06,0.89919,0.87390
2016-08-01 10:07,0.92026,0.87331
2016-08-01 10:08,0.93297,0.84816
2016-08-01 10:09,0.94765,0.92728
2016-08-01 10:10,0.96050,0.86619
2016-08-01 10:11,#N/A,0.82681
2016-08-01 10:12,0.98047,0.87663
2016-08-01 10:13,0.96579,0.84128
2016-08-01 10:14,0.96285,0.84033
2016-08-01 10:15,0.95903,0.86679
2016-08-01 10:16,0.96402,0.89288
2016-08-01 10:17,#N/A,0.85053
2016-08-01 10:18,0.94618,0.85219
2016-08-01 10:19,0.96270,0.85018
2016-08-01 10:20,0.95279,0.86999
2016-08-01 10:21,0.95595,0.89348
2016-08-01 10:22,0.97577,0.93855
2016-08-01 10:23,0.96747,0.86263
2016-08-01 10:24,#N/A,0.87782
2016-08-01 10:25,0.96652,0.87236
2016-08-01 10:26,0.95624,0.84460
2016-08-01 10:27,0.96931,0.87390
2016-08-01 10:28,0.96711,0.85848
2016-08-01 10:29,0.98767,0.88138
2016-08-01 10:30,#N/A,0.86501
2016-08-01 10:31,0.97518,0.85196
2016-08-01 10:32,1,0.88612
2016-08-01 10:33,0.99427,0.86560
2016-08-01 10:34,0.99023,0.87272
2016-08-01 10:35,0.98708,0.88660
2016-08-01 10:36,0.97592,0.88660
2016-08-01 10:38,0.98634,0.87426
2016-08-01 10:39,0.96270,0.90474
2016-08-01 10:40,0.95007,0.88636
2016-08-01 10:41,0.93664,0.84342
2016-08-01 10:42,0.91424,0.91862
2016-08-01 10:43,#N/A,0.89087
2016-08-01 10:44,0.87592,0.87805
2016-08-01 10:45,0.88010,0.87628
2016-08-01 10:46,0.88546,0.89881
2016-08-01 10:47,0.87533,0.90178
2016-08-01 10:48,0.84905,0.88339
2016-08-01 10:49,#N/A,0.92135
2016-08-01 10:50,0.83040,0.87450
2016-08-01 10:51,0.81549,0.90237
2016-08-01 10:52,0.79310,0.97794
2016-08-01 10:53,0.78811,0.92669
2016-08-01 10:54,0.75896,0.93879
2016-08-01 10:55,0.74134,0.92645
2016-08-01 10:56,#N/A,0.90652
2016-08-01 10:57,0.72026,0.88280
2016-08-01 10:58,0.72335,0.89288
2016-08-01 10:59,0.72907,0.93203
2016-08-01 11:00,0.70095,0.89466
2016-08-01 11:01,0.69016,0.92408
2016-08-01 11:02,#N/A,0.87426
2016-08-01 11:03,0.66520,0.85018
2016-08-01 11:04,0.66769,0.87153
2016-08-01 11:05,0.66718,0.90297
2016-08-01 11:06,0.66131,0.88304
2016-08-01 11:07,0.67122,0.88280
2016-08-01 11:08,0.64442,0.90712
2016-08-01 11:10,0.64589,0.93974
2016-08-01 11:11,0.61557,0.89763
2016-08-01 11:12,0.62863,0.91862
2016-08-01 11:13,0.60499,0.89526
2016-08-01 11:14,0.61909,0.90391
2016-08-01 11:15,#N/A,0.93677
2016-08-01 11:16,0.61263,0.87829
2016-08-01 11:17,0.61410,0.88422
2016-08-01 11:18,0.60720,0.88849
2016-08-01 11:19,0.61454,0.90712
2016-08-01 11:20,0.61189,0.98897
2016-08-01 11:21,0.6,0.96133
2016-08-01 11:22,#N/A,0.97058
2016-08-01 11:23,0.58693,0.96406
2016-08-01 11:24,0.58054,0.94567
2016-08-01 11:25,0.57100,0.95279
2016-08-01 11:26,0.56417,0.95101
2016-08-01 11:27,0.55316,0.89881
2016-08-01 11:28,#N/A,0.90949
2016-08-01 11:29,0.54728,0.89288
2016-08-01 11:30,0.53700,0.91542
2016-08-01 11:31,0.53649,0.90202
2016-08-01 11:32,0.53392,0.93440
2016-08-01 11:33,0.55316,0.93855
2016-08-01 11:34,0.55521,0.93760
2016-08-01 11:35,#N/A,0.91483
2016-08-01 11:36,0.52291,0.90890
2016-08-01 11:37,0.54038,0.94187
2016-08-01 11:38,0.51718,0.91269
2016-08-01 11:39,0.52056,0.90652
2016-08-01 11:40,0.51718,0.91008
2016-08-01 11:41,#N/A,0.92728
2016-08-01 11:42,0.51131,#N/A
2016-08-01 11:43,0.51175,0.87272
2016-08-01 11:44,0.52327,0.82444
2016-08-01 11:45,0.50565,0.88399
2016-08-01 11:46,0.50176,0.88043
2016-08-01 11:47,0.51997,0.85314
2016-08-01 11:48,#N/A,0.89466
2016-08-01 11:49,0.51982,0.89371
2016-08-01 11:50,0.51043,0.90534
2016-08-01 11:51,0.48730,0.87272
2016-08-01 11:52,0.50514,0.83511
2016-08-01 11:53,0.51836,0.86501
2016-08-01 11:54,#N/A,0.90558
2016-08-01 11:55,0.49060,0.90474
2016-08-01 11:56,0.49119,0.90558
2016-08-01 11:57,0.49134,0.86501
2016-08-01 11:58,0.48510,0.90202
2016-08-01 11:59,0.49413,0.92728
2016-08-01 12:00,0.51542,0.87473
2016-08-01 12:01,#N/A,0.84698
2016-08-01 12:02,0.50734,0.85813
2016-08-01 12:03,0.49611,0.89288
2016-08-01 12:04,0.48678,0.86833
2016-08-01 12:05,0.50308,0.89015
2016-08-01 12:06,0.49831,0.87307
2016-08-01 12:07,#N/A,0.95101
2016-08-01 12:08,0.47739,0.86524
2016-08-01 12:09,0.48634,0.85053
2016-08-01 12:10,0.49486,0.85053
2016-08-01 12:11,0.48341,0.85670
2016-08-01 12:12,0.49501,0.81851
2016-08-01 12:13,0.47210,0.87900
2016-08-01 12:14,#N/A,0.90119
2016-08-01 12:15,0.49354,#N/A
2016-08-01 12:16,0.47996,0.86121
2016-08-01 12:17,0.48091,0.84009
2016-08-01 12:18,0.46476,0.82467
2016-08-01 12:19,0.46270,0.79442
2016-08-01 12:20,#N/A,0.81934
2016-08-01 12:21,0.47592,0.82966
2016-08-01 12:22,0.46711,0.88019
2016-08-01 12:23,0.47606,0.80569
2016-08-01 12:24,0.47372,0.81163
2016-08-01 12:25,0.43862,0.83476
2016-08-01 12:26,#N/A,0.84152
2016-08-01 12:27,0.44714,0.87450
2016-08-01 12:28,0.45463,0.85670
2016-08-01 12:29,0.45037,0.86916
2016-08-01 12:30,0.45463,0.82254
2016-08-01 12:31,0.43590,0.82800
2016-08-01 12:32,0.44523,0.85575
2016-08-01 12:33,#N/A,0.87331
2016-08-01 12:34,0.46821,0.87070
2016-08-01 12:35,0.45793,0.83713
2016-08-01 12:36,0.45374,0.80273
2016-08-01 12:37,0.46256,0.85765
2016-08-01 12:38,0.44347,0.83179
2016-08-01 12:39,#N/A,0.82444
2016-08-01 12:40,0.43884,0.81993
2016-08-01 12:41,0.44031,0.81993
2016-08-01 12:42,0.43642,0.83393
2016-08-01 12:43,0.42658,0.84104
2016-08-01 12:44,0.42012,0.81898
2016-08-01 12:45,0.40631,0.83950
2016-08-01 12:46,#N/A,0.80474
2016-08-01 12:47,0.42232,0.77544
2016-08-01 12:48,0.41204,#N/A
2016-08-01 12:49,0.44141,0.80273
2016-08-01 12:50,0.41219,0.78410
2016-08-01 12:51,0.41718,0.82052
2016-08-01 12:52,#N/A,0.79407
2016-08-01 12:53,0.40602,0.81613
2016-08-01 12:54,0.41938,0.80664
2016-08-01 12:55,0.43054,0.77663
2016-08-01 12:56,0.40485,0.83060
2016-08-01 12:57,0.40286,0.76833
2016-08-01 12:58,0.41057,0.72835
2016-08-01 12:59,#N/A,0.72740
2016-08-01 13:00,0.39530,0.78577
2016-08-01 13:01,0.39258,0.75089
2016-08-01 13:02,0.38744,0.75409
2016-08-01 13:03,0.38377,0.75053
2016-08-01 13:04,0.38267,0.74579
2016-08-01 13:05,#N/A,0.74994
2016-08-01 13:06,0.37019,0.75113
2016-08-01 13:07,0.36593,0.76560
2016-08-01 13:08,0.35991,0.74875
2016-08-01 13:09,0.35903,0.72028
2016-08-01 13:10,0.35830,0.73926
2016-08-01 13:11,0.34633,0.76240
2016-08-01 13:12,#N/A,0.76477
2016-08-01 13:13,0.36652,0.71696
2016-08-01 13:14,0.36101,0.70427
2016-08-01 13:15,0.37445,0.69656
2016-08-01 13:16,0.36836,0.72206
2016-08-01 13:17,0.35184,0.72977
2016-08-01 13:18,#N/A,0.71791
2016-08-01 13:19,0.36887,0.73310
2016-08-01 13:20,0.36784,0.70819
2016-08-01 13:21,0.36982,#N/A
2016-08-01 13:22,0.34449,0.68588
2016-08-01 13:23,0.36615,0.70190
2016-08-01 13:24,0.35609,0.73155
2016-08-01 13:25,#N/A,0.72740
2016-08-01 13:26,0.34449,0.70985
2016-08-01 13:27,0.35389,0.68493
2016-08-01 13:28,0.35184,0.75350
2016-08-01 13:29,0.35756,0.70985
2016-08-01 13:30,0.35683,0.74698
2016-08-01 13:31,#N/A,0.67165
2016-08-01 13:32,0.34009,0.64437
2016-08-01 13:33,0.34523,0.67402
2016-08-01 13:34,0.33972,0.67307
2016-08-01 13:35,0.33774,0.68090
2016-08-01 13:36,0.34486,0.69300
2016-08-01 13:37,0.31696,0.70225
2016-08-01 13:38,#N/A,0.67699
2016-08-01 13:39,0.32063,0.65148
2016-08-01 13:40,0.33385,0.64674
2016-08-01 13:41,0.33700,0.66216
2016-08-01 13:42,0.31938,0.67734
2016-08-01 13:43,0.32834,0.68612
2016-08-01 13:44,#N/A,0.67070
2016-08-01 13:45,0.31821,0.67734
2016-08-01 13:46,0.33275,0.66311
2016-08-01 13:47,0.33774,0.69632
2016-08-01 13:48,0.33825,0.64887
2016-08-01 13:49,0.32761,0.72147
2016-08-01 13:50,0.33238,0.64733
2016-08-01 13:51,#N/A,0.65326
2016-08-01 13:52,0.32966,0.62361
2016-08-01 13:53,0.32115,0.70581
2016-08-01 13:54,0.30837,#N/A
2016-08-01 13:55,0.28855,0.64021
2016-08-01 13:56,0.32467,0.65445
2016-08-01 13:57,#N/A,0.65243
2016-08-01 13:58,0.29325,0.61495
2016-08-01 13:59,0.29398,0.64199
2016-08-01 14:00,0.29031,0.62301
2016-08-01 14:01,0.28884,0.60427
2016-08-01 14:02,0.26593,0.62064
2016-08-01 14:03,0.27364,0.63749
2016-08-01 14:04,#N/A,0.65563
2016-08-01 14:05,0.28833,0.61115
2016-08-01 14:06,0.29347,0.65836
2016-08-01 14:07,0.29222,0.64496
2016-08-01 14:08,0.25918,0.66335
2016-08-01 14:09,0.27327,0.62420
2016-08-01 14:10,#N/A,0.58885
2016-08-01 14:11,0.28414,0.60344
2016-08-01 14:12,0.26777,0.64259
2016-08-01 14:13,0.26593,0.61174
2016-08-01 14:14,0.24376,0.57817
2016-08-01 14:15,0.26593,0.55635
2016-08-01 14:16,#N/A,0.59834
2016-08-01 14:17,0.25162,0.59870
2016-08-01 14:18,0.25874,0.60166
2016-08-01 14:19,0.26189,0.59834
2016-08-01 14:20,0.26314,0.61056
2016-08-01 14:21,0.26388,0.57414
2016-08-01 14:22,0.23473,0.56548
2016-08-01 14:23,#N/A,0.64140
2016-08-01 14:24,0.25727,0.61257
2016-08-01 14:25,0.24611,0.58505
2016-08-01 14:26,0.25565,0.58743
2016-08-01 14:27,0.24427,#N/A
2016-08-01 14:28,0.23744,0.57651
2016-08-01 14:29,#N/A,0.54852
2016-08-01 14:30,0.22790,0.55006
2016-08-01 14:31,0.23950,0.56251
2016-08-01 14:32,0.22555,0.56275
2016-08-01 14:33,0.23693,0.55208
2016-08-01 14:34,0.24376,0.57141
2016-08-01 14:35,0.25822,0.54591
2016-08-01 14:36,#N/A,0.56228
2016-08-01 14:37,0.25507,0.52669
2016-08-01 14:38,0.24794,0.57343
2016-08-01 14:39,0.24464,0.55801
2016-08-01 14:40,0.25213,0.54472
2016-08-01 14:41,0.24332,0.56584
2016-08-01 14:42,#N/A,0.53227
2016-08-01 14:43,0.24170,0.56192
2016-08-01 14:44,0.24060,0.54353
2016-08-01 14:45,0.23568,0.54211
2016-08-01 14:46,0.23084,0.50819
2016-08-01 14:47,0.24464,0.52361
2016-08-01 14:48,0.23216,0.54057
2016-08-01 14:49,#N/A,0.54330
2016-08-01 14:50,0.21711,0.51981
2016-08-01 14:51,0.21953,0.47236
2016-08-01 14:52,0.20499,0.52788
2016-08-01 14:53,0.21968,0.51566
2016-08-01 14:54,0.23179,0.52811
2016-08-01 14:55,#N/A,0.48185
2016-08-01 14:56,0.20999,0.49905
2016-08-01 14:57,0.21564,0.51246
2016-08-01 14:58,0.21512,0.51530
2016-08-01 14:59,0.22276,0.51981
2016-08-01 15:00,0.19897,#N/A
2016-08-01 15:01,0.19875,0.50890
2016-08-01 15:02,#N/A,0.53191
2016-08-01 15:03,0.21454,0.51329
2016-08-01 15:04,0.19780,0.51032
2016-08-01 15:05,0.21564,0.51388
2016-08-01 15:06,0.22775,0.49632
2016-08-01 15:07,0.22100,0.48363
2016-08-01 15:08,#N/A,0.49941
2016-08-01 15:09,0.18649,0.48363
2016-08-01 15:10,0.19251,0.49668
2016-08-01 15:11,0.19192,0.45433
2016-08-01 15:12,0.2,0.46382
2016-08-01 15:13,0.18062,0.49075
2016-08-01 15:14,0.20734,0.48517
2016-08-01 15:15,#N/A,0.46643
2016-08-01 15:16,0.21601,0.48090
2016-08-01 15:17,0.22298,0.46785
2016-08-01 15:18,0.20095,0.46311
2016-08-01 15:19,0.19471,0.49395
2016-08-01 15:20,0.20536,0.45872
2016-08-01 15:21,#N/A,0.46584
2016-08-01 15:22,0.20073,0.44840
2016-08-01 15:23,0.19912,0.41305
2016-08-01 15:24,0.20367,0.44093
2016-08-01 15:25,0.20631,0.41483
2016-08-01 15:26,0.22056,0.41447
2016-08-01 15:27,0.21101,0.42906
2016-08-01 15:28,#N/A,0.42135
2016-08-01 15:29,0.21615,0.36773
2016-08-01 15:30,0.22717,0.41305
2016-08-01 15:31,0.19618,0.37177
2016-08-01 15:32,0.21307,0.38363
2016-08-01 15:33,0.20352,#N/A
2016-08-01 15:34,#N/A,0.39193
2016-08-01 15:35,0.20734,0.41163
2016-08-01 15:36,0.20294,0.37295
2016-08-01 15:37,0.19912,0.36892
2016-08-01 15:38,0.20514,0.38837
2016-08-01 15:39,0.18722,0.38007
2016-08-01 15:40,0.20352,0.39146
2016-08-01 15:41,#N/A,0.37888
2016-08-01 15:42,0.17548,0.39858
2016-08-01 15:43,0.16718,0.39585
2016-08-01 15:44,0.18150,0.39905
2016-08-01 15:45,0.17085,0.38790
2016-08-01 15:46,0.17636,0.40415
2016-08-01 15:47,#N/A,0.39229
2016-08-01 15:48,0.16990,0.40973
2016-08-01 15:49,0.18605,0.36204
2016-08-01 15:50,0.19875,0.40652
2016-08-01 15:51,0.18774,0.39786
2016-08-01 15:52,0.17709,0.38577
2016-08-01 15:53,0.20059,0.39466
2016-08-01 15:54,#N/A,0.36145
2016-08-01 15:55,0.18627,0.40652
2016-08-01 15:56,0.16902,0.39502
2016-08-01 15:57,0.16902,0.37924
2016-08-01 15:58,0.16535,0.40807
2016-08-01 15:59,0.16887,0.39822
2016-08-01 16:00,#N/A,0.35350
2016-08-01 16:01,0.16153,0.32645
2016-08-01 16:02,0.14244,0.32823
2016-08-01 16:03,0.17599,0.37094
2016-08-01 16:04,0.19046,0.32313
2016-08-01 16:05,0.18091,0.35967
2016-08-01 16:07,0.17107,0.35231
2016-08-01 16:08,0.17181,0.35397
2016-08-01 16:09,0.17452,0.38814
2016-08-01 16:10,0.15051,0.38434
2016-08-01 16:11,0.15639,0.36465
2016-08-01 16:12,0.16498,0.36916
2016-08-01 16:13,#N/A,0.37177
2016-08-01 16:14,0.14758,0.41756
2016-08-01 16:15,0.17379,0.36441
2016-08-01 16:16,0.16153,0.35113
2016-08-01 16:17,0.15742,0.39051
2016-08-01 16:18,0.16740,0.36916
2016-08-01 16:19,#N/A,0.35848
2016-08-01 16:20,0.17893,0.35160
2016-08-01 16:21,0.17122,0.36062
2016-08-01 16:22,0.18649,0.35552
2016-08-01 16:23,0.17562,0.37212
2016-08-01 16:24,0.17930,0.35160
2016-08-01 16:25,0.18443,0.35848
2016-08-01 16:26,#N/A,0.33689
2016-08-01 16:27,0.17195,0.31696
2016-08-01 16:28,0.18554,0.35196
2016-08-01 16:29,0.18678,0.34567
2016-08-01 16:30,0.18003,0.33096
2016-08-01 16:31,0.18994,0.37129
2016-08-01 16:32,#N/A,0.34757
2016-08-01 16:33,0.17452,0.33333
2016-08-01 16:34,0.17379,0.35350
2016-08-01 16:35,0.16182,0.32408
2016-08-01 16:36,0.17063,0.31008
2016-08-01 16:37,0.16990,0.36441
2016-08-01 16:38,0.15470,0.32705
2016-08-01 16:40,0.16623,0.33926
2016-08-01 16:41,0.15690,0.31910
2016-08-01 16:42,0.17254,0.31637
2016-08-01 16:43,0.15081,0.34543
2016-08-01 16:44,0.15932,0.32384
2016-08-01 16:45,#N/A,0.34187
2016-08-01 16:46,0.16755,0.36299
2016-08-01 16:47,0.15492,0.33689
2016-08-01 16:48,0.16498,0.30273
2016-08-01 16:49,0.15521,0.30866
2016-08-01 16:50,0.15051,0.32266
2016-08-01 16:51,0.16226,0.32028
2016-08-01 16:52,#N/A,0.30842
2016-08-01 16:53,0.13855,0.34543
2016-08-01 16:54,0.15360,0.34069
2016-08-01 16:55,0.14831,0.34425
2016-08-01 16:56,0.14714,0.31518
2016-08-01 16:57,0.14846,0.32859
2016-08-01 16:58,#N/A,0.29110
2016-08-01 16:59,0.15360,0.32171
2016-08-01 17:00,0.16740,0.30036
2016-08-01 17:01,0.14699,0.31222
2016-08-01 17:02,0.13539,0.32171
2016-08-01 17:03,0.14391,0.28754
2016-08-01 17:04,0.15029,0.29976
2016-08-01 17:05,#N/A,0.27426
2016-08-01 17:06,0.15580,0.25907
2016-08-01 17:07,0.14589,0.30985
2016-08-01 17:08,0.14347,0.31910
2016-08-01 17:09,0.14038,0.28790
2016-08-01 17:10,0.14185,0.26358
2016-08-01 17:11,#N/A,0.27402
2016-08-01 17:12,0.14405,#N/A
2016-08-01 17:13,0.14699,0.28078
2016-08-01 17:14,0.14479,0.24840
2016-08-01 17:15,0.14626,0.28375
2016-08-01 17:16,0.14758,0.28707
2016-08-01 17:17,0.13965,0.26121
2016-08-01 17:18,#N/A,0.27782
2016-08-01 17:19,0.15396,0.28019
2016-08-01 17:20,0.15742,0.27165
2016-08-01 17:21,0.16278,0.26833
2016-08-01 17:22,0.14493,0.27663
2016-08-01 17:23,0.14493,0.27568
2016-08-01 17:24,#N/A,0.26856
2016-08-01 17:25,0.15345,0.25113
2016-08-01 17:26,0.17724,0.26121
2016-08-01 17:27,0.15984,0.27841
2016-08-01 17:28,0.16571,0.26714
2016-08-01 17:29,0.15653,0.27402
2016-08-01 17:30,0.15595,0.27924
2016-08-01 17:31,#N/A,0.27722
2016-08-01 17:32,0.15837,0.26892
2016-08-01 17:33,0.16755,0.27426
2016-08-01 17:34,0.15764,0.30747
2016-08-01 17:35,0.15213,0.31281
2016-08-01 17:36,0.13759,0.30249
2016-08-01 17:37,#N/A,0.26477
2016-08-01 17:38,0.14369,0.29893
2016-08-01 17:39,0.14611,0.28707
2016-08-01 17:40,0.15154,0.27521
2016-08-01 17:41,0.17599,0.29656
2016-08-01 17:42,0.15433,0.24199
2016-08-01 17:43,0.14905,0.26335
2016-08-01 17:44,#N/A,0.28731
2016-08-01 17:45,0.16373,#N/A
2016-08-01 17:46,0.14442,0.31364
2016-08-01 17:47,0.15874,0.29656
2016-08-01 17:48,0.15029,0.28019
2016-08-01 17:49,0.13781,0.29265
2016-08-01 17:50,#N/A,0.29205
2016-08-01 17:51,0.14148,0.31127
2016-08-01 17:52,0.14611,0.27900
2016-08-01 17:53,0.16079,0.28517
2016-08-01 17:54,0.13979,0.25647
2016-08-01 17:55,0.12276,0.30961
2016-08-01 17:56,#N/A,0.27568
2016-08-01 17:57,0.14956,0.28316
2016-08-01 17:58,0.14258,0.31756
2016-08-01 17:59,0.14405,0.29383
2016-08-01 18:00,0.13891,0.26655
2016-08-01 18:01,0.14112,0.29537
2016-08-01 18:02,0.16740,0.28138
2016-08-01 18:03,#N/A,0.27663
2016-08-01 18:04,0.14611,0.28351
2016-08-01 18:05,0.17283,0.29466
2016-08-01 18:06,0.13686,0.29181
2016-08-01 18:07,0.16006,0.29561
2016-08-01 18:08,0.14515,0.29324
2016-08-01 18:09,#N/A,0.30652
2016-08-01 18:10,0.12952,0.27129
2016-08-01 18:11,0.15213,0.28553
2016-08-01 18:12,0.14222,0.28909
2016-08-01 18:13,0.12203,0.29324
2016-08-01 18:14,0.13744,0.25587
2016-08-01 18:15,0.13891,0.27165
2016-08-01 18:16,#N/A,0.26892
2016-08-01 18:17,0.13363,0.28161
2016-08-01 18:18,0.15066,#N/A
2016-08-01 18:19,0.13708,0.25433
2016-08-01 18:20,0.14552,0.24520
2016-08-01 18:21,0.13708,0.28553
2016-08-01 18:22,#N/A,0.27639
2016-08-01 18:23,0.15374,0.28873
2016-08-01 18:24,0.14831,0.28434
2016-08-01 18:25,0.15154,0.26358
2016-08-01 18:26,0.14714,0.27248
2016-08-01 18:27,0.14809,0.32432
2016-08-01 18:28,0.14787,0.31163
2016-08-01 18:29,#N/A,0.27248
2016-08-01 18:30,0.15250,0.27189
2016-08-01 18:31,0.16351,0.29941
2016-08-01 18:32,0.17548,0.30154
2016-08-01 18:33,0.16696,0.28517
2016-08-01 18:34,0.13304,0.26951
2016-08-01 18:35,#N/A,0.26714
2016-08-01 18:36,0.16278,0.24484
2016-08-01 18:37,0.14273,0.23772
2016-08-01 18:38,0.14978,0.24757
2016-08-01 18:39,0.14736,0.24935
2016-08-01 18:40,0.15690,0.25077
2016-08-01 18:41,0.15815,0.19893
2016-08-01 18:42,#N/A,0.26216
2016-08-01 18:43,0.15140,0.26856
2016-08-01 18:44,0.13465,0.26501
2016-08-01 18:45,0.14442,0.23654
2016-08-01 18:46,0.14479,0.27212
2016-08-01 18:47,0.13524,0.25765
2016-08-01 18:48,#N/A,0.27307
2016-08-01 18:49,0.15712,0.26773
2016-08-01 18:50,0.14699,0.25860
2016-08-01 18:51,0.15888,#N/A
2016-08-01 18:52,0.14883,0.24958
2016-08-01 18:53,0.15815,0.25053
2016-08-01 18:54,0.15580,0.24994
2016-08-01 18:55,#N/A,0.22301
2016-08-01 18:56,0.13539,0.22823
2016-08-01 18:57,0.14883,0.22467
2016-08-01 18:58,0.13928,0.24045
2016-08-01 18:59,0.14846,0.26335
2016-08-01 19:00,0.12349,0.20403
2016-08-01 19:01,#N/A,0.23511
2016-08-01 19:02,0.15492,0.27485
2016-08-01 19:03,0.16623,0.24579
2016-08-01 19:04,0.15301,0.21234
2016-08-01 19:05,0.16520,0.23511
2016-08-01 19:06,0.15029,0.21791
2016-08-01 19:07,0.14185,0.24638
2016-08-01 19:08,#N/A,0.21993
2016-08-01 19:09,0.13539,0.24816
2016-08-01 19:10,0.14640,0.21435
2016-08-01 19:11,0.13686,0.19775
2016-08-01 19:12,0.10661,0.18826
2016-08-01 19:13,0.12291,0.22384
2016-08-01 19:14,#N/A,0.20664
2016-08-01 19:15,0.14170,0.25789
2016-08-01 19:16,0.14126,0.22562
2016-08-01 19:17,0.15250,0.21352
2016-08-01 19:18,0.13304,0.22942
2016-08-01 19:19,0.14515,0.21993
2016-08-01 19:20,0.14956,0.23179
2016-08-01 19:21,#N/A,0.23298
2016-08-01 19:22,0.16402,0.24994
2016-08-01 19:23,0.15653,0.24104
2016-08-01 19:24,0.13928,#N/A
2016-08-01 19:25,0.13979,0.22894
2016-08-01 19:26,0.12827,0.22977
2016-08-01 19:27,#N/A,0.25196
2016-08-01 19:28,0.16696,0.26299
2016-08-01 19:29,0.16057,0.21234
2016-08-01 19:30,0.17357,0.23274
2016-08-01 19:31,0.15786,0.26299
2016-08-01 19:32,0.16520,0.22539
2016-08-01 19:33,#N/A,0.23488
2016-08-01 19:34,0.16843,0.26002
2016-08-01 19:35,0.17012,0.27212
2016-08-01 19:36,0.17063,0.10558
2016-08-01 19:37,0.15859,0.0061684
2016-08-01 19:38,0.16373,0
2016-08-01 19:39,0.15521,0.072835
2016-08-01 19:40,#N/A,0.031079
2016-08-01 19:41,0.17254,0.026097
2016-08-01 19:42,0.16424,0.015065
2016-08-01 19:43,0.15727,0.040332
2016-08-01 19:44,0.16402,0.074970
2016-08-01 19:45,0.19471,0.075919
2016-08-01 19:46,#N/A,0.047094
2016-08-01 19:47,0.17416,0.058126
2016-08-01 19:48,0.18311,0.065718
2016-08-01 19:49,0.18502,0.054804
2016-08-01 19:50,0.17893,0.061329
2016-08-01 19:51,0.17724,0.095136
2016-08-01 19:52,0.19068,0.12100
2016-08-01 19:53,#N/A,0.11708
2016-08-01 19:54,0.22687,0.12100
2016-08-01 19:55,0.25624,0.16773
2016-08-01 19:56,0.21674,0.16014
2016-08-01 19:57,0.22540,#N/A
2016-08-01 19:58,0.22761,0.18671
2016-08-01 19:59,#N/A,0.18114
2016-08-01 20:00,0.24427,0.19265
2016-08-01 20:01,0.24391,0.13665
2016-08-01 20:02,0.24963,0.15919
2016-08-01 20:03,0.25896,0.13547
2016-08-01 20:04,0.27680,0.19810
2016-08-01 20:05,0.24794,0.21969
2016-08-01 20:06,#N/A,0.24009
2016-08-01 20:07,0.26946,0.20249
2016-08-01 20:08,0.27658,0.24638
2016-08-01 20:09,0.28465,0.24045
2016-08-01 20:10,0.27783,0.22823
2016-08-01 20:11,0.27584,0.27212
2016-08-01 20:12,#N/A,0.22586
2016-08-01 20:13,0.28172,0.22977
2016-08-01 20:14,0.26703,0.24555
2016-08-01 20:15,0.29251,0.24282
2016-08-01 20:16,0.31329,0.27129
2016-08-01 20:17,0.31072,0.32112
2016-08-01 20:18,0.30720,0.27485
2016-08-01 20:19,#N/A,0.25824
2016-08-01 20:20,0.34435,0.29442
2016-08-01 20:21,0.34780,0.38956
2016-08-01 20:22,0.35756,0.30510
2016-08-01 20:23,0.34905,0.33333
2016-08-01 20:24,0.34905,0.34840
2016-08-01 20:25,#N/A,0.31791
2016-08-01 20:26,0.36784,0.33832
2016-08-01 20:27,0.37107,0.33950
2016-08-01 20:28,0.36138,0.34247
2016-08-01 20:29,0.37900,0.35279
2016-08-01 20:30,0.37665,#N/A
2016-08-01 20:31,0.40264,0.35789
2016-08-01 20:32,#N/A,0.36085
2016-08-01 20:33,0.37129,0.35824
2016-08-01 20:34,0.39354,0.35136
2016-08-01 20:35,0.39369,0.34365
2016-08-01 20:36,0.39971,0.30866
2016-08-01 20:37,0.38818,0.31163
2016-08-01 20:38,#N/A,0.34686
2016-08-01 20:39,0.37827,0.34247
2016-08-01 20:40,0.38047,0.37414
2016-08-01 20:41,0.38157,0.34603
2016-08-01 20:42,0.36946,0.38316
2016-08-01 20:43,0.37518,0.36026
2016-08-01 20:44,0.38084,0.36584
2016-08-01 20:45,#N/A,0.37983
2016-08-01 20:46,0.37900,0.39229
2016-08-01 20:47,0.38928,0.38909
2016-08-01 20:48,0.36285,0.40332
2016-08-01 20:49,0.36652,0.42752
2016-08-01 20:50,0.35771,0.41803
2016-08-01 20:51,#N/A,0.37770
2016-08-01 20:52,0.34743,0.39703
2016-08-01 20:53,0.34288,0.39051
2016-08-01 20:54,0.35345,0.48244
2016-08-01 20:55,0.35147,0.48600
2016-08-01 20:56,0.33201,0.43974
2016-08-01 20:57,0.32893,0.39383
2016-08-01 20:58,#N/A,0.39502
2016-08-01 20:59,0.33289,0.41637
2016-08-01 21:00,0.34728,0.42906
2016-08-01 21:01,0.36784,0.40807
2016-08-01 21:02,0.35330,0.42135
2016-08-01 21:03,0.32966,#N/A
2016-08-01 21:04,#N/A,0.41364
2016-08-01 21:05,0.32673,0.41483
2016-08-01 21:06,0.32540,0.41127
2016-08-01 21:07,0.32893,0.36501
2016-08-01 21:08,0.31865,0.37924
2016-08-01 21:09,0.32320,0.39312
2016-08-01 21:10,0.31733,0.40142
2016-08-01 21:11,#N/A,0.35042
2016-08-01 21:12,0.31586,0.39027
2016-08-01 21:13,0.31968,0.40771
2016-08-01 21:14,0.32247,0.38873
2016-08-01 21:15,0.32467,0.37450
2016-08-01 21:16,0.31454,0.37651
2016-08-01 21:17,#N/A,0.40593
2016-08-01 21:18,0.31880,0.40830
2016-08-01 21:19,0.31938,0.38671
2016-08-01 21:20,0.30543,0.33950
2016-08-01 21:21,0.29493,0.35789
2016-08-01 21:22,0.28686,0.34804
2016-08-01 21:23,#N/A,0.32527
2016-08-01 21:24,0.29714,0.31578
2016-08-01 21:25,0.28561,0.33298
2016-08-01 21:26,0.29493,0.31874
2016-08-01 21:27,0.29787,0.35552
2016-08-01 21:28,0.30690,0.33499
2016-08-01 21:29,0.30888,0.37153
2016-08-01 21:30,#N/A,0.33535
2016-08-01 21:31,0.30595,0.35967
2016-08-01 21:32,0.29016,0.34662
2016-08-01 21:33,0.30323,0.33179
2016-08-01 21:34,0.27562,0.35231
2016-08-01 21:35,0.27621,0.35255
2016-08-01 21:37,0.26608,0.31554
2016-08-01 21:38,0.26681,0.34306
2016-08-01 21:39,0.25360,0.33333
2016-08-01 21:40,0.27511,0.34164
2016-08-01 21:41,0.27313,0.31340
2016-08-01 21:42,0.26535,0.35350
2016-08-01 21:43,#N/A,0.29466
2016-08-01 21:44,0.28488,0.33618
2016-08-01 21:45,0.29310,0.33416
2016-08-01 21:46,0.27988,0.33096
2016-08-01 21:47,0.29398,0.30059
2016-08-01 21:48,0.29640,0.34128
2016-08-01 21:49,#N/A,0.28873
2016-08-01 21:50,0.28062,0.32052
2016-08-01 21:51,0.28370,#N/A
