date/time UTC,Dalmore 01,Dalmore 02,Corstorphine 01
2017-01-10 01:27:00,,,
2017-01-10 01:28:00,,,
2017-01-10 01:29:00,,,
2017-01-10 01:30:00,,,
2017-01-10 01:31:00,,,
2017-01-10 01:32:00,,,
2017-01-10 01:33:00,,,
2017-01-10 01:34:00,,,
2017-01-10 01:35:00,,,
2017-01-10 01:36:00,,,
2017-01-10 01:37:00,,,
2017-01-10 01:38:00,,,
2017-01-10 01:39:00,,,
2017-01-10 01:40:00,,,
2017-01-10 01:41:00,,,
2017-01-10 01:42:00,,,
2017-01-10 01:43:00,,,
2017-01-10 01:44:00,,,
2017-01-10 01:45:00,,,
2017-01-10 01:46:00,,,
2017-01-10 01:47:00,,,
2017-01-10 01:48:00,,,
2017-01-10 01:49:00,,,
2017-01-10 01:50:00,,,
2017-01-10 01:51:00,,,
2017-01-10 01:52:00,,,
2017-01-10 01:53:00,,,
2017-01-10 01:54:00,,,
2017-01-10 01:55:00,,,
2017-01-10 01:56:00,,,
2017-01-10 01:57:00,,,
2017-01-10 01:58:00,,,
2017-01-10 01:59:00,,,
2017-01-10 02:00:00,,,
2017-01-10 02:01:00,,,
2017-01-10 02:02:00,,,
2017-01-10 02:03:00,,,
2017-01-10 02:04:00,,,
2017-01-10 02:05:00,,,
2017-01-10 02:06:00,,,
2017-01-10 02:07:00,,,
2017-01-10 02:08:00,,,
2017-01-10 02:09:00,,,
2017-01-10 02:10:00,,,
2017-01-10 02:11:00,,,
2017-01-10 02:12:00,,,
2017-01-10 02:13:00,,,
2017-01-10 02:14:00,,,
2017-01-10 02:15:00,,,
2017-01-10 02:16:00,,,
2017-01-10 02:17:00,,,
2017-01-10 02:18:00,,,
2017-01-10 02:19:00,,,
2017-01-10 02:20:00,,,
2017-01-10 02:21:00,,,
2017-01-10 02:22:00,,,
2017-01-10 02:23:00,,,
2017-01-10 02:24:00,,,
2017-01-10 02:25:00,,,
2017-01-10 02:26:00,,,
2017-01-10 02:27:00,,,
2017-01-10 02:28:00,,,
2017-01-10 02:29:00,,,
2017-01-10 02:30:00,,,
2017-01-10 02:31:00,,,
2017-01-10 02:32:00,,,
2017-01-10 02:33:00,,,
2017-01-10 02:34:00,,,
2017-01-10 02:35:00,,,
2017-01-10 02:36:00,,,
2017-01-10 02:37:00,,,
2017-01-10 02:38:00,,,
2017-01-10 02:39:00,,,
2017-01-10 02:40:00,,,
2017-01-10 02:41:00,,,
2017-01-10 02:42:00,,,
2017-01-10 02:43:00,,,
2017-01-10 02:44:00,,,
2017-01-10 02:45:00,,,
2017-01-10 02:46:00,,,
2017-01-10 02:47:00,,,
2017-01-10 02:48:00,,,
2017-01-10 02:49:00,,,
2017-01-10 02:50:00,,,
2017-01-10 02:51:00,,,
2017-01-10 02:52:00,,,
2017-01-10 02:53:00,,,
2017-01-10 02:54:00,,,
2017-01-10 02:55:00,,,
2017-01-10 02:56:00,,,
2017-01-10 02:57:00,,,
2017-01-10 02:58:00,,,
2017-01-10 02:59:00,,,
2017-01-10 03:00:00,,,
2017-01-10 03:01:00,,,
2017-01-10 03:02:00,,,
2017-01-10 03:03:00,,,
2017-01-10 03:04:00,,,
2017-01-10 03:05:00,,,
2017-01-10 03:06:00,,,
2017-01-10 03:07:00,,,
2017-01-10 03:08:00,,,
2017-01-10 03:09:00,,,
2017-01-10 03:10:00,,,
2017-01-10 03:11:00,,,
2017-01-10 03:12:00,,,
2017-01-10 03:13:00,,,
2017-01-10 03:14:00,,,
2017-01-10 03:15:00,,,
2017-01-10 03:16:00,,,
2017-01-10 03:17:00,,,
2017-01-10 03:18:00,,,
2017-01-10 03:19:00,,,
2017-01-10 03:20:00,,,
2017-01-10 03:21:00,,,
2017-01-10 03:22:00,,,
2017-01-10 03:23:00,,,
2017-01-10 03:24:00,,,
2017-01-10 03:25:00,,,
2017-01-10 03:26:00,,,
2017-01-10 03:27:00,,,
2017-01-10 03:28:00,,,
2017-01-10 03:29:00,,,
2017-01-10 03:30:00,,,
2017-01-10 03:31:00,,,
2017-01-10 03:32:00,,,
2017-01-10 03:33:00,,,
2017-01-10 03:34:00,,,
2017-01-10 03:35:00,,,
2017-01-10 03:36:00,,,
2017-01-10 03:37:00,,,
2017-01-10 03:38:00,,,
2017-01-10 03:39:00,,,
2017-01-10 03:40:00,,,
2017-01-10 03:41:00,,,
2017-01-10 03:42:00,,,
2017-01-10 03:43:00,,,
2017-01-10 03:44:00,,,
2017-01-10 03:45:00,,,
2017-01-10 03:46:00,,,
2017-01-10 03:47:00,,,
2017-01-10 03:48:00,,,
2017-01-10 03:49:00,,,
2017-01-10 03:50:00,,,
2017-01-10 03:51:00,,,
2017-01-10 03:52:00,,,
2017-01-10 03:53:00,,,
2017-01-10 03:54:00,,,
2017-01-10 03:55:00,,,
2017-01-10 03:56:00,,,
2017-01-10 03:57:00,,,
2017-01-10 03:58:00,,,
2017-01-10 03:59:00,,,
2017-01-10 04:00:00,,,
2017-01-10 04:01:00,,,
2017-01-10 04:02:00,,,
2017-01-10 04:03:00,,,
2017-01-10 04:04:00,,,
2017-01-10 04:05:00,,,
2017-01-10 04:06:00,,,
2017-01-10 04:07:00,,,
2017-01-10 04:08:00,,,
2017-01-10 04:09:00,,,
2017-01-10 04:10:00,,,
2017-01-10 04:11:00,,,
2017-01-10 04:12:00,,,
2017-01-10 04:13:00,,,
2017-01-10 04:14:00,,,
2017-01-10 04:15:00,,,
2017-01-10 04:16:00,,,
2017-01-10 04:17:00,,,
2017-01-10 04:18:00,,,
2017-01-10 04:19:00,,,
2017-01-10 04:20:00,,,
2017-01-10 04:21:00,,,
2017-01-10 04:22:00,,,
2017-01-10 04:23:00,,,
2017-01-10 04:24:00,,,
2017-01-10 04:25:00,,,
2017-01-10 04:26:00,,,
2017-01-10 04:27:00,,,
2017-01-10 04:28:00,,,
2017-01-10 04:29:00,,,
2017-01-10 04:30:00,,,
2017-01-10 04:31:00,,,
2017-01-10 04:32:00,,,
2017-01-10 04:33:00,,,
2017-01-10 04:34:00,,,
2017-01-10 04:35:00,,,
2017-01-10 04:36:00,,,
2017-01-10 04:37:00,,,
2017-01-10 04:38:00,,,
2017-01-10 04:39:00,,,
2017-01-10 04:40:00,,,
2017-01-10 04:41:00,0.93347,,
2017-01-10 04:42:00,0.93558,,
2017-01-10 04:43:00,0.94505,,
2017-01-10 04:44:00,0.95056,,
2017-01-10 04:45:00,0.97913,,
2017-01-10 04:46:00,0.97521,,
2017-01-10 04:47:00,0.97210,,
2017-01-10 04:48:00,0.96420,,
2017-01-10 04:49:00,0.94228,,
2017-01-10 04:50:00,0.94170,,
2017-01-10 04:51:00,0.93907,,
2017-01-10 04:52:00,0.94290,,
2017-01-10 04:53:00,0.92792,,
2017-01-10 04:54:00,,,
2017-01-10 04:55:00,,,
2017-01-10 04:56:00,,,
2017-01-10 04:57:00,,,
2017-01-10 04:58:00,,,
2017-01-10 04:59:00,,,
2017-01-10 05:00:00,,,
2017-01-10 05:01:00,,,
2017-01-10 05:02:00,0.99794,,
2017-01-10 05:03:00,0.95295,,
2017-01-10 05:04:00,0.92136,,
2017-01-10 05:05:00,0.97305,,
2017-01-10 05:06:00,0.99636,,
2017-01-10 05:07:00,0.98775,,
2017-01-10 05:08:00,0.95788,,
2017-01-10 05:09:00,0.99521,,
2017-01-10 05:10:00,1,,
2017-01-10 05:11:00,0.95836,,
2017-01-10 05:12:00,0.94218,,
2017-01-10 05:13:00,0.92998,,
2017-01-10 05:14:00,0.92734,,
2017-01-10 05:15:00,0.95678,,
2017-01-10 05:16:00,0.99004,,
2017-01-10 05:17:00,0.99555,,
2017-01-10 05:18:00,0.98765,,
2017-01-10 05:19:00,0.98909,,
2017-01-10 05:20:00,0.98430,0.61743,
2017-01-10 05:21:00,,0.60838,
2017-01-10 05:22:00,,0.59953,
2017-01-10 05:23:00,,,
2017-01-10 05:24:00,,,
2017-01-10 05:25:00,,,
2017-01-10 05:26:00,,0.57979,
2017-01-10 05:27:00,0.95271,0.56417,
2017-01-10 05:28:00,0.92016,0.51694,
2017-01-10 05:29:00,0.92184,0.55540,
2017-01-10 05:30:00,0.92217,0.55569,
2017-01-10 05:31:00,0.92026,0.55516,
2017-01-10 05:32:00,0.91681,0.55512,
2017-01-10 05:33:00,0.92352,0.55581,
2017-01-10 05:34:00,0.92160,0.55353,
2017-01-10 05:35:00,0.91275,0.55124,
2017-01-10 05:36:00,0.92677,0.55018,
2017-01-10 05:37:00,0.93012,0.54855,
2017-01-10 05:38:00,0.92457,0.54729,
2017-01-10 05:39:00,0.92026,0.54533,
2017-01-10 05:40:00,0.92361,0.54386,
2017-01-10 05:41:00,0.91433,0.53937,
2017-01-10 05:42:00,0.91993,0.54141,
2017-01-10 05:43:00,0.95798,0.54439,
2017-01-10 05:44:00,0.95845,0.54137,
2017-01-10 05:45:00,0.96027,0.53668,
2017-01-10 05:46:00,0.95740,0.53375,
2017-01-10 05:47:00,,0.53232,
2017-01-10 05:48:00,0.95424,0.53077,
2017-01-10 05:49:00,0.93921,0.52971,
2017-01-10 05:50:00,0.95199,0.52816,
2017-01-10 05:51:00,0.93108,0.49639,
2017-01-10 05:52:00,0.91624,0.52637,
2017-01-10 05:53:00,0.92782,0.52616,
2017-01-10 05:54:00,0.91921,0.52804,
2017-01-10 05:55:00,0.93046,0.52999,
2017-01-10 05:56:00,0.94591,0.52955,
2017-01-10 05:57:00,0.94194,0.52889,
2017-01-10 05:58:00,0.93955,0.52547,
2017-01-10 05:59:00,0.93462,0.52229,
2017-01-10 06:00:00,0.91681,0.51666,
2017-01-10 06:01:00,0.91610,0.51735,
2017-01-10 06:02:00,0.91212,0.52416,
2017-01-10 06:03:00,0.91322,0.52253,
2017-01-10 06:04:00,0.91275,0.52155,
2017-01-10 06:05:00,0.91969,0.52159,
2017-01-10 06:06:00,0.90317,0.52045,
2017-01-10 06:07:00,0.92725,0.52204,
2017-01-10 06:08:00,0.93826,0.52437,
2017-01-10 06:09:00,0.94457,,
2017-01-10 06:10:00,0.92878,,
2017-01-10 06:11:00,0.91897,,
2017-01-10 06:12:00,0.92854,,
2017-01-10 06:13:00,0.93366,,
2017-01-10 06:14:00,0.92854,,
2017-01-10 06:15:00,0.93969,,
2017-01-10 06:16:00,0.93988,,
2017-01-10 06:17:00,0.95845,0.51792,
2017-01-10 06:18:00,0.95104,0.51637,
2017-01-10 06:19:00,0.95520,0.51613,
2017-01-10 06:20:00,0.95329,,
2017-01-10 06:21:00,0.95654,0.52282,
2017-01-10 06:22:00,0.93175,0.52094,
2017-01-10 06:23:00,0.92821,0.52261,
2017-01-10 06:24:00,0.93108,0.52041,
2017-01-10 06:25:00,0.92184,0.52106,
2017-01-10 06:26:00,0.93653,0.52400,
2017-01-10 06:27:00,0.94658,0.52702,
2017-01-10 06:28:00,0.95534,0.52865,
2017-01-10 06:29:00,0.97018,0.52987,
2017-01-10 06:30:00,0.97913,0.53024,
2017-01-10 06:31:00,0.96764,0.52861,
2017-01-10 06:32:00,,0.52918,
2017-01-10 06:33:00,,0.53081,
2017-01-10 06:34:00,,0.53134,
2017-01-10 06:35:00,,0.52959,
2017-01-10 06:36:00,,0.52690,
2017-01-10 06:37:00,,0.52380,
2017-01-10 06:38:00,0.96937,0.52465,
2017-01-10 06:39:00,0.96429,0.52253,
2017-01-10 06:40:00,0.96276,0.51996,
2017-01-10 06:41:00,0.94649,0.51478,
2017-01-10 06:42:00,0.94721,0.51560,
2017-01-10 06:43:00,0.94946,0.51580,
2017-01-10 06:44:00,0.93620,0.51368,
2017-01-10 06:45:00,0.93586,0.51087,
2017-01-10 06:46:00,0.92064,0.51005,
2017-01-10 06:47:00,0.91083,0.50520,
2017-01-10 06:48:00,0.89566,0.50663,
2017-01-10 06:49:00,0.89839,0.50471,
2017-01-10 06:50:00,0.90188,0.50308,
2017-01-10 06:51:00,0.89729,0.50137,
2017-01-10 06:52:00,0.89552,0.49794,
2017-01-10 06:53:00,0.89001,0.49219,
2017-01-10 06:54:00,0.87493,0.48632,
2017-01-10 06:55:00,0.85794,0.48130,
2017-01-10 06:56:00,0.84894,0.47784,
2017-01-10 06:57:00,0.89585,0.48432,
2017-01-10 06:58:00,0.94544,0.49048,
2017-01-10 06:59:00,0.94362,0.49423,
2017-01-10 07:00:00,0.95319,0.49770,
2017-01-10 07:01:00,0.94362,0.50047,
2017-01-10 07:02:00,0.94912,0.50312,
2017-01-10 07:03:00,0.95166,0.50471,
2017-01-10 07:04:00,0.96492,0.50630,
2017-01-10 07:05:00,0.95175,0.50728,
2017-01-10 07:06:00,0.95343,0.50830,
2017-01-10 07:07:00,0.96602,0.50964,
2017-01-10 07:08:00,0.96157,0.51095,
2017-01-10 07:09:00,0.96396,0.51213,
2017-01-10 07:10:00,0.96851,0.51221,
2017-01-10 07:11:00,0.97353,0.51266,
2017-01-10 07:12:00,0.96315,0.51450,
2017-01-10 07:13:00,0.96611,0.51482,
2017-01-10 07:14:00,0.96937,0.51425,
2017-01-10 07:15:00,0.97257,0.51421,
2017-01-10 07:16:00,0.97999,0.51458,
2017-01-10 07:17:00,0.97521,0.51539,
2017-01-10 07:18:00,,0.51527,
2017-01-10 07:19:00,0.96755,0.51613,
2017-01-10 07:20:00,0.96659,0.51699,
2017-01-10 07:21:00,0.96157,0.51654,
2017-01-10 07:22:00,0.96219,0.51703,
2017-01-10 07:23:00,0.97401,0.51768,
2017-01-10 07:24:00,0.97894,0.51878,
2017-01-10 07:25:00,0.99349,0.51882,
2017-01-10 07:26:00,0.98277,0.51886,
2017-01-10 07:27:00,0.96812,0.51813,
2017-01-10 07:28:00,0.96860,0.52057,
2017-01-10 07:29:00,0.96372,0.51690,
2017-01-10 07:30:00,0.96324,0.51796,
2017-01-10 07:31:00,0.92150,0.51833,
2017-01-10 07:32:00,0.93069,0.51951,
2017-01-10 07:33:00,0.93285,0.52102,
2017-01-10 07:34:00,0.93347,0.55295,
2017-01-10 07:35:00,0.94122,0.70560,
2017-01-10 07:36:00,0.95678,0.71070,
2017-01-10 07:37:00,0.93893,0.62722,
2017-01-10 07:38:00,0.93558,0.66596,
2017-01-10 07:39:00,0.94228,0.69051,
2017-01-10 07:40:00,0.94721,0.68227,
2017-01-10 07:41:00,0.94323,0.67705,
2017-01-10 07:42:00,0.94386,0.67240,
2017-01-10 07:43:00,0.95582,0.66894,
2017-01-10 07:44:00,0.96094,0.66657,
2017-01-10 07:45:00,0.96109,0.66449,
2017-01-10 07:46:00,0.95654,0.66123,
2017-01-10 07:47:00,0.95118,0.66041,
2017-01-10 07:48:00,0.96238,0.65833,
2017-01-10 07:49:00,0.94994,0.65625,
2017-01-10 07:50:00,0.95391,0.65572,
2017-01-10 07:51:00,0.95309,0.65389,
2017-01-10 07:52:00,0.96123,0.65320,
2017-01-10 07:53:00,0.95917,0.65340,
2017-01-10 07:54:00,0.95965,0.65324,
2017-01-10 07:55:00,0.96300,0.65152,
2017-01-10 07:56:00,0.95788,0.65001,
2017-01-10 07:57:00,0.96659,0.64916,
2017-01-10 07:58:00,0.96697,0.64838,
2017-01-10 07:59:00,0.96157,0.64761,
2017-01-10 08:00:00,0.97128,0.64785,
2017-01-10 08:01:00,0.96276,0.64663,
2017-01-10 08:02:00,0.97090,0.64663,
2017-01-10 08:03:00,0.96458,0.64573,
2017-01-10 08:04:00,0.96755,0.64504,
2017-01-10 08:05:00,0.96697,0.64479,
2017-01-10 08:06:00,0.95214,0.64496,
2017-01-10 08:07:00,0.93740,0.64357,
2017-01-10 08:08:00,0.95271,0.64267,
2017-01-10 08:09:00,0.96252,0.64324,
2017-01-10 08:10:00,0.95472,0.64430,
2017-01-10 08:11:00,0.94266,0.64377,
2017-01-10 08:12:00,0.95022,0.64247,
2017-01-10 08:13:00,0.93893,0.64174,
2017-01-10 08:14:00,0.95175,0.64104,
2017-01-10 08:15:00,0.94802,0.64015,
2017-01-10 08:16:00,0.94113,0.63962,
2017-01-10 08:17:00,0.93859,0.63970,
2017-01-10 08:18:00,0.93931,0.63908,
2017-01-10 08:19:00,0.92998,0.63831,
2017-01-10 08:20:00,0.91404,0.63802,
2017-01-10 08:21:00,0.92170,0.63770,
2017-01-10 08:22:00,0.93921,0.63815,
2017-01-10 08:23:00,0.92725,0.63823,
2017-01-10 08:24:00,0.92160,0.63835,
2017-01-10 08:25:00,0.92878,0.63823,
2017-01-10 08:26:00,0.91945,0.63855,
2017-01-10 08:27:00,0.91911,0.63823,
2017-01-10 08:28:00,0.90437,0.63741,
2017-01-10 08:29:00,0.90064,0.63754,
2017-01-10 08:30:00,0.89910,0.63798,
2017-01-10 08:31:00,0.89279,0.63660,
2017-01-10 08:32:00,0.88896,0.63607,
2017-01-10 08:33:00,0.88355,0.63497,
2017-01-10 08:34:00,0.87747,0.63517,
2017-01-10 08:35:00,0.88187,0.63562,
2017-01-10 08:36:00,0.88388,0.63586,
2017-01-10 08:37:00,0.88752,0.63668,
2017-01-10 08:38:00,0.88642,0.63635,
2017-01-10 08:39:00,0.88163,0.63643,
2017-01-10 08:40:00,0.87230,0.63656,
2017-01-10 08:41:00,0.87087,0.63615,
2017-01-10 08:42:00,0.88513,0.63590,
2017-01-10 08:43:00,0.89240,0.63619,
2017-01-10 08:44:00,0.88690,0.63643,
2017-01-10 08:45:00,0.89743,0.63802,
2017-01-10 08:46:00,0.89528,0.63908,
2017-01-10 08:47:00,0.89791,0.63933,
2017-01-10 08:48:00,0.90341,0.63884,
2017-01-10 08:49:00,0.90207,0.63843,
2017-01-10 08:50:00,0.89504,0.63839,
2017-01-10 08:51:00,0.88307,0.63729,
2017-01-10 08:52:00,0.87278,0.63652,
2017-01-10 08:53:00,0.87326,0.63582,
2017-01-10 08:54:00,0.87852,0.63452,
2017-01-10 08:55:00,0.88149,0.63333,
2017-01-10 08:56:00,0.86991,0.63276,
2017-01-10 08:57:00,0.88867,0.63109,
2017-01-10 08:58:00,0.88068,0.63048,
2017-01-10 08:59:00,0.87039,0.63060,
2017-01-10 09:00:00,0.86536,0.62889,
2017-01-10 09:01:00,0.86058,0.62783,
2017-01-10 09:02:00,0.85962,0.62795,
2017-01-10 09:03:00,0.86967,0.62930,
2017-01-10 09:04:00,0.87479,0.62881,
2017-01-10 09:05:00,0.86474,0.62799,
2017-01-10 09:06:00,0.85722,0.62758,
2017-01-10 09:07:00,0.85842,0.62665,
2017-01-10 09:08:00,0.84909,0.62628,
2017-01-10 09:09:00,0.84607,0.62595,
2017-01-10 09:10:00,0.85306,0.62461,
2017-01-10 09:11:00,0.86560,0.62461,
2017-01-10 09:12:00,0.86043,0.62371,
2017-01-10 09:13:00,0.85100,0.62106,
2017-01-10 09:14:00,0.83497,0.61772,
2017-01-10 09:15:00,0.84827,0.61555,
2017-01-10 09:16:00,0.84957,0.61604,
2017-01-10 09:17:00,0.84540,0.61698,
2017-01-10 09:18:00,0.84191,0.61702,
2017-01-10 09:19:00,0.83679,0.61661,
2017-01-10 09:20:00,0.83411,0.61694,
2017-01-10 09:21:00,0.81343,0.61714,
2017-01-10 09:22:00,0.82372,0.61767,
2017-01-10 09:23:00,0.82884,0.61906,
2017-01-10 09:24:00,0.83057,0.61975,
2017-01-10 09:25:00,0.83258,0.62016,
2017-01-10 09:26:00,0.83617,0.62016,
2017-01-10 09:27:00,0.82071,0.62020,
2017-01-10 09:28:00,0.81295,0.61951,
2017-01-10 09:29:00,0.80601,0.61971,
2017-01-10 09:30:00,0.81238,0.61922,
2017-01-10 09:31:00,0.80663,0.61861,
2017-01-10 09:32:00,0.80376,0.61812,
2017-01-10 09:33:00,0.80108,0.61763,
2017-01-10 09:34:00,0.80730,0.61853,
2017-01-10 09:35:00,0.79965,0.61780,
2017-01-10 09:36:00,0.79692,0.61955,
2017-01-10 09:37:00,0.78854,0.61694,
2017-01-10 09:38:00,0.78749,0.61666,
2017-01-10 09:39:00,0.79486,0.61902,
2017-01-10 09:40:00,0.79342,0.61747,
2017-01-10 09:41:00,0.79333,0.61898,
2017-01-10 09:42:00,0.79572,0.61735,
2017-01-10 09:43:00,0.80218,0.61719,
2017-01-10 09:44:00,0.79405,0.61519,
2017-01-10 09:45:00,0.77658,0.61111,
2017-01-10 09:46:00,0.76940,0.61335,
2017-01-10 09:47:00,0.77801,0.61559,
2017-01-10 09:48:00,0.78289,0.61702,
2017-01-10 09:49:00,0.78845,0.61796,
2017-01-10 09:50:00,0.79151,0.61865,
2017-01-10 09:51:00,0.78136,0.61441,
2017-01-10 09:52:00,0.77122,0.61425,
2017-01-10 09:53:00,0.76183,0.61213,
2017-01-10 09:54:00,0.76021,0.61233,
2017-01-10 09:55:00,0.75609,0.60870,
2017-01-10 09:56:00,0.74010,0.60622,
2017-01-10 09:57:00,0.73613,0.60601,
2017-01-10 09:58:00,0.73024,0.60540,
2017-01-10 09:59:00,0.73197,0.60340,
2017-01-10 10:00:00,0.72512,0.60275,
2017-01-10 10:01:00,0.71636,0.59859,
2017-01-10 10:02:00,0.72259,0.59810,
2017-01-10 10:03:00,0.72082,0.59675,
2017-01-10 10:04:00,0.70392,0.59545,
2017-01-10 10:05:00,,0.59586,
2017-01-10 10:06:00,0.70861,0.52673,
2017-01-10 10:07:00,0.70708,0.59622,
2017-01-10 10:08:00,0.70502,0.59520,
2017-01-10 10:09:00,0.70947,0.59439,
2017-01-10 10:10:00,0.71220,0.59471,
2017-01-10 10:11:00,0.71124,0.59459,
2017-01-10 10:12:00,0.71388,0.59614,
2017-01-10 10:13:00,0.71809,0.59724,
2017-01-10 10:14:00,0.71675,0.59626,
2017-01-10 10:15:00,0.71770,0.59500,
2017-01-10 10:16:00,0.72450,0.59520,
2017-01-10 10:17:00,0.72354,0.59659,
2017-01-10 10:18:00,0.72800,0.59647,
2017-01-10 10:19:00,0.72249,0.59541,
2017-01-10 10:20:00,0.71842,0.59427,
2017-01-10 10:21:00,0.72048,0.59247,
2017-01-10 10:22:00,0.72010,0.59235,
2017-01-10 10:23:00,0.70454,0.59035,
2017-01-10 10:24:00,0.70488,0.58880,
2017-01-10 10:25:00,0.69674,0.58562,
2017-01-10 10:26:00,0.69688,0.58448,
2017-01-10 10:27:00,0.68492,0.58399,
2017-01-10 10:28:00,0.68516,0.58260,
2017-01-10 10:29:00,0.67870,0.58203,
2017-01-10 10:30:00,0.68324,0.58101,
2017-01-10 10:31:00,0.67415,0.58146,
2017-01-10 10:32:00,0.68013,0.58097,
2017-01-10 10:33:00,0.67415,0.58016,
2017-01-10 10:34:00,0.67774,0.57922,
2017-01-10 10:35:00,0.68229,0.57914,
2017-01-10 10:36:00,0.68875,0.57824,
2017-01-10 10:37:00,0.68985,0.57779,
2017-01-10 10:38:00,0.69033,0.57795,
2017-01-10 10:39:00,0.69942,0.57799,
2017-01-10 10:40:00,0.68588,0.57832,
2017-01-10 10:41:00,0.68095,0.57787,
2017-01-10 10:42:00,0.66529,0.57791,
2017-01-10 10:43:00,0.68683,0.57901,
2017-01-10 10:44:00,0.68363,0.57799,
2017-01-10 10:45:00,0.68181,0.57824,
2017-01-10 10:46:00,0.68611,0.57889,
2017-01-10 10:47:00,0.67568,0.57795,
2017-01-10 10:48:00,0.67559,0.57726,
2017-01-10 10:49:00,0.68028,0.57812,
2017-01-10 10:50:00,0.68229,0.57824,
2017-01-10 10:51:00,0.68923,0.57910,
2017-01-10 10:52:00,0.68923,0.57958,
2017-01-10 10:53:00,0.67319,0.57950,
2017-01-10 10:54:00,0.67343,0.58003,
2017-01-10 10:55:00,0.67008,0.57950,
2017-01-10 10:56:00,0.68477,0.57910,
2017-01-10 10:57:00,0.67965,0.57926,
2017-01-10 10:58:00,0.66745,0.57901,
2017-01-10 10:59:00,0.67740,0.57787,
2017-01-10 11:00:00,0.68875,0.57755,
2017-01-10 11:01:00,0.67870,0.57555,
2017-01-10 11:02:00,0.67702,0.57485,
2017-01-10 11:03:00,0.67511,0.57306,
2017-01-10 11:04:00,0.66529,0.57143,
2017-01-10 11:05:00,0.65682,0.57094,
2017-01-10 11:06:00,0.66984,0.57012,
2017-01-10 11:07:00,0.67022,0.57069,
2017-01-10 11:08:00,0.65883,0.56906,
2017-01-10 11:09:00,0.66161,0.56833,
2017-01-10 11:10:00,0.66936,0.56894,
2017-01-10 11:11:00,0.66161,0.56939,
2017-01-10 11:12:00,0.65539,0.57057,
2017-01-10 11:13:00,0.66017,0.56976,
2017-01-10 11:14:00,0.64246,0.56772,
2017-01-10 11:15:00,0.64534,0.56686,
2017-01-10 11:16:00,0.64447,0.56751,
2017-01-10 11:17:00,0.65740,0.56645,
2017-01-10 11:18:00,0.65094,0.56482,
2017-01-10 11:19:00,0.64744,0.56323,
2017-01-10 11:20:00,0.65740,0.56160,
2017-01-10 11:21:00,0.64878,0.55899,
2017-01-10 11:22:00,0.64471,0.55805,
2017-01-10 11:23:00,0.62811,0.55609,
2017-01-10 11:24:00,0.62796,0.55589,
2017-01-10 11:25:00,0.63658,0.55430,
2017-01-10 11:26:00,0.62078,0.55446,
2017-01-10 11:27:00,0.61346,0.55463,
2017-01-10 11:28:00,0.61614,0.55442,
2017-01-10 11:29:00,0.61767,0.55283,
2017-01-10 11:30:00,0.60705,0.55022,
2017-01-10 11:31:00,0.61489,0.54778,
2017-01-10 11:32:00,0.60140,0.54451,
2017-01-10 11:33:00,0.60034,0.54243,
2017-01-10 11:34:00,0.59302,0.53884,
2017-01-10 11:35:00,0.58666,0.53636,
2017-01-10 11:36:00,0.58010,0.53362,
2017-01-10 11:37:00,0.56957,0.52991,
2017-01-10 11:38:00,0.57976,0.52588,
2017-01-10 11:39:00,0.57196,0.52257,
2017-01-10 11:40:00,0.55602,0.51764,
2017-01-10 11:41:00,0.56095,0.51658,
2017-01-10 11:42:00,0.55411,0.51678,
2017-01-10 11:43:00,0.55248,0.51760,
2017-01-10 11:44:00,0.55425,0.51768,
2017-01-10 11:45:00,0.56655,0.52127,
2017-01-10 11:46:00,0.55545,0.51943,
2017-01-10 11:47:00,0.57785,0.52498,
2017-01-10 11:48:00,0.56406,0.52563,
2017-01-10 11:49:00,0.57388,0.53187,
2017-01-10 11:50:00,0.57593,0.53391,
2017-01-10 11:51:00,0.58728,0.53986,
2017-01-10 11:52:00,0.59652,0.54072,
2017-01-10 11:53:00,0.60465,0.55071,
2017-01-10 11:54:00,0.59948,0.55034,
2017-01-10 11:55:00,0.61059,0.55459,
2017-01-10 11:56:00,0.60054,0.55300,
2017-01-10 11:57:00,0.61647,0.55540,
2017-01-10 11:58:00,0.61346,0.55361,
2017-01-10 11:59:00,0.62389,0.55120,
2017-01-10 12:00:00,0.62724,0.55528,
2017-01-10 12:01:00,0.62653,0.55169,
2017-01-10 12:02:00,0.62542,0.55242,
2017-01-10 12:03:00,0.63959,0.55251,
2017-01-10 12:04:00,0.63442,0.55308,
2017-01-10 12:05:00,0.63500,0.55475,
2017-01-10 12:06:00,0.63706,0.55434,
2017-01-10 12:07:00,0.63562,0.55744,
2017-01-10 12:08:00,0.63739,0.55707,
2017-01-10 12:09:00,0.64447,0.55662,
2017-01-10 12:10:00,0.63356,0.55630,
2017-01-10 12:11:00,0.63394,0.55752,
2017-01-10 12:12:00,0.62916,0.55385,
2017-01-10 12:13:00,0.63849,0.55577,
2017-01-10 12:14:00,0.64122,0.55455,
2017-01-10 12:15:00,0.63624,0.55389,
2017-01-10 12:16:00,0.62964,0.55467,
2017-01-10 12:17:00,0.62700,0.55234,
2017-01-10 12:18:00,0.62796,0.55149,
2017-01-10 12:19:00,0.62629,0.55202,
2017-01-10 12:20:00,0.63165,0.55063,
2017-01-10 12:21:00,0.62332,0.54953,
2017-01-10 12:22:00,0.63241,0.54778,
2017-01-10 12:23:00,0.62964,0.54484,
2017-01-10 12:24:00,0.62270,0.54313,
2017-01-10 12:25:00,0.61671,0.54317,
2017-01-10 12:26:00,0.60929,0.54158,
2017-01-10 12:27:00,0.61217,0.53958,
2017-01-10 12:28:00,0.60322,0.53787,
2017-01-10 12:29:00,0.60355,0.53550,
2017-01-10 12:30:00,0.60226,0.53456,
2017-01-10 12:31:00,0.57842,0.52926,
2017-01-10 12:32:00,0.57723,0.52388,
2017-01-10 12:33:00,0.56861,0.51951,
2017-01-10 12:34:00,0.57459,0.51462,
2017-01-10 12:35:00,0.56813,0.51079,
2017-01-10 12:36:00,0.55775,0.50769,
2017-01-10 12:37:00,0.54564,0.50442,
2017-01-10 12:38:00,0.54789,0.50133,
2017-01-10 12:39:00,0.53573,0.49761,
2017-01-10 12:40:00,0.52807,0.49721,
2017-01-10 12:41:00,0.52616,0.49297,
2017-01-10 12:42:00,0.52731,0.48954,
2017-01-10 12:43:00,0.52807,0.48730,
2017-01-10 12:44:00,0.51754,0.48501,
2017-01-10 12:45:00,0.52300,0.48546,
2017-01-10 12:46:00,0.51979,0.48656,
2017-01-10 12:47:00,0.52233,0.48501,
2017-01-10 12:48:00,0.51898,0.48493,
2017-01-10 12:49:00,0.52185,0.48469,
2017-01-10 12:50:00,0.51142,0.48424,
2017-01-10 12:51:00,0.50926,0.48334,
2017-01-10 12:52:00,,0.48151,
2017-01-10 12:53:00,0.51788,0.47930,
2017-01-10 12:54:00,0.51524,0.47771,
2017-01-10 12:55:00,0.51247,0.47563,
2017-01-10 12:56:00,0.50041,0.47355,
2017-01-10 12:57:00,0.49074,0.47054,
2017-01-10 12:58:00,0.48806,0.46825,
2017-01-10 12:59:00,0.47528,0.46507,
2017-01-10 13:00:00,0.47782,0.46111,
2017-01-10 13:01:00,0.47049,0.45749,
2017-01-10 13:02:00,0.46403,0.45316,
2017-01-10 13:03:00,0.47959,0.46850,
2017-01-10 13:04:00,0.48509,0.46772,
2017-01-10 13:05:00,0.48916,0.46466,
2017-01-10 13:06:00,0.48691,0.46107,
2017-01-10 13:07:00,0.48007,0.45802,
2017-01-10 13:08:00,0.46891,0.44884,
2017-01-10 13:09:00,0.46317,0.44533,
2017-01-10 13:10:00,0.46413,0.43816,
2017-01-10 13:11:00,0.47097,0.43591,
2017-01-10 13:12:00,0.46666,0.42898,
2017-01-10 13:13:00,0.45087,0.42172,
2017-01-10 13:14:00,0.44546,0.40891,
2017-01-10 13:15:00,0.43254,0.40182,
2017-01-10 13:16:00,0.42789,0.39345,
2017-01-10 13:17:00,0.43110,0.38326,
2017-01-10 13:18:00,0.43388,0.37604,
2017-01-10 13:19:00,0.43397,0.36644,
2017-01-10 13:20:00,0.43747,0.35919,
2017-01-10 13:21:00,0.42804,0.35008,
2017-01-10 13:22:00,0.42502,0.34053,
2017-01-10 13:23:00,0.42182,0.33745,
2017-01-10 13:24:00,0.41928,0.31827,
2017-01-10 13:25:00,0.41210,0.30355,
2017-01-10 13:26:00,0.42775,0.29355,
2017-01-10 13:27:00,0.41942,0.28700,
2017-01-10 13:28:00,0.40947,0.28547,
2017-01-10 13:29:00,0.41114,0.28502,
2017-01-10 13:30:00,0.39741,0.27568,
2017-01-10 13:31:00,0.39607,0.26715,
2017-01-10 13:32:00,0.39185,0.25401,
2017-01-10 13:33:00,0.39367,0.24437,
2017-01-10 13:34:00,0.40047,0.23910,
2017-01-10 13:35:00,0.40588,0.24346,
2017-01-10 13:36:00,0.42263,0.25613,
2017-01-10 13:37:00,0.44177,0.26981,
2017-01-10 13:38:00,0.42454,0.27753,
2017-01-10 13:39:00,0.41799,0.25316,
2017-01-10 13:40:00,0.41952,0.24826,
2017-01-10 13:41:00,0.41799,0.24040,
2017-01-10 13:42:00,0.40348,0.23042,
2017-01-10 13:43:00,0.40908,0.22707,
2017-01-10 13:44:00,0.40669,0.23493,
2017-01-10 13:45:00,0.40813,0.23711,
2017-01-10 13:46:00,0.40013,0.23130,
2017-01-10 13:47:00,0.39989,0.22679,
2017-01-10 13:48:00,0.40861,0.21683,
2017-01-10 13:49:00,0.40875,0.20396,
2017-01-10 13:50:00,0.40095,0.19225,
2017-01-10 13:51:00,0.39846,0.18237,
2017-01-10 13:52:00,0.38936,0.17687,
2017-01-10 13:53:00,0.40707,0.17547,
2017-01-10 13:54:00,0.40301,0.17440,
2017-01-10 13:55:00,0.40698,0.17653,
2017-01-10 13:56:00,0.40253,0.17851,
2017-01-10 13:57:00,0.41808,0.17878,
2017-01-10 13:58:00,0.39678,0.17162,
2017-01-10 13:59:00,0.38400,0.16394,
2017-01-10 14:00:00,0.38003,0.16006,
2017-01-10 14:01:00,0.38290,0.16007,
2017-01-10 14:02:00,0.40076,0.16519,
2017-01-10 14:03:00,0.39042,0.16676,
2017-01-10 14:04:00,0.38817,0.16405,
2017-01-10 14:05:00,0.38506,0.16019,
2017-01-10 14:06:00,0.37429,0.15453,
2017-01-10 14:07:00,0.36744,0.14705,
2017-01-10 14:08:00,0.35577,0.13955,
2017-01-10 14:09:00,0.33815,0.13313,
2017-01-10 14:10:00,0.35442,0.12836,
2017-01-10 14:11:00,0.35371,0.12565,
2017-01-10 14:12:00,0.34859,0.12237,
2017-01-10 14:13:00,0.34878,0.11908,
2017-01-10 14:14:00,0.34332,0.11657,
2017-01-10 14:15:00,0.34916,0.11671,
2017-01-10 14:16:00,0.33825,0.11546,
2017-01-10 14:17:00,0.33633,0.11544,
2017-01-10 14:18:00,0.34437,0.11682,
2017-01-10 14:19:00,0.34715,0.11395,
2017-01-10 14:20:00,0.35050,0.11305,
2017-01-10 14:21:00,0.34093,0.11076,
2017-01-10 14:22:00,0.34016,0.10791,
2017-01-10 14:23:00,0.33538,0.10607,
2017-01-10 14:24:00,0.33145,0.10734,
2017-01-10 14:25:00,0.34366,0.10880,
2017-01-10 14:26:00,0.34734,0.10815,
2017-01-10 14:27:00,0.34255,0.10456,
2017-01-10 14:28:00,0.33806,0.10036,
2017-01-10 14:29:00,0.32714,0.096693,
2017-01-10 14:30:00,0.32762,0.094327,
2017-01-10 14:31:00,0.32666,0.093022,
2017-01-10 14:32:00,0.32451,0.092044,
2017-01-10 14:33:00,0.33633,0.091799,
2017-01-10 14:34:00,0.33327,0.091921,
2017-01-10 14:35:00,0.33576,0.092533,
2017-01-10 14:36:00,0.32389,0.091595,
2017-01-10 14:37:00,0.31700,0.090127,
2017-01-10 14:38:00,0.32140,0.087965,
2017-01-10 14:39:00,0.32260,0.086987,
2017-01-10 14:40:00,0.33025,0.086701,
2017-01-10 14:41:00,0.33298,0.086620,
2017-01-10 14:42:00,0.33145,0.087150,
2017-01-10 14:43:00,0.32451,0.086212,
2017-01-10 14:44:00,0.32379,0.083439,
2017-01-10 14:45:00,0.30838,0.078056,
2017-01-10 14:46:00,0.29220,0.073488,
2017-01-10 14:47:00,0.29149,0.071612,
2017-01-10 14:48:00,0.28847,0.071408,
2017-01-10 14:49:00,0.29651,0.072917,
2017-01-10 14:50:00,0.29914,0.076016,
2017-01-10 14:51:00,0.30953,0.076587,
2017-01-10 14:52:00,0.30991,0.076791,
2017-01-10 14:53:00,0.30216,0.078586,
2017-01-10 14:54:00,0.30072,0.078953,
2017-01-10 14:55:00,0.30379,0.078749,
2017-01-10 14:56:00,0.29866,0.077933,
2017-01-10 14:57:00,0.28431,0.074956,
2017-01-10 14:58:00,0.28703,0.073162,
2017-01-10 14:59:00,0.29613,0.071816,
2017-01-10 15:00:00,0.29546,0.068757,
2017-01-10 15:01:00,0.29938,0.066637,
2017-01-10 15:02:00,0.29172,0.065780,
2017-01-10 15:03:00,0.27631,0.064394,
2017-01-10 15:04:00,0.26932,0.063252,
2017-01-10 15:05:00,0.27856,0.063048,
2017-01-10 15:06:00,0.27555,0.062885,
2017-01-10 15:07:00,0.27536,0.062395,
2017-01-10 15:08:00,0.27641,0.061417,
2017-01-10 15:09:00,0.26349,0.060805,
2017-01-10 15:10:00,0.26468,0.060438,
2017-01-10 15:11:00,0.26516,0.060520,
2017-01-10 15:12:00,0.26588,0.061417,
2017-01-10 15:13:00,0.27306,0.060642,
2017-01-10 15:14:00,0.26301,0.059296,
2017-01-10 15:15:00,0.26167,0.057583,
2017-01-10 15:16:00,0.26971,0.057461,
2017-01-10 15:17:00,0.27138,0.056768,
2017-01-10 15:18:00,0.27105,0.056931,
2017-01-10 15:19:00,0.25401,0.057053,
2017-01-10 15:20:00,0.25286,0.056564,
2017-01-10 15:21:00,0.26932,0.055952,
2017-01-10 15:22:00,0.26961,0.055748,
2017-01-10 15:23:00,0.26372,0.057298,
2017-01-10 15:24:00,0.25846,0.056605,
2017-01-10 15:25:00,0.24889,0.056074,
2017-01-10 15:26:00,0.24961,0.055422,
2017-01-10 15:27:00,0.24664,0.055096,
2017-01-10 15:28:00,0.24520,0.055014,
2017-01-10 15:29:00,0.24664,0.054647,
2017-01-10 15:30:00,0.25879,0.053668,
2017-01-10 15:31:00,0.24673,0.052934,
2017-01-10 15:32:00,0.24444,0.052322,
2017-01-10 15:33:00,0.24185,0.051466,
2017-01-10 15:34:00,0.24530,0.051017,
2017-01-10 15:35:00,0.25257,0.049998,
2017-01-10 15:36:00,0.23467,0.048856,
2017-01-10 15:37:00,0.22543,0.047470,
2017-01-10 15:38:00,0.23707,0.046328,
2017-01-10 15:39:00,,0.045920,
2017-01-10 15:40:00,0.22304,0.044370,
2017-01-10 15:41:00,0.21108,0.043228,
2017-01-10 15:42:00,0.20749,0.042127,
2017-01-10 15:43:00,0.20835,0.041230,
2017-01-10 15:44:00,0.21170,0.040292,
2017-01-10 15:45:00,0.19562,0.038987,
2017-01-10 15:46:00,0.21189,0.038824,
2017-01-10 15:47:00,0.21313,0.038579,
2017-01-10 15:48:00,0.21045,0.038457,
2017-01-10 15:49:00,0.20739,0.037193,
2017-01-10 15:50:00,0.20342,0.036459,
2017-01-10 15:51:00,0.19782,0.035806,
2017-01-10 15:52:00,0.21361,0.035398,
2017-01-10 15:53:00,0.21361,0.036295,
2017-01-10 15:54:00,0.22433,0.036010,
2017-01-10 15:55:00,0.21849,0.035276,
2017-01-10 15:56:00,0.20165,0.034256,
2017-01-10 15:57:00,0.19911,0.034338,
2017-01-10 15:58:00,0.19480,0.034175,
2017-01-10 15:59:00,0.18968,0.034134,
2017-01-10 16:00:00,0.19542,0.033767,
2017-01-10 16:01:00,0.19303,0.033563,
2017-01-10 16:02:00,0.19887,0.032625,
2017-01-10 16:03:00,0.20581,0.032013,
2017-01-10 16:04:00,0.20150,0.031239,
2017-01-10 16:05:00,0.20102,0.031524,
2017-01-10 16:06:00,0.19590,0.030097,
2017-01-10 16:07:00,0.19145,0.029159,
2017-01-10 16:08:00,0.19973,0.028098,
2017-01-10 16:09:00,0.20150,0.027691,
2017-01-10 16:10:00,0.19145,0.027405,
2017-01-10 16:11:00,0.18891,0.025855,
2017-01-10 16:12:00,0.17781,0.024428,
2017-01-10 16:13:00,0.18011,0.023653,
2017-01-10 16:14:00,0.16929,0.023041,
2017-01-10 16:15:00,0.16259,0.022022,
2017-01-10 16:16:00,0.16632,0.020962,
2017-01-10 16:17:00,0.15962,0.019697,
2017-01-10 16:18:00,0.16130,0.018474,
2017-01-10 16:19:00,0.14574,0.017251,
2017-01-10 16:20:00,0.14622,0.016883,
2017-01-10 16:21:00,0.14009,0.016394,
2017-01-10 16:22:00,0.13497,0.015334,
2017-01-10 16:23:00,0.13665,0.014273,
2017-01-10 16:24:00,0.13114,0.014804,
2017-01-10 16:25:00,0.13320,0.013458,
2017-01-10 16:26:00,0.11980,0.013336,
2017-01-10 16:27:00,0.12492,0.013336,
2017-01-10 16:28:00,0.11521,0.013172,
2017-01-10 16:29:00,0.11080,0.012438,
2017-01-10 16:30:00,0.11822,0.012071,
2017-01-10 16:31:00,0.10769,0.011500,
2017-01-10 16:32:00,0.11415,0.012724,
2017-01-10 16:33:00,0.099411,0.010481,
2017-01-10 16:34:00,0.082946,0.0095836,
2017-01-10 16:35:00,0.081989,0.0091350,
2017-01-10 16:36:00,0.067487,0.0088903,
2017-01-10 16:37:00,0.068300,0.0084010,
2017-01-10 16:38:00,0.055282,0.0075853,
2017-01-10 16:39:00,0.068205,0.0068921,
2017-01-10 16:40:00,0.066194,0.0057502,
2017-01-10 16:41:00,0.060068,0.0055055,
2017-01-10 16:42:00,0.052027,0.0055463,
2017-01-10 16:43:00,0.060068,0.0055870,
2017-01-10 16:44:00,0.068683,0.0058317,
2017-01-10 16:45:00,0.065907,0.0046491,
2017-01-10 16:46:00,0.073565,0.0049345,
2017-01-10 16:47:00,0.072512,0.0050569,
2017-01-10 16:48:00,0.074044,0.0052200,
2017-01-10 16:49:00,0.078830,0.0053424,
2017-01-10 16:50:00,0.063658,0.0050569,
2017-01-10 16:51:00,0.062222,0.0044452,
2017-01-10 16:52:00,0.057771,0.0044452,
2017-01-10 16:53:00,0.054707,0.0056686,
2017-01-10 16:54:00,0.062222,0.0076669,
2017-01-10 16:55:00,0.069880,0.0086049,
2017-01-10 16:56:00,0.066051,0.0083602,
2017-01-10 16:57:00,0.076102,0.0096244,
2017-01-10 16:58:00,0.074810,0.0099099,
2017-01-10 16:59:00,0.063514,0.0096244,
2017-01-10 17:00:00,0.067343,0.0094205,
2017-01-10 17:01:00,0.070502,0.0084825,
2017-01-10 17:02:00,0.072991,0.0077892,
2017-01-10 17:03:00,0.079213,0.0085641,
2017-01-10 17:04:00,0.081511,0.0075446,
2017-01-10 17:05:00,0.083904,0.0075853,
2017-01-10 17:06:00,0.076820,0.0084010,
2017-01-10 17:07:00,0.071076,0.0087680,
2017-01-10 17:08:00,0.071172,0.0083194,
2017-01-10 17:09:00,0.070023,0.0086457,
2017-01-10 17:10:00,0.073948,0.010318,
2017-01-10 17:11:00,0.057771,0.010073,
2017-01-10 17:12:00,0.060068,0.0094613,
2017-01-10 17:13:00,0.079596,0.010318,
2017-01-10 17:14:00,0.072608,0.0095021,
2017-01-10 17:15:00,0.069401,0.0094205,
2017-01-10 17:16:00,0.081223,0.0094205,
2017-01-10 17:17:00,0.076341,0.0088903,
2017-01-10 17:18:00,0.077538,0.0078708,
2017-01-10 17:19:00,0.074188,0.0071775,
2017-01-10 17:20:00,0.081846,0.0070960,
2017-01-10 17:21:00,0.065237,0.0067289,
2017-01-10 17:22:00,0.066529,0.0064027,
2017-01-10 17:23:00,0.067247,0.0060764,
2017-01-10 17:24:00,0.061121,0.0048938,
2017-01-10 17:25:00,0.058058,0.0039966,
2017-01-10 17:26:00,0.038625,0.0029770,
2017-01-10 17:27:00,0.030872,0.0022838,
2017-01-10 17:28:00,0.033025,0.00053016,
2017-01-10 17:29:00,0.044848,0.00061172,
2017-01-10 17:30:00,0.037955,0,
2017-01-10 17:31:00,0.063035,0.0021206,
2017-01-10 17:32:00,0.051931,0.0043636,
2017-01-10 17:33:00,0.066051,0.0050977,
2017-01-10 17:34:00,0.058632,0.0063211,
2017-01-10 17:35:00,0.073852,0.0074630,
2017-01-10 17:36:00,0.066290,0.0075446,
2017-01-10 17:37:00,0.070502,0.010155,
2017-01-10 17:38:00,0.075958,0.010440,
2017-01-10 17:39:00,0.067630,0.011296,
2017-01-10 17:40:00,0.080266,0.013784,
2017-01-10 17:41:00,0.088307,0.015375,
2017-01-10 17:42:00,0.092232,0.016883,
2017-01-10 17:43:00,0.10113,0.019412,
2017-01-10 17:44:00,0.11942,0.020431,
2017-01-10 17:45:00,0.11990,0.021777,
2017-01-10 17:46:00,0.11425,0.020962,
2017-01-10 17:47:00,0.11042,0.020839,
2017-01-10 17:48:00,0.11712,0.020798,
2017-01-10 17:49:00,0.11597,0.021940,
2017-01-10 17:50:00,0.11367,0.020839,
2017-01-10 17:51:00,0.10611,0.019616,
2017-01-10 17:52:00,0.10879,0.019330,
2017-01-10 17:53:00,0.11679,0.019330,
2017-01-10 17:54:00,0.10985,0.020350,
2017-01-10 17:55:00,0.11535,0.019983,
2017-01-10 17:56:00,0.11607,0.020595,
2017-01-10 17:57:00,0.11152,0.019616,
2017-01-10 17:58:00,0.13569,0.020962,
2017-01-10 17:59:00,0.14622,0.021655,
2017-01-10 18:00:00,0.14933,0.022593,
2017-01-10 18:01:00,0.15292,0.023368,
2017-01-10 18:02:00,0.13569,0.024224,
2017-01-10 18:03:00,0.12899,0.024183,
2017-01-10 18:04:00,0.12143,0.024754,
2017-01-10 18:05:00,0.12899,0.024550,
2017-01-10 18:06:00,0.12325,0.024346,
2017-01-10 18:07:00,0.12923,0.023898,
2017-01-10 18:08:00,0.13617,0.023816,
2017-01-10 18:09:00,0.12492,0.023205,
2017-01-10 18:10:00,0.12420,0.023286,
2017-01-10 18:11:00,0.11281,0.023286,
2017-01-10 18:12:00,0.10755,0.022226,
2017-01-10 18:13:00,0.10831,0.021410,
2017-01-10 18:14:00,0.10927,0.020472,
2017-01-10 18:15:00,,0.020431,
2017-01-10 18:16:00,0.11296,0.019657,
2017-01-10 18:17:00,0.11023,0.019249,
2017-01-10 18:18:00,0.12468,0.019697,
2017-01-10 18:19:00,0.12899,0.019779,
2017-01-10 18:20:00,0.13799,0.020064,
2017-01-10 18:21:00,0.13545,0.020064,
2017-01-10 18:22:00,0.13114,0.018515,
2017-01-10 18:23:00,0.11607,0.016843,
2017-01-10 18:24:00,0.11655,0.015864,
2017-01-10 18:25:00,0.11166,0.015823,
2017-01-10 18:26:00,0.12205,0.015782,
2017-01-10 18:27:00,0.11272,0.016394,
2017-01-10 18:28:00,0.11367,0.016272,
2017-01-10 18:29:00,0.10353,0.014967,
2017-01-10 18:30:00,0.087828,0.014885,
2017-01-10 18:31:00,0.10659,0.016761,
2017-01-10 18:32:00,0.11056,0.017454,
2017-01-10 18:33:00,0.11023,0.015293,
2017-01-10 18:34:00,0.10626,0.013213,
2017-01-10 18:35:00,0.099220,0.011949,
2017-01-10 18:36:00,0.091418,0.011093,
2017-01-10 18:37:00,0.079452,0.011052,
2017-01-10 18:38:00,0.090940,0.012846,
2017-01-10 18:39:00,0.070023,0.012479,
2017-01-10 18:40:00,0.075288,0.011256,
2017-01-10 18:41:00,0.079452,0.010358,
2017-01-10 18:42:00,0.078974,0.010114,
2017-01-10 18:43:00,0.086393,0.0090127,
2017-01-10 18:44:00,0.080170,0.0082378,
2017-01-10 18:45:00,0.067152,0.0065250,
2017-01-10 18:46:00,0.063897,0.0051792,
2017-01-10 18:47:00,0.078256,0.0064027,
2017-01-10 18:48:00,0.077059,0.0070144,
2017-01-10 18:49:00,0.068588,0.0062395,
2017-01-10 18:50:00,0.037572,0.0056686,
2017-01-10 18:51:00,0.050591,0.0014273,
2017-01-10 18:52:00,0.069545,0.0072591,
2017-01-10 18:53:00,0.076916,0.0063619,
2017-01-10 18:54:00,0.082324,0.36875,
2017-01-10 18:55:00,0.072273,0.29947,
2017-01-10 18:56:00,0.065907,0.64010,
2017-01-10 18:57:00,0.063897,0.53464,
2017-01-10 18:58:00,0.082946,1,
2017-01-10 18:59:00,0.084957,0.64394,
2017-01-10 19:00:00,0.089360,0.62473,
2017-01-10 19:01:00,0.094912,0.67660,
2017-01-10 19:02:00,0.079309,0.66090,
2017-01-10 19:03:00,0.068444,0.64700,
2017-01-10 19:04:00,0.067008,0.63517,
2017-01-10 19:05:00,0.061408,0.62477,
2017-01-10 19:06:00,0.070358,0.61519,
2017-01-10 19:07:00,0.067152,0.60662,
2017-01-10 19:08:00,0.060642,0.59908,
2017-01-10 19:09:00,0.072129,0.59255,
2017-01-10 19:10:00,0.057914,0.58248,
2017-01-10 19:11:00,0.056239,0.56303,
2017-01-10 19:12:00,0.074427,0.55777,
2017-01-10 19:13:00,0.071459,0.55104,
2017-01-10 19:14:00,0.073230,0.54488,
2017-01-10 19:15:00,0.082659,0.53819,
2017-01-10 19:16:00,0.075288,0.53195,
2017-01-10 19:17:00,0.064136,0.53081,
2017-01-10 19:18:00,0.040923,0.52747,
2017-01-10 19:19:00,0.042454,0.52090,
2017-01-10 19:20:00,0.065094,0.51682,
2017-01-10 19:21:00,0.056335,0.51144,
2017-01-10 19:22:00,0.045135,0.50553,
2017-01-10 19:23:00,0.046906,0.49941,
2017-01-10 19:24:00,0.047528,0.49313,
2017-01-10 19:25:00,0.037094,0.48856,
2017-01-10 19:26:00,0.034605,0.48179,
2017-01-10 19:27:00,0.034605,0.47869,
2017-01-10 19:28:00,0.040540,0.47372,
2017-01-10 19:29:00,0.050495,0.46984,
2017-01-10 19:30:00,0.052027,0.46173,
2017-01-10 19:31:00,0.045326,0.45304,
2017-01-10 19:32:00,0.039391,0.44378,
2017-01-10 19:33:00,0.028861,0.43775,
2017-01-10 19:34:00,0.019145,0.43069,
2017-01-10 19:35:00,0.021203,0.42943,
2017-01-10 19:36:00,0.028718,0.42551,
2017-01-10 19:37:00,0.036137,0.42388,
2017-01-10 19:38:00,0.033743,0.37450,
2017-01-10 19:39:00,0.020246,0.32088,
2017-01-10 19:40:00,0,0.45194,
2017-01-10 19:41:00,0.016896,0.64920,
2017-01-10 19:42:00,0.043316,0.68007,
2017-01-10 19:43:00,0.052027,0.67885,
2017-01-10 19:44:00,0.053367,0.67819,
2017-01-10 19:45:00,0.053128,0.67656,
2017-01-10 19:46:00,0.056622,0.67583,
2017-01-10 19:47:00,0.060547,0.67493,
2017-01-10 19:48:00,0.045613,0.67293,
2017-01-10 19:49:00,0.060068,0.67322,
2017-01-10 19:50:00,0.056000,0.67436,
2017-01-10 19:51:00,0.062078,0.67424,
2017-01-10 19:52:00,0.066769,0.67359,
2017-01-10 19:53:00,0.075767,0.67326,
2017-01-10 19:54:00,0.057675,0.66139,
2017-01-10 19:55:00,0.079692,0.67130,
2017-01-10 19:56:00,0.068923,0.67220,
2017-01-10 19:57:00,0.069258,0.67261,
2017-01-10 19:58:00,0.067152,0.67147,
2017-01-10 19:59:00,0.063993,0.67028,
2017-01-10 20:00:00,0.056143,0.66894,
2017-01-10 20:01:00,0.058728,0.66739,
2017-01-10 20:02:00,0.055521,0.66718,
2017-01-10 20:03:00,0.047863,0.66572,
2017-01-10 20:04:00,0.056813,0.66518,
2017-01-10 20:05:00,0.065907,0.66494,
2017-01-10 20:06:00,0.065237,0.66486,
2017-01-10 20:07:00,0.062461,0.66547,
2017-01-10 20:08:00,0.067343,0.66665,
2017-01-10 20:09:00,0.073948,0.66726,
2017-01-10 20:10:00,0.070694,0.66731,
2017-01-10 20:11:00,0.062940,0.66637,
2017-01-10 20:12:00,0.064615,0.66641,
2017-01-10 20:13:00,0.069401,0.66702,
2017-01-10 20:14:00,0.074810,0.66555,
2017-01-10 20:15:00,0.082085,0.66306,
2017-01-10 20:16:00,0.10228,0.66188,
2017-01-10 20:17:00,0.10898,0.66111,
2017-01-10 20:18:00,0.096444,0.65968,
2017-01-10 20:19:00,0.093668,0.65964,
2017-01-10 20:20:00,0.087350,0.65895,
2017-01-10 20:21:00,0.076246,0.65842,
2017-01-10 20:22:00,0.082181,0.65919,
2017-01-10 20:23:00,0.084861,0.66009,
2017-01-10 20:24:00,0.083760,0.65882,
2017-01-10 20:25:00,0.087350,0.65923,
2017-01-10 20:26:00,0.079309,0.65931,
2017-01-10 20:27:00,0.074523,0.65858,
2017-01-10 20:28:00,0.088881,0.65817,
2017-01-10 20:29:00,0.083138,0.65793,
2017-01-10 20:30:00,0.090796,0.65854,
2017-01-10 20:31:00,0.081846,0.65915,
2017-01-10 20:32:00,0.080170,0.65956,
2017-01-10 20:33:00,0.067822,0.65833,
2017-01-10 20:34:00,0.051453,0.65776,
2017-01-10 20:35:00,0.065907,0.65850,
2017-01-10 20:36:00,0.069258,0.66029,
2017-01-10 20:37:00,0.062700,0.66058,
2017-01-10 20:38:00,0.076581,0.66066,
2017-01-10 20:39:00,0.068588,0.66009,
2017-01-10 20:40:00,0.062222,0.66058,
2017-01-10 20:41:00,0.072895,0.66033,
2017-01-10 20:42:00,0.075958,0.66188,
2017-01-10 20:43:00,0.073470,0.66143,
2017-01-10 20:44:00,0.072273,0.66070,
2017-01-10 20:45:00,0.067965,0.66086,
2017-01-10 20:46:00,0.073470,0.66180,
2017-01-10 20:47:00,0.082803,0.66172,
2017-01-10 20:48:00,0.087924,0.66315,
2017-01-10 20:49:00,0.088786,0.66404,
2017-01-10 20:50:00,0.083999,0.66331,
2017-01-10 20:51:00,0.089169,0.66221,
2017-01-10 20:52:00,0.082564,0.66131,
2017-01-10 20:53:00,,0.65874,
2017-01-10 20:54:00,0.085196,0.66041,
2017-01-10 20:55:00,0.080553,0.66013,
2017-01-10 20:56:00,0.085435,0.66013,
2017-01-10 20:57:00,0.10434,0.65695,
2017-01-10 20:58:00,0.11128,0.65772,
2017-01-10 20:59:00,0.11750,0.65801,
2017-01-10 21:00:00,0.11367,0.65793,
2017-01-10 21:01:00,0.11789,0.65707,
2017-01-10 21:02:00,0.11631,0.65674,
2017-01-10 21:03:00,0.11837,0.65564,
2017-01-10 21:04:00,0.11822,0.65356,
2017-01-10 21:05:00,0.11473,0.65267,
2017-01-10 21:06:00,0.10889,0.65177,
2017-01-10 21:07:00,0.10113,0.65116,
2017-01-10 21:08:00,0.078160,0.65091,
2017-01-10 21:09:00,0.062078,0.64859,
2017-01-10 21:10:00,0.049777,0.64936,
2017-01-10 21:11:00,0.062078,0.65250,
2017-01-10 21:12:00,0.085531,0.65511,
2017-01-10 21:13:00,0.10688,0.65711,
2017-01-10 21:14:00,0.11248,0.65617,
2017-01-10 21:15:00,0.10037,0.65576,
2017-01-10 21:16:00,0.090126,0.65711,
2017-01-10 21:17:00,0.083138,0.65882,
2017-01-10 21:18:00,0.084382,0.65797,
2017-01-10 21:19:00,0.10578,0.65817,
2017-01-10 21:20:00,0.10879,0.65617,
2017-01-10 21:21:00,0.11296,0.65532,
2017-01-10 21:22:00,0.10697,0.65585,
2017-01-10 21:23:00,0.10611,0.65593,
2017-01-10 21:24:00,0.12191,0.65564,
2017-01-10 21:25:00,0.11966,0.65307,
2017-01-10 21:26:00,0.098598,0.65107,
2017-01-10 21:27:00,0.098598,0.65324,
2017-01-10 21:28:00,0.11056,0.65507,
2017-01-10 21:29:00,0.11798,0.65593,
2017-01-10 21:30:00,0.11281,0.65740,
2017-01-10 21:31:00,0.11837,0.65878,
2017-01-10 21:32:00,0.11870,0.65723,
2017-01-10 21:33:00,0.12468,0.65968,
2017-01-10 21:34:00,0.12373,0.66204,
2017-01-10 21:35:00,0.13761,0.66257,
2017-01-10 21:36:00,0.12995,0.65952,
2017-01-10 21:37:00,0.12684,0.65939,
2017-01-10 21:38:00,0.11693,0.65874,
2017-01-10 21:39:00,0.11473,0.66164,
2017-01-10 21:40:00,0.12028,0.66384,
2017-01-10 21:41:00,0.13713,0.66531,
2017-01-10 21:42:00,0.13847,0.66490,
2017-01-10 21:43:00,0.14345,0.66543,
2017-01-10 21:44:00,0.12947,0.66551,
2017-01-10 21:45:00,0.14407,0.66653,
2017-01-10 21:46:00,0.15603,0.66849,
2017-01-10 21:47:00,0.15761,0.66845,
2017-01-10 21:48:00,0.15062,0.66775,
2017-01-10 21:49:00,0.14407,0.66820,
2017-01-10 21:50:00,0.15795,0.66955,
2017-01-10 21:51:00,0.16833,0.67151,
2017-01-10 21:52:00,0.16929,0.67224,
2017-01-10 21:53:00,0.17757,0.67057,
2017-01-10 21:54:00,0.15962,0.66996,
2017-01-10 21:55:00,0.16393,0.66906,
2017-01-10 21:56:00,0.17111,0.66996,
2017-01-10 21:57:00,0.17006,0.67134,
2017-01-10 21:58:00,0.17757,0.67261,
2017-01-10 21:59:00,0.16896,0.67375,
2017-01-10 22:00:00,0.17973,0.67208,
2017-01-10 22:01:00,0.20031,0.67318,
2017-01-10 22:02:00,0.21419,0.67554,
2017-01-10 22:03:00,0.21036,0.68007,
2017-01-10 22:04:00,0.18978,0.66841,
2017-01-10 22:05:00,0.18777,0.66612,
2017-01-10 22:06:00,0.20500,0.67750,
2017-01-10 22:07:00,0.19337,0.67469,
2017-01-10 22:08:00,0.19049,0.67253,
2017-01-10 22:09:00,0.19432,0.67281,
2017-01-10 22:10:00,0.20078,0.67432,
2017-01-10 22:11:00,0.19877,0.67501,
2017-01-10 22:12:00,0.20710,0.67624,
2017-01-10 22:13:00,0.21730,0.67677,
2017-01-10 22:14:00,0.21648,0.67742,
2017-01-10 22:15:00,0.23142,0.67950,
2017-01-10 22:16:00,0.24506,0.68064,
2017-01-10 22:17:00,0.24123,0.68186,
2017-01-10 22:18:00,0.25640,0.68329,
2017-01-10 22:19:00,0.27066,0.68403,
2017-01-10 22:20:00,0.27842,0.68521,
2017-01-10 22:21:00,0.26372,0.68386,
2017-01-10 22:22:00,0.27296,0.68496,
2017-01-10 22:23:00,0.27555,0.68774,
2017-01-10 22:24:00,0.27138,0.68802,
2017-01-10 22:25:00,0.27775,0.68814,
2017-01-10 22:26:00,0.28263,0.68982,
2017-01-10 22:27:00,0.29517,0.69059,
2017-01-10 22:28:00,0.29627,0.69145,
2017-01-10 22:29:00,0.31087,0.69296,
2017-01-10 22:30:00,0.32896,0.69365,
2017-01-10 22:31:00,0.32595,0.69271,
2017-01-10 22:32:00,0.32738,0.69345,
2017-01-10 22:33:00,0.32006,0.69459,
2017-01-10 22:34:00,0.33279,0.69418,
2017-01-10 22:35:00,0.33633,0.69345,
2017-01-10 22:36:00,0.32930,0.69345,
2017-01-10 22:37:00,0.32044,0.69402,
2017-01-10 22:38:00,0.33360,0.69512,
2017-01-10 22:39:00,0.35356,0.69198,
2017-01-10 22:40:00,0.34342,0.68896,
2017-01-10 22:41:00,0.33767,0.68721,
2017-01-10 22:42:00,0.33600,0.68831,
2017-01-10 22:43:00,0.34174,0.69059,
2017-01-10 22:44:00,0.35155,0.69226,
2017-01-10 22:45:00,0.33695,0.69153,
2017-01-10 22:46:00,0.34772,0.69194,
2017-01-10 22:47:00,0.36950,0.69173,
2017-01-10 22:48:00,0.36184,0.69259,
2017-01-10 22:49:00,0.36869,0.69210,
2017-01-10 22:50:00,0.37079,0.69214,
2017-01-10 22:51:00,0.35682,0.69239,
2017-01-10 22:52:00,0.35395,0.69247,
2017-01-10 22:53:00,0.35672,0.69194,
2017-01-10 22:54:00,0.37874,0.69182,
2017-01-10 22:55:00,0.36926,0.69214,
2017-01-10 22:56:00,0.38085,0.69296,
2017-01-10 22:57:00,0.38242,0.69304,
2017-01-10 22:58:00,0.38386,0.69283,
2017-01-10 22:59:00,0.39071,0.69283,
2017-01-10 23:00:00,0.40229,0.69418,
2017-01-10 23:01:00,0.40889,0.69528,
2017-01-10 23:02:00,0.39185,0.69602,
2017-01-10 23:03:00,0.43043,0.69557,
2017-01-10 23:04:00,0.43953,0.69614,
2017-01-10 23:05:00,0.43795,0.69561,
2017-01-10 23:06:00,0.44594,0.69402,
2017-01-10 23:07:00,0.43603,0.69300,
2017-01-10 23:08:00,0.43043,0.69320,
2017-01-10 23:09:00,0.43378,0.69369,
2017-01-10 23:10:00,0.45135,0.69500,
2017-01-10 23:11:00,0.45685,0.69622,
2017-01-10 23:12:00,0.45733,0.69544,
2017-01-10 23:13:00,0.46595,0.69463,
2017-01-10 23:14:00,0.46939,0.69467,
2017-01-10 23:15:00,0.48471,0.69508,
2017-01-10 23:16:00,0.48605,0.69532,
2017-01-10 23:17:00,0.48930,0.69663,
2017-01-10 23:18:00,0.47695,0.69557,
2017-01-10 23:19:00,0.47911,0.69540,
2017-01-10 23:20:00,0.49600,0.69687,
2017-01-10 23:21:00,0.49744,0.69830,
2017-01-10 23:22:00,0.49634,0.69912,
2017-01-10 23:23:00,0.52386,0.69997,
2017-01-10 23:24:00,0.50232,0.70026,
2017-01-10 23:25:00,0.50462,0.69989,
2017-01-10 23:26:00,0.51022,0.70128,
2017-01-10 23:27:00,0.52089,0.70013,
2017-01-10 23:28:00,0.53056,0.69973,
2017-01-10 23:29:00,0.53908,0.69883,
2017-01-10 23:30:00,0.54181,0.69822,
2017-01-10 23:31:00,0.52970,0.69785,
2017-01-10 23:32:00,0.53750,0.69781,
2017-01-10 23:33:00,0.53439,0.69712,
2017-01-10 23:34:00,0.53066,0.69687,
2017-01-10 23:35:00,0.54540,0.69679,
2017-01-10 23:36:00,0.54052,0.69630,
2017-01-10 23:37:00,0.54205,0.69699,
2017-01-10 23:38:00,0.55258,0.69740,
2017-01-10 23:39:00,0.56014,0.69769,
2017-01-10 23:40:00,,0.69830,
2017-01-10 23:41:00,0.56751,0.69801,
2017-01-10 23:42:00,0.56646,0.69781,
2017-01-10 23:43:00,0.56430,0.69793,
2017-01-10 23:44:00,0.57182,0.69797,
2017-01-10 23:45:00,0.57579,0.69720,
2017-01-10 23:46:00,0.57306,0.69728,
2017-01-10 23:47:00,0.57436,0.69740,
2017-01-10 23:48:00,0.56684,0.69708,
2017-01-10 23:49:00,0.56349,0.69708,
2017-01-10 23:50:00,0.56694,0.69765,
2017-01-10 23:51:00,0.57890,0.69683,
2017-01-10 23:52:00,0.56837,0.69561,
2017-01-10 23:53:00,0.57029,0.69585,
2017-01-10 23:54:00,0.57818,0.69532,
2017-01-10 23:55:00,0.57483,0.69483,
2017-01-10 23:56:00,0.57211,0.69373,
2017-01-10 23:57:00,0.57866,0.69447,
2017-01-10 23:58:00,0.58168,0.69512,
2017-01-10 23:59:00,0.58838,0.69549,
2017-01-11 00:00:00,0.59604,0.69430,
2017-01-11 00:01:00,0.59900,0.69251,
2017-01-11 00:02:00,0.59039,0.69263,
2017-01-11 00:03:00,0.59508,0.69283,
2017-01-11 00:04:00,0.60054,0.69292,
2017-01-11 00:05:00,0.60992,0.69312,
2017-01-11 00:06:00,0.62064,0.69385,
2017-01-11 00:07:00,0.62303,0.69283,
2017-01-11 00:08:00,0.62140,0.69230,
2017-01-11 00:09:00,0.61624,0.69182,
2017-01-11 00:10:00,0.62318,0.69251,
2017-01-11 00:11:00,0.62724,0.69235,
2017-01-11 00:12:00,0.63347,0.69263,
2017-01-11 00:13:00,0.64065,0.69247,
2017-01-11 00:14:00,0.64519,0.69161,
2017-01-11 00:15:00,0.63481,0.69092,
2017-01-11 00:16:00,0.63466,0.68941,
2017-01-11 00:17:00,0.64041,0.68843,
2017-01-11 00:18:00,0.64103,0.68798,
2017-01-11 00:19:00,0.64447,0.68831,
2017-01-11 00:20:00,0.64280,0.68929,
2017-01-11 00:21:00,0.64400,0.68994,
2017-01-11 00:22:00,0.65223,0.69129,
2017-01-11 00:23:00,0.65031,0.69137,
2017-01-11 00:24:00,0.65141,0.69198,
2017-01-11 00:25:00,0.66515,0.69206,
2017-01-11 00:26:00,0.66529,0.69279,
2017-01-11 00:27:00,0.67855,0.69353,
2017-01-11 00:28:00,0.68755,0.69496,
2017-01-11 00:29:00,0.68334,0.69410,
2017-01-11 00:30:00,0.69282,0.69402,
2017-01-11 00:31:00,0.70947,0.69516,
2017-01-11 00:32:00,0.70564,0.69626,
2017-01-11 00:33:00,0.71761,0.69708,
2017-01-11 00:34:00,0.73087,0.69777,
2017-01-11 00:35:00,0.72354,0.69732,
2017-01-11 00:36:00,0.73015,0.69765,
2017-01-11 00:37:00,0.72680,0.69879,
2017-01-11 00:38:00,0.72201,0.69850,
2017-01-11 00:39:00,0.72010,0.69716,
2017-01-11 00:40:00,0.72177,0.69614,
2017-01-11 00:41:00,0.72752,0.69663,
2017-01-11 00:42:00,0.72766,0.69814,
2017-01-11 00:43:00,0.73647,0.69858,
2017-01-11 00:44:00,0.74810,0.70034,
2017-01-11 00:45:00,0.75686,0.70042,
2017-01-11 00:46:00,0.75384,0.70009,
2017-01-11 00:47:00,0.74968,0.69952,
2017-01-11 00:48:00,0.75025,0.69989,
2017-01-11 00:49:00,0.74250,0.70050,
2017-01-11 00:50:00,0.74939,0.70119,
2017-01-11 00:51:00,0.75456,0.70177,
2017-01-11 00:52:00,0.74891,0.70217,
2017-01-11 00:53:00,0.76901,0.70226,
2017-01-11 00:54:00,0.77514,0.70258,
2017-01-11 00:55:00,0.76222,0.70136,
2017-01-11 00:56:00,0.77275,0.70115,
2017-01-11 00:57:00,0.76341,0.70177,
2017-01-11 00:58:00,0.76471,0.70254,
2017-01-11 00:59:00,0.77504,0.70372,
2017-01-11 01:00:00,0.78366,0.70380,
2017-01-11 01:01:00,0.78988,0.70397,
2017-01-11 01:02:00,0.79333,0.70348,
2017-01-11 01:03:00,0.79787,0.70385,
2017-01-11 01:04:00,0.79405,0.70576,
2017-01-11 01:05:00,0.81429,0.70735,
2017-01-11 01:06:00,0.81343,0.70886,
2017-01-11 01:07:00,0.81764,0.70833,
2017-01-11 01:08:00,0.81142,0.70788,
2017-01-11 01:09:00,0.81463,0.70878,
2017-01-11 01:10:00,0.82779,0.70898,
2017-01-11 01:11:00,0.83583,0.70972,
2017-01-11 01:12:00,0.82291,0.70890,
2017-01-11 01:13:00,0.81190,0.70792,
2017-01-11 01:14:00,0.81846,0.70780,
2017-01-11 01:15:00,0.81908,0.70849,
2017-01-11 01:16:00,0.83018,0.71106,
2017-01-11 01:17:00,0.85148,0.71461,
2017-01-11 01:18:00,0.85938,0.71722,
2017-01-11 01:19:00,0.86249,0.72093,
2017-01-11 01:20:00,0.88211,0.72338,
2017-01-11 01:21:00,0.89920,0.72542,
2017-01-11 01:22:00,0.90734,0.72697,
2017-01-11 01:23:00,0.91131,0.72783,
2017-01-11 01:24:00,0.91179,0.72831,
2017-01-11 01:25:00,0.91011,0.72958,
