2019-03-24 05:59:52,-14.59116666666666647008317644
2019-03-24 05:59:55,-14.58399999999999992657725064
2019-03-24 05:59:57,-14.57383333333333326938448712
2019-03-24 05:59:59,-14.57333333333333325043668083
2019-03-24 06:00:01,-14.58299999999999988868163806
2019-03-24 06:00:03,-14.58650000000000002131628207
2019-03-24 06:00:06,-14.58600000000000000236847579
2019-03-24 06:00:08,-14.58000000000000007105427358
2019-03-24 06:00:10,-14.58016666666666694140985783
2019-03-24 06:00:12,-14.57166666666666691535662418
2019-03-24 06:00:15,-14.56500000000000039079850467
2019-03-24 06:00:17,-14.56866666666666680166978646
2019-03-24 06:00:19,-14.56533333333333324333125347
2019-03-24 06:00:21,-14.55983333333333303490538432
2019-03-24 06:00:23,-14.56683333333333300411519910
2019-03-24 06:00:26,-14.56749999999999989341858964
2019-03-24 06:00:28,-14.56499999999999979867955820
2019-03-24 06:00:30,-14.56833333333333335701809119
2019-03-24 06:00:32,-14.56750000000000018947806287
2019-03-24 06:00:34,-14.56550000000000040974631096
2019-03-24 06:00:37,-14.55733333333333353228529935
2019-03-24 06:00:39,-14.55866666666666671877313396
2019-03-24 06:00:41,-14.56233333333333342570388898
2019-03-24 06:00:43,-14.55933333333333331201705126
2019-03-24 06:00:46,-14.56199999999999998105219371
2019-03-24 06:00:48,-14.57066666666666658140153838
2019-03-24 06:00:50,-14.57633333333333336412351855
2019-03-24 06:00:52,-14.58916666666666669035142453
2019-03-24 06:00:54,-14.59150000000000021079434494
2019-03-24 06:00:57,-14.58483333333333368623622543
2019-03-24 06:00:59,-14.58250000000000016579330501
2019-03-24 06:01:01,-14.58916666666666669035142453
2019-03-24 06:01:03,-14.59466666666666660271782045
2019-03-24 06:01:06,-14.59166666666666648903098273
2019-03-24 06:01:08,-14.60049999999999966367643841
2019-03-24 06:01:10,-14.59699999999999953104179440
2019-03-24 06:01:12,-14.59799999999999956893740697
2019-03-24 06:01:14,-14.59316666666666624981492836
2019-03-24 06:01:17,-14.58716666666666631850072614
2019-03-24 06:01:19,-14.57783333333333312490746418
2019-03-24 06:01:21,-14.56783333333333304201081167
2019-03-24 06:01:23,-14.57933333333333318175088304
2019-03-24 06:01:25,-14.56949999999999996920981479
2019-03-24 06:01:28,-14.55966666666666675666874653
2019-03-24 06:01:30,-14.56533333333333353939072670
2019-03-24 06:01:32,-14.57466666666666673298398867
2019-03-24 06:01:34,-14.57016666666666685851320532
2019-03-24 06:01:37,-14.56049999999999992420877485
2019-03-24 06:01:39,-14.55283333333333336175504276
2019-03-24 06:01:41,-14.55650000000000006868579779
2019-03-24 06:01:43,-14.54866666666666663587648145
2019-03-24 06:01:45,-14.54433333333333333570180912
2019-03-24 06:01:48,-14.54050000000000005447494308
2019-03-24 06:01:50,-14.55250000000000021316282073
2019-03-24 06:01:52,-14.57100000000000002605323365
2019-03-24 06:01:54,-14.56400000000000005684341886
2019-03-24 06:01:57,-14.56283333333333344465169527
2019-03-24 06:01:59,-14.55283333333333365781451600
2019-03-24 06:02:01,-14.56500000000000039079850467
2019-03-24 06:02:03,-14.55816666666666699588480090
2019-03-24 06:02:05,-14.56000000000000049737991503
2019-03-24 06:02:08,-14.57800000000000029132252166
2019-03-24 06:02:10,-14.58466666666666681588064118
2019-03-24 06:02:12,-14.59233333333333337833437326
2019-03-24 06:02:14,-14.58733333333333318885631040
2019-03-24 06:02:17,-14.58216666666666642508213651
2019-03-24 06:02:19,-14.57699999999999966130796262
2019-03-24 06:02:21,-14.56933333333333309885423053
2019-03-24 06:02:23,-14.56633333333333328122686604
2019-03-24 06:02:25,-14.56300000000000001894780629
2019-03-24 06:02:28,-14.55950000000000018237263551
2019-03-24 06:02:30,-14.55983333333333362702433078
2019-03-24 06:02:32,-14.54483333333333365070908864
2019-03-24 06:02:34,-14.53966666666666688693491475
2019-03-24 06:02:36,-14.54500000000000022500519966
2019-03-24 06:02:39,-14.54533333333333337359742169
2019-03-24 06:02:41,-14.54549999999999994789353271
2019-03-24 06:02:43,-14.54883333333333321017259247
2019-03-24 06:02:45,-14.55749999999999981052193713
2019-03-24 06:02:48,-14.55049999999999984131212235
2019-03-24 06:02:50,-14.55099999999999986025992864
2019-03-24 06:02:52,-14.55283333333333336175504276
2019-03-24 06:02:54,-14.55316666666666680640673804
2019-03-24 06:02:56,-14.55766666666666697693699462
2019-03-24 06:02:59,-14.55666666666666693904138204
2019-03-24 06:03:01,-14.56750000000000048553753610
2019-03-24 06:03:03,-14.55666666666666693904138204
2019-03-24 06:03:05,-14.56733333333333361518195185
2019-03-24 06:03:08,-14.57266666666666695325223676
2019-03-24 06:03:10,-14.56033333333333364597213707
2019-03-24 06:03:12,-14.56933333333333369097317700
2019-03-24 06:03:14,-14.55983333333333362702433078
2019-03-24 06:03:16,-14.57033333333333372886878957
2019-03-24 06:03:19,-14.56800000000000020842586916
2019-03-24 06:03:21,-14.55983333333333333096485755
2019-03-24 06:03:23,-14.57016666666666656245373209
2019-03-24 06:03:25,-14.57016666666666656245373209
2019-03-24 06:03:27,-14.56866666666666650561031322
2019-03-24 06:03:30,-14.54649999999999968972967205
2019-03-24 06:03:32,-14.52866666666666647008317644
2019-03-24 06:03:34,-14.52399999999999972525680884
2019-03-24 06:03:36,-14.51583333333333314385527046
2019-03-24 06:03:39,-14.50633333333333307990642424
2019-03-24 06:03:41,-14.51266666666666645587232172
2019-03-24 06:03:43,-14.52400000000000002131628207
2019-03-24 06:03:45,-14.53849999999999997868371793
2019-03-24 06:03:47,-14.54150000000000009237055565
2019-03-24 06:03:50,-14.53316666666666664061343302
2019-03-24 06:03:52,-14.53683333333333334754418805
2019-03-24 06:03:54,-14.53116666666666656482220787
2019-03-24 06:03:56,-14.52766666666666643218756386
2019-03-24 06:03:59,-14.52449999999999974420461512
2019-03-24 06:04:01,-14.52516666666666633744853243
2019-03-24 06:04:03,-14.53099999999999969446662362
2019-03-24 06:04:05,-14.53983333333333316517155254
2019-03-24 06:04:07,-14.55783333333333325517363240
2019-03-24 06:04:10,-14.56999999999999998815762107
2019-03-24 06:04:12,-14.57083333333333345175712263
2019-03-24 06:04:14,-14.56616666666666700299022826
2019-03-24 06:04:16,-14.56816666666666707878145341
2019-03-24 06:04:18,-14.56666666666666702193803455
2019-03-24 06:04:21,-14.54633333333333370755250750
2019-03-24 06:04:23,-14.54433333333333363176128235
2019-03-24 06:04:25,-14.54066666666666692483052733
2019-03-24 06:04:27,-14.55233333333333334280723648
2019-03-24 06:04:30,-14.55716666666666666192971510
2019-03-24 06:04:32,-14.54599999999999996684133900
2019-03-24 06:04:34,-14.54366666666666644639841858
2019-03-24 06:04:36,-14.53833333333333310832813368
2019-03-24 06:04:38,-14.55833333333333297806196545
2019-03-24 06:04:41,-14.55483333333333314148679468
2019-03-24 06:04:43,-14.55566666666666630902682300
2019-03-24 06:04:45,-14.54516666666666620718236421
2019-03-24 06:04:47,-14.55183333333333302779995696
2019-03-24 06:04:50,-14.55883333333333299700977174
2019-03-24 06:04:52,-14.53033333333333310122270632
2019-03-24 06:04:54,-14.52683333333333296858806231
2019-03-24 06:04:56,-14.52366666666666628060511357
2019-03-24 06:04:58,-14.53499999999999954998960068
2019-03-24 06:05:01,-14.54449999999999961393844690
2019-03-24 06:05:03,-14.54016666666666631376377457
2019-03-24 06:05:05,-14.54949999999999950735703654
2019-03-24 06:05:07,-14.54516666666666620718236421
2019-03-24 06:05:10,-14.54633333333333311543356103
2019-03-24 06:05:12,-14.55699999999999979157413084
2019-03-24 06:05:14,-14.54799999999999974657309091
2019-03-24 06:05:16,-14.55383333333333310359118210
2019-03-24 06:05:18,-14.55533333333333316043460096
2019-03-24 06:05:21,-14.55999999999999990526096857
2019-03-24 06:05:23,-14.55899999999999986736535599
2019-03-24 06:05:25,-14.54883333333333321017259247
2019-03-24 06:05:27,-14.54883333333333321017259247
2019-03-24 06:05:29,-14.54233333333333325991058397
2019-03-24 06:05:32,-14.54616666666666654113745002
2019-03-24 06:05:34,-14.53449999999999982710126763
2019-03-24 06:05:36,-14.53416666666666638244957236
2019-03-24 06:05:38,-14.54183333333333324096277768
2019-03-24 06:05:41,-14.54299999999999985315450128
2019-03-24 06:05:43,-14.53899999999999970157205098
2019-03-24 06:05:45,-14.53016666666666652692659530
2019-03-24 06:05:47,-14.53283333333333319596173775
2019-03-24 06:05:49,-14.52350000000000000236847579
2019-03-24 06:05:52,-14.51633333333333316280307675
2019-03-24 06:05:54,-14.52316666666666655771678052
2019-03-24 06:05:56,-14.53500000000000014210854715
2019-03-24 06:05:58,-14.54000000000000003552713679
2019-03-24 06:06:01,-14.54499999999999992894572642
2019-03-24 06:06:03,-14.54933333333333322912039876
2019-03-24 06:06:05,-14.55349999999999995499896007
2019-03-24 06:06:07,-14.55216666666666647245165223
2019-03-24 06:06:09,-14.54616666666666624507797678
2019-03-24 06:06:12,-14.53699999999999962578082583
2019-03-24 06:06:14,-14.54916666666666635876481450
2019-03-24 06:06:16,-14.56299999999999972288833306
2019-03-24 06:06:18,-14.55499999999999971578290570
2019-03-24 06:06:20,-14.54833333333333319122478618
2019-03-24 06:06:23,-14.54399999999999989105011385
2019-03-24 06:06:25,-14.54349999999999987210230756
2019-03-24 06:06:27,-14.52999999999999995263048428
2019-03-24 06:06:29,-14.52533333333333320780411668
2019-03-24 06:06:32,-14.53166666666666658377001416
2019-03-24 06:06:34,-14.54483333333333335464961541
2019-03-24 06:06:36,-14.54250000000000013026616822
2019-03-24 06:06:38,-14.55350000000000025105843330
2019-03-24 06:06:40,-14.55216666666666676851112546
2019-03-24 06:06:43,-14.55516666666666688219796318
2019-03-24 06:06:45,-14.53983333333333346123102577
2019-03-24 06:06:47,-14.53283333333333319596173775
2019-03-24 06:06:49,-14.53683333333333305148471482
2019-03-24 06:06:52,-14.52583333333333293069244974
2019-03-24 06:06:54,-14.53099999999999969446662362
2019-03-24 06:06:56,-14.53449999999999953104179440
2019-03-24 06:06:58,-14.56049999999999962814930162
2019-03-24 06:07:00,-14.56449999999999977973175191
2019-03-24 06:07:03,-14.56183333333333311069660946
2019-03-24 06:07:05,-14.56566666666666639192347551
2019-03-24 06:07:07,-14.56666666666666642981908808
2019-03-24 06:07:09,-14.55849999999999984841754970
2019-03-24 06:07:11,-14.54783333333333317227697990
2019-03-24 06:07:14,-14.53616666666666645824079751
2019-03-24 06:07:16,-14.54599999999999996684133900
2019-03-24 06:07:18,-14.54750000000000002368475786
2019-03-24 06:07:20,-14.53916666666666657192763523
2019-03-24 06:07:23,-14.54133333333333322201497140
2019-03-24 06:07:25,-14.54466666666666648429403115
2019-03-24 06:07:27,-14.54999999999999982236431606
2019-03-24 06:07:29,-14.54066666666666633271158086
2019-03-24 06:07:31,-14.54433333333333303964233588
2019-03-24 06:07:34,-14.55616666666666662403410252
2019-03-24 06:07:36,-14.54783333333333317227697990
2019-03-24 06:07:38,-14.53816666666666653403202266
2019-03-24 06:07:40,-14.54366666666666644639841858
2019-03-24 06:07:43,-14.54133333333333322201497140
2019-03-24 06:07:45,-14.55016666666666669271990031
2019-03-24 06:07:47,-14.54949999999999980341650977
2019-03-24 06:07:49,-14.53616666666666645824079751
2019-03-24 06:07:51,-14.55999999999999990526096857
2019-03-24 06:07:54,-14.55833333333333327412143869
2019-03-24 06:07:56,-14.55249999999999991710334750
2019-03-24 06:07:58,-14.53683333333333305148471482
2019-03-24 06:08:00,-14.53533333333333329070076919
2019-03-24 06:08:03,-14.54850000000000006158037043
2019-03-24 06:08:05,-14.53250000000000004736951572
2019-03-24 06:08:07,-14.53000000000000024868995752
2019-03-24 06:08:09,-14.54416666666666705746517134
2019-03-24 06:08:11,-14.55483333333333373360574114
2019-03-24 06:08:14,-14.55666666666666693904138204
2019-03-24 06:08:16,-14.56066666666666679456435910
2019-03-24 06:08:18,-14.55866666666666671877313396
2019-03-24 06:08:20,-14.55099999999999986025992863
2019-03-24 06:08:22,-14.54233333333333296385111074
2019-03-24 06:08:25,-14.53983333333333316517155254
2019-03-24 06:08:27,-14.52833333333333302543148117
2019-03-24 06:08:29,-14.52283333333333311306508525
2019-03-24 06:08:31,-14.52216666666666651982116794
2019-03-24 06:08:34,-14.52533333333333320780411668
2019-03-24 06:08:36,-14.52883333333333334043876069
2019-03-24 06:08:38,-14.53299999999999977025784877
2019-03-24 06:08:40,-14.53116666666666656482220787
2019-03-24 06:08:42,-14.53066666666666654587440159
2019-03-24 06:08:45,-14.53216666666666660271782045
2019-03-24 06:08:47,-14.53383333333333323385735033
2019-03-24 06:08:49,-14.53216666666666660271782045
2019-03-24 06:08:51,-14.52550000000000007815970093
2019-03-24 06:08:54,-14.53500000000000014210854715
2019-03-24 06:08:56,-14.53750000000000023684757859
2019-03-24 06:08:58,-14.53600000000000018000415973
2019-03-24 06:09:00,-14.53483333333333356781243614
2019-03-24 06:09:02,-14.53850000000000027474319116
2019-03-24 06:09:05,-14.53850000000000027474319116
2019-03-24 06:09:07,-14.53766666666666681114368960
2019-03-24 06:09:09,-14.53783333333333338543980062
2019-03-24 06:09:11,-14.53016666666666682298606853
2019-03-24 06:09:13,-14.54033333333333348017883206
2019-03-24 06:09:16,-14.53766666666666681114368960
2019-03-24 06:09:18,-14.54050000000000005447494307
2019-03-24 06:09:20,-14.55250000000000021316282073
2019-03-24 06:09:22,-14.55766666666666697693699462
2019-03-24 06:09:25,-14.56750000000000018947806287
2019-03-24 06:09:27,-14.55983333333333362702433078
2019-03-24 06:09:29,-14.55183333333333361991890342
2019-03-24 06:09:31,-14.54783333333333376439592636
2019-03-24 06:09:33,-14.53383333333333352991682356
2019-03-24 06:09:36,-14.52800000000000017289873237
2019-03-24 06:09:38,-14.52850000000000019184653866
2019-03-24 06:09:40,-14.51833333333333353465377513
2019-03-24 06:09:42,-14.53033333333333339728217955
2019-03-24 06:09:45,-14.52749999999999985789145285
2019-03-24 06:09:47,-14.52999999999999995263048428
2019-03-24 06:09:49,-14.53300000000000006631732200
2019-03-24 06:09:51,-14.53250000000000004736951572
2019-03-24 06:09:53,-14.53733333333333336649199434
2019-03-24 06:09:56,-14.53699999999999992184029907
2019-03-24 06:09:58,-14.54449999999999990999792014
2019-03-24 06:10:00,-14.54499999999999992894572642
2019-03-24 06:10:02,-14.54416666666666646534622487
2019-03-24 06:10:04,-14.53699999999999962578082583
2019-03-24 06:10:07,-14.53149999999999941735495668
2019-03-24 06:10:09,-14.53066666666666624981492836
2019-03-24 06:10:11,-14.52449999999999974420461513
2019-03-24 06:10:13,-14.52633333333333324569972926
2019-03-24 06:10:16,-14.54033333333333318411935882
2019-03-24 06:10:18,-14.55133333333333330491162390
2019-03-24 06:10:20,-14.55966666666666675666874653
2019-03-24 06:10:22,-14.56300000000000001894780628
2019-03-24 06:10:24,-14.57583333333333334517571226
2019-03-24 06:10:27,-14.56933333333333309885423053
2019-03-24 06:10:29,-14.55333333333333308464337582
2019-03-24 06:10:31,-14.53283333333333319596173775
2019-03-24 06:10:33,-14.54799999999999974657309091
2019-03-24 06:10:36,-14.53133333333333313911831889
2019-03-24 06:10:38,-14.49949999999999968499272048
2019-03-24 06:10:40,-14.50016666666666657429611102
2019-03-24 06:10:42,-14.49783333333333334991266383
2019-03-24 06:10:44,-14.51166666666666671403618238
2019-03-24 06:10:47,-14.49683333333333360807652449
2019-03-24 06:10:49,-14.50933333333333348965273520
2019-03-24 06:10:51,-14.53066666666666684193387482
2019-03-24 06:10:53,-14.53116666666666686088168110
2019-03-24 06:10:55,-14.52483333333333348491578363
2019-03-24 06:10:58,-14.52466666666666661456019938
2019-03-24 06:11:00,-14.52616666666666637534414500
2019-03-24 06:11:02,-14.52449999999999974420461513
2019-03-24 06:11:04,-14.52099999999999990762944435
2019-03-24 06:11:07,-14.52516666666666633744853243
2019-03-24 06:11:09,-14.53483333333333297569348967
2019-03-24 06:11:11,-14.54066666666666633271158086
2019-03-24 06:11:13,-14.54499999999999992894572642
2019-03-24 06:11:15,-14.54866666666666663587648145
2019-03-24 06:11:18,-14.55649999999999977262632456
2019-03-24 06:11:20,-14.55849999999999984841754971
2019-03-24 06:11:22,-14.56183333333333311069660946
2019-03-24 06:11:24,-14.55299999999999993605115378
2019-03-24 06:11:27,-14.53849999999999968262424470
2019-03-24 06:11:29,-14.52899999999999961867539848
2019-03-24 06:11:31,-14.52416666666666629955291986
2019-03-24 06:11:33,-14.52916666666666619297150949
2019-03-24 06:11:35,-14.51649999999999973709918777
2019-03-24 06:11:38,-14.52033333333333301832605381
2019-03-24 06:11:40,-14.53749999999999994078810535
2019-03-24 06:11:42,-14.53749999999999994078810535
2019-03-24 06:11:44,-14.52949999999999993368267800
2019-03-24 06:11:47,-14.51883333333333325754210818
2019-03-24 06:11:49,-14.53383333333333323385735033
2019-03-24 06:11:51,-14.52949999999999993368267800
2019-03-24 06:11:53,-14.52783333333333300648367488
2019-03-24 06:11:55,-14.53866666666666655297982895
2019-03-24 06:11:58,-14.55449999999999999289457264
2019-03-24 06:12:00,-14.56166666666666683245997168
2019-03-24 06:12:02,-14.55933333333333331201705126
2019-03-24 06:12:04,-14.56283333333333314859222204
2019-03-24 06:12:06,-14.54233333333333325991058397
2019-03-24 06:12:09,-14.53783333333333308938032739
2019-03-24 06:12:11,-14.52216666666666651982116794
2019-03-24 06:12:13,-14.51349999999999991947182328
2019-03-24 06:12:15,-14.52016666666666674008941603
2019-03-24 06:12:18,-14.52200000000000024158453016
2019-03-24 06:12:20,-14.53316666666666693667290626
2019-03-24 06:12:22,-14.52450000000000033632356160
2019-03-24 06:12:24,-14.53300000000000036237679524
2019-03-24 06:12:26,-14.53266666666666691772509997
2019-03-24 06:12:29,-14.51150000000000013974007137
2019-03-24 06:12:31,-14.50966666666666663824495724
2019-03-24 06:12:33,-14.49966666666666655534830473
2019-03-24 06:12:35,-14.49516666666666668087752138
2019-03-24 06:12:38,-14.48666666666666665482428774
2019-03-24 06:12:40,-14.48466666666666657903306259
2019-03-24 06:12:42,-14.51366666666666678982740753
2019-03-24 06:12:44,-14.51383333333333366018299178
2019-03-24 06:12:46,-14.51883333333333384966105465
2019-03-24 06:12:49,-14.53116666666666715694115434
2019-03-24 06:12:51,-14.53033333333333369334165278
2019-03-24 06:12:53,-14.54316666666666701956955876
2019-03-24 06:12:55,-14.52400000000000031737575530
2019-03-24 06:12:57,-14.52133333333333364834061285
2019-03-24 06:13:00,-14.52766666666666672824703710
2019-03-24 06:13:02,-14.50749999999999998815762107
2019-03-24 06:13:04,-14.50233333333333322438344718
2019-03-24 06:13:06,-14.47666666666666657192763523
2019-03-24 06:13:09,-14.47733333333333316517155254
2019-03-24 06:13:11,-14.47649999999999970157205098
2019-03-24 06:13:13,-14.47766666666666660982324780
2019-03-24 06:13:15,-14.49116666666666652929507109
2019-03-24 06:13:17,-14.49883333333333338780827641
2019-03-24 06:13:20,-14.51633333333333345886254998
2019-03-24 06:13:22,-14.51650000000000003315866100
2019-03-24 06:13:24,-14.52199999999999994552505692
2019-03-24 06:13:26,-14.51616666666666658850696573
2019-03-24 06:13:29,-14.52550000000000007815970093
2019-03-24 06:13:31,-14.53366666666666665956123931
2019-03-24 06:13:33,-14.53649999999999990289249278
2019-03-24 06:13:35,-14.54000000000000003552713679
2019-03-24 06:13:37,-14.53750000000000023684757859
2019-03-24 06:13:40,-14.53283333333333349202121099
2019-03-24 06:13:42,-14.53083333333333341622998584
2019-03-24 06:13:44,-14.52350000000000000236847578
2019-03-24 06:13:46,-14.51733333333333349675816256
2019-03-24 06:13:48,-14.50900000000000004500103993
2019-03-24 06:13:51,-14.50449999999999987447078335
2019-03-24 06:13:53,-14.50800000000000000710542736
2019-03-24 06:13:55,-14.50150000000000005684341886
2019-03-24 06:13:57,-14.50116666666666690825119682
2019-03-24 06:14:00,-14.50316666666666698404242197
2019-03-24 06:14:02,-14.51300000000000049264296346
2019-03-24 06:14:04,-14.51350000000000051159076975
2019-03-24 06:14:06,-14.51266666666666704799126819
2019-03-24 06:14:08,-14.51000000000000037895612574
2019-03-24 06:14:11,-14.50166666666666692719900311
2019-03-24 06:14:13,-14.50033333333333344465169527
2019-03-24 06:14:15,-14.48583333333333319122478618
2019-03-24 06:14:17,-14.47599999999999997868371793
2019-03-24 06:14:20,-14.48533333333333317227697990
2019-03-24 06:14:22,-14.48433333333333313438136732
2019-03-24 06:14:24,-14.50199999999999977973175191
2019-03-24 06:14:26,-14.50983333333333321254106825
2019-03-24 06:14:28,-14.51933333333333327648991447
2019-03-24 06:14:31,-14.52516666666666663350800566
2019-03-24 06:14:33,-14.52800000000000017289873237
2019-03-24 06:14:35,-14.54033333333333348017883206
2019-03-24 06:14:37,-14.53133333333333343517779212
2019-03-24 06:14:39,-14.52233333333333339017675219
2019-03-24 06:14:42,-14.52533333333333350386358992
2019-03-24 06:14:44,-14.52816666666666674719484338
2019-03-24 06:14:46,-14.51533333333333342096693741
2019-03-24 06:14:48,-14.50666666666666682061759275
2019-03-24 06:14:51,-14.50750000000000028421709430
2019-03-24 06:14:53,-14.50133333333333348254730784
2019-03-24 06:14:55,-14.49700000000000018237263551
2019-03-24 06:14:57,-14.51050000000000010184445879
2019-03-24 06:14:59,-14.52550000000000007815970093
2019-03-24 06:15:02,-14.52799999999999987683925914
2019-03-24 06:15:04,-14.52516666666666663350800566
2019-03-24 06:15:06,-14.53983333333333346123102577
2019-03-24 06:15:08,-14.53716666666666679219588332
2019-03-24 06:15:11,-14.53266666666666691772509997
2019-03-24 06:15:13,-14.52433333333333346596797734
2019-03-24 06:15:15,-14.53000000000000024868995752
2019-03-24 06:15:17,-14.52983333333333337833437326
2019-03-24 06:15:19,-14.52733333333333328359534183
2019-03-24 06:15:22,-14.52833333333333332149095440
2019-03-24 06:15:24,-14.50900000000000004500103993
2019-03-24 06:15:26,-14.50183333333333350149511413
2019-03-24 06:15:28,-14.50416666666666672587856131
2019-03-24 06:15:31,-14.50133333333333348254730784
2019-03-24 06:15:33,-14.49083333333333338070284905
2019-03-24 06:15:35,-14.49433333333333321727801983
2019-03-24 06:15:37,-14.50316666666666639192347551
2019-03-24 06:15:39,-14.51916666666666640613433022
2019-03-24 06:15:42,-14.50883333333333317464545568
2019-03-24 06:15:44,-14.50666666666666652455811952
2019-03-24 06:15:46,-14.50300000000000011368683772
2019-03-24 06:15:48,-14.49900000000000025816386066
2019-03-24 06:15:50,-14.50266666666666696509461568
2019-03-24 06:15:53,-14.49083333333333367676232228
2019-03-24 06:15:55,-14.49100000000000025105843330
2019-03-24 06:15:57,-14.49166666666666684430235060
2019-03-24 06:15:59,-14.49583333333333327412143868
2019-03-24 06:16:02,-14.48966666666666647245165222
2019-03-24 06:16:04,-14.49283333333333316043460096
2019-03-24 06:16:06,-14.49749999999999960920149533
2019-03-24 06:16:08,-14.49466666666666636587024186
2019-03-24 06:16:10,-14.49899999999999966604491419
2019-03-24 06:16:13,-14.50316666666666639192347551
2019-03-24 06:16:15,-14.50983333333333321254106825
2019-03-24 06:16:17,-14.50633333333333307990642424
2019-03-24 06:16:19,-14.51083333333333325043668083
2019-03-24 06:16:22,-14.51283333333333332622790598
2019-03-24 06:16:24,-14.51183333333333328833229340
2019-03-24 06:16:26,-14.52249999999999996447286321
2019-03-24 06:16:28,-14.52466666666666661456019938
2019-03-24 06:16:30,-14.52366666666666687272406004
2019-03-24 06:16:33,-14.51166666666666671403618238
2019-03-24 06:16:35,-14.51299999999999990052401700
2019-03-24 06:16:37,-14.51249999999999988157621071
2019-03-24 06:16:39,-14.49933333333333340675608270
2019-03-24 06:16:41,-14.52249999999999996447286321
2019-03-24 06:16:44,-14.52516666666666663350800566
2019-03-24 06:16:46,-14.49983333333333342570388898
2019-03-24 06:16:48,-14.50216666666666694614680940
2019-03-24 06:16:50,-14.49950000000000027711166695
2019-03-24 06:16:53,-14.49966666666666685140777796
2019-03-24 06:16:55,-14.49050000000000023211062702
2019-03-24 06:16:57,-14.48466666666666687509253582
2019-03-24 06:16:59,-14.50533333333333363412975814
2019-03-24 06:17:01,-14.50566666666666678272198017
2019-03-24 06:17:04,-14.50800000000000030316490059
2019-03-24 06:17:06,-14.50900000000000034106051316
2019-03-24 06:17:08,-14.48333333333333368860470121
2019-03-24 06:17:10,-14.48650000000000037658764995
2019-03-24 06:17:13,-14.51200000000000015868787765
2019-03-24 06:17:15,-14.52133333333333364834061285
2019-03-24 06:17:17,-14.52416666666666689167186632
2019-03-24 06:17:19,-14.51950000000000014684549872
2019-03-24 06:17:21,-14.52583333333333352281139620
2019-03-24 06:17:24,-14.52299999999999998342066950
2019-03-24 06:17:26,-14.50749999999999998815762107
2019-03-24 06:17:28,-14.48849999999999986025992863
2019-03-24 06:17:30,-14.48649999999999978446870349
2019-03-24 06:17:32,-14.51033333333333323148887454
2019-03-24 06:17:35,-14.51733333333333320069868932
2019-03-24 06:17:37,-14.50483333333333331912247862
2019-03-24 06:17:39,-14.49849999999999994315658114
2019-03-24 06:17:41,-14.50599999999999993131420221
2019-03-24 06:17:44,-14.50233333333333352044292042
2019-03-24 06:17:46,-14.47216666666666669745685188
2019-03-24 06:17:48,-14.46533333333333330254314812
2019-03-24 06:17:50,-14.47816666666666662877105409
2019-03-24 06:17:52,-14.47599999999999997868371793
2019-03-24 06:17:55,-14.47733333333333346123102577
2019-03-24 06:17:57,-14.47383333333333332859638176
2019-03-24 06:17:59,-14.46733333333333337833437327
2019-03-24 06:18:01,-14.46533333333333330254314812
2019-03-24 06:18:04,-14.48049999999999985315450128
2019-03-24 06:18:06,-14.47800000000000005447494308
2019-03-24 06:18:08,-14.47466666666666649613641008
2019-03-24 06:18:10,-14.49183333333333312253898839
2019-03-24 06:18:12,-14.50533333333333304201081167
2019-03-24 06:18:15,-14.51583333333333314385527046
2019-03-24 06:18:17,-14.49799999999999992420877485
2019-03-24 06:18:19,-14.49749999999999990526096856
2019-03-24 06:18:21,-14.49400000000000006868579779
2019-03-24 06:18:23,-14.48200000000000020605739337
2019-03-24 06:18:26,-14.47766666666666690588272104
2019-03-24 06:18:28,-14.47150000000000010421293458
2019-03-24 06:18:30,-14.47733333333333346123102577
2019-03-24 06:18:32,-14.49366666666666662403410252
2019-03-24 06:18:35,-14.50733333333333311780203682
2019-03-24 06:18:37,-14.51366666666666619770846106
2019-03-24 06:18:39,-14.52516666666666633744853243
2019-03-24 06:18:41,-14.53099999999999969446662362
2019-03-24 06:18:43,-14.53899999999999970157205098
2019-03-24 06:18:46,-14.53283333333333319596173775
2019-03-24 06:18:48,-14.53516666666666671640465817
2019-03-24 06:18:50,-14.52883333333333363649823392
2019-03-24 06:18:52,-14.53616666666666675430027074
2019-03-24 06:18:55,-14.52350000000000029842794902
2019-03-24 06:18:57,-14.51216666666666702904346190
2019-03-24 06:18:59,-14.50766666666666685851320532
2019-03-24 06:19:01,-14.49883333333333338780827641
2019-03-24 06:19:03,-14.50966666666666663824495724
2019-03-24 06:19:06,-14.49849999999999994315658114
2019-03-24 06:19:08,-14.50783333333333313674984310
2019-03-24 06:19:10,-14.50949999999999976788937298
2019-03-24 06:19:12,-14.51349999999999991947182328
2019-03-24 06:19:15,-14.50866666666666660034934466
2019-03-24 06:19:17,-14.48783333333333326701601133
2019-03-24 06:19:19,-14.49450000000000008763360408
2019-03-24 06:19:21,-14.49466666666666666192971509
2019-03-24 06:19:23,-14.49649999999999986736535599
2019-03-24 06:19:26,-14.48683333333333322912039876
2019-03-24 06:19:28,-14.49716666666666675666874653
2019-03-24 06:19:30,-14.50383333333333328122686604
2019-03-24 06:19:32,-14.49866666666666651745269216
2019-03-24 06:19:34,-14.49250000000000001184237893
2019-03-24 06:19:37,-14.49500000000000010658141036
2019-03-24 06:19:39,-14.50883333333333347070492891
2019-03-24 06:19:41,-14.50350000000000013263464401
2019-03-24 06:19:43,-14.50433333333333359623414556
2019-03-24 06:19:46,-14.49883333333333368386774964
2019-03-24 06:19:48,-14.49750000000000020132044180
2019-03-24 06:19:50,-14.48666666666666695088376097
2019-03-24 06:19:52,-14.48600000000000006158037043
2019-03-24 06:19:54,-14.48183333333333333570180912
2019-03-24 06:19:57,-14.49149999999999997394676636
2019-03-24 06:19:59,-14.49933333333333340675608270
2019-03-24 06:20:01,-14.50566666666666678272198017
2019-03-24 06:20:03,-14.51166666666666671403618238
2019-03-24 06:20:06,-14.50516666666666676377417389
2019-03-24 06:20:08,-14.50516666666666676377417389
2019-03-24 06:20:10,-14.49816666666666679456435910
2019-03-24 06:20:12,-14.49316666666666660508629623
2019-03-24 06:20:14,-14.50100000000000003789561257
2019-03-24 06:20:17,-14.50850000000000002605323364
2019-03-24 06:20:19,-14.50866666666666689640881790
2019-03-24 06:20:21,-14.51000000000000008289665251
2019-03-24 06:20:23,-14.50883333333333347070492892
2019-03-24 06:20:25,-14.50383333333333357728633928
2019-03-24 06:20:28,-14.48966666666666676851112546
2019-03-24 06:20:30,-14.48050000000000014921397451
2019-03-24 06:20:32,-14.48500000000000002368475786
2019-03-24 06:20:34,-14.48983333333333334280723648
2019-03-24 06:20:37,-14.50916666666666661929715095
2019-03-24 06:20:39,-14.50833333333333315569764940
2019-03-24 06:20:41,-14.49533333333333325517363240
2019-03-24 06:20:43,-14.48699999999999980341650978
2019-03-24 06:20:45,-14.47833333333333320306716511
2019-03-24 06:20:48,-14.46883333333333343517779213
2019-03-24 06:20:50,-14.44883333333333356544396035
2019-03-24 06:20:52,-14.45766666666666703614888926
2019-03-24 06:20:54,-14.47383333333333362465585500
2019-03-24 06:20:57,-14.47650000000000029369099745
2019-03-24 06:20:59,-14.45100000000000021553129651
2019-03-24 06:21:01,-14.45800000000000018474111130
2019-03-24 06:21:03,-14.45116666666666678982740753
2019-03-24 06:21:05,-14.43300000000000012552921665
2019-03-24 06:21:08,-14.43450000000000018237263551
2019-03-24 06:21:10,-14.44683333333333348965273520
2019-03-24 06:21:12,-14.47200000000000012316074087
2019-03-24 06:21:14,-14.47116666666666665956123931
2019-03-24 06:21:16,-14.47999999999999983420669499
2019-03-24 06:21:19,-14.49416666666666634692243558
2019-03-24 06:21:21,-14.49549999999999982946974342
2019-03-24 06:21:23,-14.48599999999999976552089720
2019-03-24 06:21:25,-14.48633333333333321017259247
2019-03-24 06:21:28,-14.48333333333333339254522798
2019-03-24 06:21:30,-14.48316666666666681824911696
2019-03-24 06:21:32,-14.47866666666666694377833362
2019-03-24 06:21:34,-14.46750000000000024868995752
2019-03-24 06:21:36,-14.45766666666666703614888926
2019-03-24 06:21:39,-14.45000000000000017763568394
2019-03-24 06:21:41,-14.44933333333333328833229340
2019-03-24 06:21:43,-14.45299999999999999526304843
2019-03-24 06:21:45,-14.43933333333333320543564090
2019-03-24 06:21:48,-14.44233333333333302306300538
2019-03-24 06:21:50,-14.45749999999999957367435854
2019-03-24 06:21:52,-14.47083333333333291885007081
2019-03-24 06:21:54,-14.46599999999999959972759219
2019-03-24 06:21:56,-14.45333333333333284779579723
2019-03-24 06:21:59,-14.46516666666666643218756387
2019-03-24 06:22:01,-14.46499999999999985789145285
2019-03-24 06:22:03,-14.45500000000000007105427358
2019-03-24 06:22:05,-14.44283333333333363412975814
2019-03-24 06:22:08,-14.44066666666666698404242198
2019-03-24 06:22:10,-14.43750000000000029605947324
2019-03-24 06:22:12,-14.43300000000000012552921665
2019-03-24 06:22:14,-14.43416666666666673772094024
2019-03-24 06:22:16,-14.44000000000000009473903144
2019-03-24 06:22:19,-14.45099999999999991947182328
2019-03-24 06:22:21,-14.45566666666666666429819088
2019-03-24 06:22:23,-14.46716666666666680403826225
2019-03-24 06:22:25,-14.47583333333333340438760691
2019-03-24 06:22:27,-14.46283333333333350386358992
2019-03-24 06:22:30,-14.45500000000000007105427358
2019-03-24 06:22:32,-14.44499999999999998815762107
2019-03-24 06:22:34,-14.43316666666666669982532767
2019-03-24 06:22:36,-14.45333333333333314385527046
2019-03-24 06:22:39,-14.44866666666666669508837610
2019-03-24 06:22:41,-14.45616666666666668324599717
2019-03-24 06:22:43,-14.45616666666666668324599717
2019-03-24 06:22:45,-14.45550000000000009000207986
2019-03-24 06:22:47,-14.45733333333333329543772076
2019-03-24 06:22:50,-14.42899999999999997394676636
2019-03-24 06:22:52,-14.43733333333333312964441575
2019-03-24 06:22:54,-14.43266666666666638481804815
2019-03-24 06:22:56,-14.43333333333333297806196545
2019-03-24 06:22:59,-14.45749999999999957367435854
2019-03-24 06:23:01,-14.46366666666666637534414501
2019-03-24 06:23:03,-14.46866666666666656482220788
2019-03-24 06:23:05,-14.45949999999999994552505693
2019-03-24 06:23:07,-14.45899999999999992657725064
2019-03-24 06:23:10,-14.45833333333333333333333334
2019-03-24 06:23:12,-14.44466666666666683956539904
2019-03-24 06:23:14,-14.43766666666666687035558425
2019-03-24 06:23:16,-14.42766666666666678745893175
2019-03-24 06:23:18,-14.43050000000000003079018522
2019-03-24 06:23:21,-14.43950000000000007579122515
2019-03-24 06:23:23,-14.44283333333333333807028490
2019-03-24 06:23:25,-14.43083333333333317938240725
2019-03-24 06:23:27,-14.43249999999999981052193713
2019-03-24 06:23:30,-14.43749999999999970394052676
2019-03-24 06:23:32,-14.43649999999999966604491419
2019-03-24 06:23:34,-14.43233333333333294016635288
2019-03-24 06:23:36,-14.42949999999999969683509941
2019-03-24 06:23:38,-14.43183333333333321727801982
2019-03-24 06:23:41,-14.43566666666666649850488587
2019-03-24 06:23:43,-14.42366666666666663587648145
2019-03-24 06:23:45,-14.41366666666666684903930218
2019-03-24 06:23:47,-14.40750000000000034342898895
2019-03-24 06:23:50,-14.40066666666666694851528519
2019-03-24 06:23:52,-14.39483333333333359149719400
2019-03-24 06:23:54,-14.39750000000000026053233645
2019-03-24 06:23:56,-14.40266666666666702430651034
2019-03-24 06:23:58,-14.38533333333333352754834778
2019-03-24 06:24:01,-14.37933333333333330017467233
2019-03-24 06:24:03,-14.38149999999999995026200850
2019-03-24 06:24:05,-14.38400000000000004500103993
2019-03-24 06:24:07,-14.36633333333333339965065534
2019-03-24 06:24:09,-14.36599999999999995499896007
2019-03-24 06:24:12,-14.37866666666666670693075503
2019-03-24 06:24:14,-14.36216666666666696983156726
2019-03-24 06:24:16,-14.35716666666666707641297762
2019-03-24 06:24:18,-14.42650000000000017526720815
2019-03-24 06:24:21,-14.44650000000000004500103993
2019-03-24 06:24:23,-14.44483333333333341386151005
2019-03-24 06:24:25,-14.44650000000000004500103993
2019-03-24 06:24:27,-14.46399999999999981999584027
2019-03-24 06:24:29,-14.47149999999999980815346134
2019-03-24 06:24:32,-14.40999999999999984604907392
2019-03-24 06:24:34,-14.39150000000000003315866100
2019-03-24 06:24:36,-14.39316666666666666429819088
2019-03-24 06:24:38,-14.40766666666666662166562674
2019-03-24 06:24:41,-14.41500000000000003552713679
2019-03-24 06:24:43,-14.41433333333333314622374625
2019-03-24 06:24:45,-14.40466666666666650797878902
2019-03-24 06:24:47,-14.41383333333333312727593996
2019-03-24 06:24:49,-14.41349999999999968262424470
2019-03-24 06:24:52,-14.40549999999999967551881734
2019-03-24 06:24:54,-14.40066666666666635639633872
2019-03-24 06:24:56,-14.39433333333333327648991447
2019-03-24 06:24:58,-14.39416666666666670219380346
2019-03-24 06:25:01,-14.38233333333333341386151005
2019-03-24 06:25:03,-14.38250000000000028421709430
2019-03-24 06:25:05,-14.37966666666666704088584083
2019-03-24 06:25:07,-14.38283333333333372886878957
2019-03-24 06:25:09,-14.39800000000000027948014273
2019-03-24 06:25:12,-14.40383333333333363649823392
2019-03-24 06:25:14,-14.41283333333333338543980062
2019-03-24 06:25:16,-14.41616666666666664771886038
2019-03-24 06:25:18,-14.41533333333333318411935882
2019-03-24 06:25:20,-14.41949999999999990999792014
2019-03-24 06:25:23,-14.41016666666666671640465817
2019-03-24 06:25:25,-14.39599999999999990762944435
2019-03-24 06:25:27,-14.39833333333333342807236477
2019-03-24 06:25:29,-14.39433333333333327648991447
2019-03-24 06:25:32,-14.40283333333333330254314812
2019-03-24 06:25:34,-14.38716666666666643692451544
2019-03-24 06:25:36,-14.38166666666666622849864628
2019-03-24 06:25:38,-14.37899999999999955946350383
2019-03-24 06:25:40,-14.37366666666666622139321892
2019-03-24 06:25:43,-14.36766666666666629007901671
2019-03-24 06:25:45,-14.35099999999999968262424469
2019-03-24 06:25:47,-14.35416666666666637060719343
2019-03-24 06:25:49,-14.36399999999999987920773492
2019-03-24 06:25:52,-14.37099999999999984841754970
2019-03-24 06:25:54,-14.36799999999999973473071198
2019-03-24 06:25:56,-14.37999999999999989341858964
2019-03-24 06:25:58,-14.39900000000000002131628207
2019-03-24 06:26:00,-14.39633333333333335228113962
2019-03-24 06:26:03,-14.38849999999999991947182328
2019-03-24 06:26:05,-14.39316666666666666429819088
2019-03-24 06:26:07,-14.40850000000000008526512829
2019-03-24 06:26:09,-14.40233333333333328359534183
2019-03-24 06:26:11,-14.40349999999999989578706542
2019-03-24 06:26:14,-14.40866666666666665956123931
2019-03-24 06:26:16,-14.40549999999999997157829057
2019-03-24 06:26:18,-14.40783333333333319596173775
2019-03-24 06:26:20,-14.38816666666666647482012801
2019-03-24 06:26:23,-14.38849999999999991947182328
2019-03-24 06:26:25,-14.37166666666666644166146701
2019-03-24 06:26:27,-14.37816666666666639192347551
2019-03-24 06:26:29,-14.37799999999999981762736449
2019-03-24 06:26:31,-14.37166666666666673772094024
2019-03-24 06:26:34,-14.38183333333333339491370377
2019-03-24 06:26:36,-14.38600000000000012079226508
2019-03-24 06:26:38,-14.39516666666666703614888926
2019-03-24 06:26:40,-14.38950000000000054948638232
2019-03-24 06:26:43,-14.39600000000000049974839082
2019-03-24 06:26:45,-14.40350000000000048790601189
2019-03-24 06:26:47,-14.39966666666666720667914584
2019-03-24 06:26:49,-14.38050000000000050448534239
2019-03-24 06:26:51,-14.38616666666666699114784933
2019-03-24 06:26:54,-14.39900000000000031737575531
2019-03-24 06:26:56,-14.40483333333333367439384650
2019-03-24 06:26:58,-14.40116666666666696746309147
2019-03-24 06:27:00,-14.41416666666666686798710846
2019-03-24 06:27:02,-14.42083333333333339254522798
2019-03-24 06:27:05,-14.41816666666666672351008553
2019-03-24 06:27:07,-14.40750000000000004736951572
2019-03-24 06:27:09,-14.40599999999999999052609686
2019-03-24 06:27:11,-14.40449999999999993368267800
2019-03-24 06:27:14,-14.39266666666666664535038460
2019-03-24 06:27:16,-14.40650000000000000947390314
2019-03-24 06:27:18,-14.39950000000000004026408836
2019-03-24 06:27:20,-14.40533333333333339728217955
2019-03-24 06:27:22,-14.40250000000000015395092608
2019-03-24 06:27:25,-14.39650000000000022263672387
2019-03-24 06:27:27,-14.39283333333333351570596884
2019-03-24 06:27:29,-14.39166666666666690351424525
2019-03-24 06:27:31,-14.39733333333333368623622543
2019-03-24 06:27:34,-14.38433333333333348965273520
2019-03-24 06:27:36,-14.37466666666666685140777796
2019-03-24 06:27:38,-14.36733333333333343754626791
2019-03-24 06:27:40,-14.36733333333333343754626791
2019-03-24 06:27:42,-14.35950000000000000473695157
2019-03-24 06:27:45,-14.34283333333333310122270632
2019-03-24 06:27:47,-14.34983333333333307043252110
2019-03-24 06:27:49,-14.36799999999999973473071198
2019-03-24 06:27:51,-14.36733333333333314148679468
2019-03-24 06:27:53,-14.37116666666666642271366072
2019-03-24 06:27:56,-14.37366666666666651745269216
2019-03-24 06:27:58,-14.37883333333333328122686604
2019-03-24 06:28:00,-14.37683333333333350149511413
2019-03-24 06:28:02,-14.35533333333333327885839026
2019-03-24 06:28:05,-14.37983333333333331912247862
2019-03-24 06:28:07,-14.38533333333333352754834778
2019-03-24 06:28:09,-14.38816666666666677087960125
2019-03-24 06:28:11,-14.43116666666666692009357576
2019-03-24 06:28:13,-14.43000000000000001184237893
2019-03-24 06:28:16,-14.43116666666666692009357576
2019-03-24 06:28:18,-14.41533333333333348017883206
2019-03-24 06:28:20,-14.40300000000000017289873237
2019-03-24 06:28:22,-14.40150000000000011605531351
2019-03-24 06:28:25,-14.36566666666666680640673803
2019-03-24 06:28:27,-14.36133333333333350623206570
2019-03-24 06:28:29,-14.36100000000000006158037043
2019-03-24 06:28:31,-14.36483333333333334280723648
2019-03-24 06:28:33,-14.37166666666666644166146701
2019-03-24 06:28:36,-14.36766666666666658613848995
2019-03-24 06:28:38,-14.36066666666666632086920193
2019-03-24 06:28:40,-14.36583333333333308464337582
2019-03-24 06:28:42,-14.37483333333333312964441575
2019-03-24 06:28:45,-14.37783333333333324333125347
2019-03-24 06:28:47,-14.39033333333333342096693741
2019-03-24 06:28:49,-14.40183333333333326464753554
2019-03-24 06:28:51,-14.41550000000000005447494308
2019-03-24 06:28:53,-14.42416666666666665482428774
2019-03-24 06:28:56,-14.42200000000000000473695157
2019-03-24 06:28:58,-14.42716666666666647245165222
2019-03-24 06:29:00,-14.42699999999999989815554121
2019-03-24 06:29:02,-14.42683333333333332385943019
2019-03-24 06:29:04,-14.42450000000000009947598301
2019-03-24 06:29:07,-14.42483333333333354412767828
2019-03-24 06:29:09,-14.42300000000000004263256415
2019-03-24 06:29:11,-14.40283333333333359860262135
2019-03-24 06:29:13,-14.38666666666666671403618238
2019-03-24 06:29:16,-14.38050000000000020842586916
2019-03-24 06:29:18,-14.37083333333333357018091192
2019-03-24 06:29:20,-14.37166666666666673772094024
2019-03-24 06:29:22,-14.37650000000000005684341886
2019-03-24 06:29:24,-14.39049999999999999526304843
2019-03-24 06:29:27,-14.40400000000000021079434494
2019-03-24 06:29:29,-14.41100000000000018000415973
2019-03-24 06:29:31,-14.42483333333333324806820504
2019-03-24 06:29:33,-14.41516666666666660982324781
2019-03-24 06:29:36,-14.42149999999999998578914528
2019-03-24 06:29:38,-14.43699999999999998105219371
2019-03-24 06:29:40,-14.43433333333333331201705126
2019-03-24 06:29:42,-14.44299999999999991236639592
2019-03-24 06:29:44,-14.44533333333333343280931634
2019-03-24 06:29:47,-14.45500000000000007105427358
2019-03-24 06:29:49,-14.45233333333333340201913112
2019-03-24 06:29:51,-14.45216666666666682772302010
2019-03-24 06:29:53,-14.45350000000000001421085472
2019-03-24 06:29:55,-14.44016666666666666903514245
2019-03-24 06:29:58,-14.42766666666666649139945851
2019-03-24 06:30:00,-14.42466666666666667377209402
2019-03-24 06:30:02,-14.41216666666666679219588332
2019-03-24 06:30:04,-14.39716666666666651982116794
2019-03-24 06:30:07,-14.40249999999999985789145285
2019-03-24 06:30:09,-14.39499999999999986973383178
2019-03-24 06:30:11,-14.39549999999999988868163806
2019-03-24 06:30:13,-14.38416666666666661929715095
2019-03-24 06:30:15,-14.39733333333333309411727896
2019-03-24 06:30:18,-14.41083333333333330964857548
2019-03-24 06:30:20,-14.40050000000000007815970093
2019-03-24 06:30:22,-14.40966666666666669745685188
2019-03-24 06:30:24,-14.41516666666666690588272104
2019-03-24 06:30:27,-14.42683333333333332385943019
2019-03-24 06:30:29,-14.41700000000000011131836194
2019-03-24 06:30:31,-14.40250000000000015395092608
2019-03-24 06:30:33,-14.39916666666666659561239309
2019-03-24 06:30:35,-14.39449999999999985078602549
2019-03-24 06:30:38,-14.39816666666666655771678052
2019-03-24 06:30:40,-14.39833333333333342807236477
2019-03-24 06:30:42,-14.39733333333333339017675220
2019-03-24 06:30:44,-14.40133333333333324569972926
2019-03-24 06:30:46,-14.39900000000000002131628207
2019-03-24 06:30:49,-14.39083333333333343991474370
2019-03-24 06:30:51,-14.37883333333333328122686604
2019-03-24 06:30:53,-14.37549999999999972288833306
2019-03-24 06:30:55,-14.37833333333333296621958652
2019-03-24 06:30:58,-14.37549999999999972288833306
2019-03-24 06:31:00,-14.38033333333333304201081167
2019-03-24 06:31:02,-14.36233333333333295200873181
2019-03-24 06:31:04,-14.37183333333333301595757803
2019-03-24 06:31:06,-14.38599999999999982473279185
2019-03-24 06:31:09,-14.39416666666666670219380346
2019-03-24 06:31:11,-14.40183333333333326464753554
2019-03-24 06:31:13,-14.40349999999999989578706542
2019-03-24 06:31:15,-14.43699999999999998105219371
2019-03-24 06:31:18,-14.43383333333333329306924497
2019-03-24 06:31:20,-14.42216666666666657903306259
2019-03-24 06:31:22,-14.42249999999999972762528462
2019-03-24 06:31:24,-14.40966666666666640139737865
2019-03-24 06:31:26,-14.41549999999999975841546984
2019-03-24 06:31:29,-14.41533333333333318411935882
2019-03-24 06:31:31,-14.41033333333333329070076919
2019-03-24 06:31:33,-14.40183333333333326464753554
2019-03-24 06:31:35,-14.39400000000000012789769244
2019-03-24 06:31:37,-14.39550000000000018474111130
2019-03-24 06:31:40,-14.38550000000000010184445879
2019-03-24 06:31:42,-14.38049999999999991236639592
2019-03-24 06:31:44,-14.38699999999999986262840442
2019-03-24 06:31:46,-14.38866666666666649376793430
2019-03-24 06:31:49,-14.38649999999999984368059813
2019-03-24 06:31:51,-14.38849999999999991947182328
2019-03-24 06:31:53,-14.38933333333333338307132484
2019-03-24 06:31:55,-14.38983333333333340201913112
2019-03-24 06:31:57,-14.38633333333333326938448712
2019-03-24 06:32:00,-14.39500000000000016579330501
2019-03-24 06:32:02,-14.40483333333333337833437327
2019-03-24 06:32:04,-14.40683333333333315806612518
2019-03-24 06:32:06,-14.40783333333333319596173776
2019-03-24 06:32:09,-14.39383333333333325754210819
2019-03-24 06:32:11,-14.39200000000000005210646729
2019-03-24 06:32:13,-14.39016666666666655061135316
2019-03-24 06:32:15,-14.37466666666666655534830473
2019-03-24 06:32:17,-14.37116666666666671877313396
2019-03-24 06:32:20,-14.37199999999999988631316228
2019-03-24 06:32:22,-14.38466666666666663824495724
2019-03-24 06:32:24,-14.38316666666666658140153838
2019-03-24 06:32:26,-14.37650000000000005684341886
2019-03-24 06:32:29,-14.37633333333333348254730784
2019-03-24 06:32:31,-14.38416666666666691535662418
2019-03-24 06:32:33,-14.37633333333333377860678108
2019-03-24 06:32:35,-14.37716666666666694614680940
2019-03-24 06:32:37,-14.38700000000000015868787765
2019-03-24 06:32:40,-14.39933333333333346596797734
2019-03-24 06:32:42,-14.41383333333333342333541320
2019-03-24 06:32:44,-14.41049999999999986499688021
2019-03-24 06:32:46,-14.41499999999999973946766356
2019-03-24 06:32:48,-14.42283333333333317227697990
2019-03-24 06:32:51,-14.41816666666666672351008553
2019-03-24 06:32:53,-14.41749999999999983420669499
2019-03-24 06:32:55,-14.41433333333333314622374625
2019-03-24 06:32:57,-14.40966666666666669745685188
2019-03-24 06:33:00,-14.41500000000000003552713679
2019-03-24 06:33:02,-14.41033333333333329070076919
2019-03-24 06:33:04,-14.40749999999999975131004248
2019-03-24 06:33:06,-14.39866666666666657666458680
2019-03-24 06:33:08,-14.39666666666666650087336166
2019-03-24 06:33:11,-14.39899999999999972525680884
2019-03-24 06:33:13,-14.39166666666666660745477202
2019-03-24 06:33:15,-14.38066666666666678272198017
2019-03-24 06:33:17,-14.38133333333333367202537071
2019-03-24 06:33:20,-14.38383333333333376676440215
2019-03-24 06:33:22,-14.37766666666666726115408892
2019-03-24 06:33:24,-14.36750000000000060396132540
2019-03-24 06:33:26,-14.35666666666666705746517134
2019-03-24 06:33:28,-14.35400000000000038843002888
2019-03-24 06:33:31,-14.35516666666666700062175247
2019-03-24 06:33:33,-14.34700000000000012316074086
2019-03-24 06:33:35,-14.35516666666666670456227924
2019-03-24 06:33:37,-14.36383333333333330491162390
2019-03-24 06:33:39,-14.38049999999999991236639592
2019-03-24 06:33:42,-14.38399999999999974894156670
2019-03-24 06:33:44,-14.37849999999999954051569754
2019-03-24 06:33:46,-14.38749999999999958551673747
2019-03-24 06:33:48,-14.37733333333333292832397395
2019-03-24 06:33:51,-14.38349999999999972999376041
2019-03-24 06:33:53,-14.37783333333333324333125347
2019-03-24 06:33:55,-14.37500000000000000000000000
2019-03-24 06:33:57,-14.38266666666666685851320532
2019-03-24 06:33:59,-14.37666666666666692719900311
2019-03-24 06:34:02,-14.37466666666666685140777796
2019-03-24 06:34:04,-14.35099999999999997868371793
2019-03-24 06:34:06,-14.36050000000000004263256415
2019-03-24 06:34:08,-14.35600000000000016816178080
2019-03-24 06:34:11,-14.33966666666666670929923081
2019-03-24 06:34:13,-14.33816666666666665245581195
2019-03-24 06:34:15,-14.33800000000000007815970094
2019-03-24 06:34:17,-14.35283333333333348017883206
2019-03-24 06:34:19,-14.34266666666666682298606854
2019-03-24 06:34:22,-14.35316666666666662877105409
2019-03-24 06:34:24,-14.36150000000000008052817672
2019-03-24 06:34:26,-14.36500000000000021316282073
2019-03-24 06:34:28,-14.38400000000000004500103993
2019-03-24 06:34:30,-14.37216666666666675666874653
2019-03-24 06:34:33,-14.37816666666666668798294874
2019-03-24 06:34:35,-14.37066666666666669982532767
2019-03-24 06:34:37,-14.36866666666666662403410252
2019-03-24 06:34:39,-14.36299999999999984131212235
2019-03-24 06:34:42,-14.35066666666666653403202266
2019-03-24 06:34:44,-14.35833333333333309648575475
2019-03-24 06:34:46,-14.35099999999999968262424470
2019-03-24 06:34:48,-14.36699999999999969683509941
2019-03-24 06:34:50,-14.37199999999999959025368905
2019-03-24 06:34:53,-14.37333333333333307280099689
2019-03-24 06:34:55,-14.37266666666666647955707958
2019-03-24 06:34:57,-14.38549999999999980578498556
2019-03-24 06:34:59,-14.39583333333333303727386010
2019-03-24 06:35:02,-14.38666666666666641797670915
2019-03-24 06:35:04,-14.38783333333333332622790598
2019-03-24 06:35:06,-14.39633333333333305622166639
2019-03-24 06:35:08,-14.40316666666666645113537015
2019-03-24 06:35:10,-14.40049999999999978210022770
2019-03-24 06:35:13,-14.37550000000000001894780629
2019-03-24 06:35:15,-14.37633333333333318648783461
2019-03-24 06:35:17,-14.37999999999999959735911640
2019-03-24 06:35:19,-14.36999999999999981052193713
2019-03-24 06:35:21,-14.36466666666666647245165223
2019-03-24 06:35:24,-14.35066666666666653403202266
2019-03-24 06:35:26,-14.37033333333333295911415917
2019-03-24 06:35:28,-14.36949999999999979157413084
2019-03-24 06:35:30,-14.35649999999999989105011385
2019-03-24 06:35:33,-14.36699999999999969683509941
2019-03-24 06:35:35,-14.37449999999999968499272048
2019-03-24 06:35:37,-14.38666666666666641797670915
2019-03-24 06:35:39,-14.38199999999999996920981478
2019-03-24 06:35:41,-14.38016666666666676377417389
2019-03-24 06:35:44,-14.38783333333333332622790598
2019-03-24 06:35:46,-14.38883333333333336412351855
2019-03-24 06:35:48,-14.38366666666666660034934466
2019-03-24 06:35:50,-14.38316666666666658140153838
2019-03-24 06:35:53,-14.39466666666666642508213651
2019-03-24 06:35:55,-14.39916666666666629955291986
2019-03-24 06:35:57,-14.39016666666666655061135316
2019-03-24 06:35:59,-14.37983333333333331912247862
2019-03-24 06:36:01,-14.37600000000000003789561258
2019-03-24 06:36:04,-14.37000000000000010658141036
2019-03-24 06:36:06,-14.35833333333333339254522798
2019-03-24 06:36:08,-14.34850000000000018000415973
2019-03-24 06:36:10,-14.35816666666666681824911696
2019-03-24 06:36:13,-14.36250000000000011842378930
2019-03-24 06:36:15,-14.35366666666666694377833362
2019-03-24 06:36:17,-14.35716666666666678035350439
2019-03-24 06:36:19,-14.35950000000000030079642481
2019-03-24 06:36:21,-14.37733333333333352044292042
2019-03-24 06:36:24,-14.37266666666666677561655282
2019-03-24 06:36:26,-14.38050000000000020842586916
2019-03-24 06:36:28,-14.39083333333333343991474370
2019-03-24 06:36:30,-14.37266666666666677561655282
2019-03-24 06:36:32,-14.37850000000000013263464401
2019-03-24 06:36:35,-14.37316666666666679456435910
2019-03-24 06:36:37,-14.37666666666666692719900311
2019-03-24 06:36:39,-14.37016666666666697693699462
2019-03-24 06:36:41,-14.36650000000000027000623959
2019-03-24 06:36:44,-14.38316666666666717352048484
2019-03-24 06:36:46,-14.37450000000000027711166695
2019-03-24 06:36:48,-14.36250000000000011842378929
2019-03-24 06:36:50,-14.35716666666666678035350439
2019-03-24 06:36:52,-14.35899999999999998578914528
2019-03-24 06:36:55,-14.36250000000000011842378929
2019-03-24 06:36:57,-14.37299999999999992420877485
2019-03-24 06:36:59,-14.37883333333333328122686604
2019-03-24 06:37:01,-14.38666666666666671403618238
2019-03-24 06:37:04,-14.39649999999999992657725064
2019-03-24 06:37:06,-14.39616666666666648192555537
2019-03-24 06:37:08,-14.39449999999999985078602549
2019-03-24 06:37:10,-14.37933333333333330017467233
2019-03-24 06:37:12,-14.37383333333333338780827641
2019-03-24 06:37:15,-14.37783333333333353939072670
2019-03-24 06:37:17,-14.38366666666666689640881789
2019-03-24 06:37:19,-14.37816666666666698404242197
2019-03-24 06:37:21,-14.35616666666666674245789181
2019-03-24 06:37:23,-14.32766666666666655061135316
2019-03-24 06:37:26,-14.30449999999999999289457264
2019-03-24 06:37:28,-14.25166666666666663113952988
2019-03-24 06:37:30,-14.22566666666666653403202266
2019-03-24 06:37:32,-14.20583333333333323859430190
2019-03-24 06:37:35,-14.22549999999999995973591164
2019-03-24 06:37:37,-14.23000000000000013026616822
2019-03-24 06:37:39,-14.23150000000000018710958708
2019-03-24 06:37:41,-14.22783333333333348017883206
2019-03-24 06:37:43,-14.21900000000000030553337638
2019-03-24 06:37:46,-14.20066666666666706693907448
2019-03-24 06:37:48,-14.20483333333333379281763579
2019-03-24 06:37:50,-14.21466666666666700535870404
2019-03-24 06:37:52,-14.21016666666666683482844746
2019-03-24 06:37:55,-14.27066666666666675903722232
2019-03-24 06:37:57,-14.24533333333333325517363240
2019-03-24 06:37:59,-14.23583333333333319122478618
2019-03-24 06:38:01,-14.21033333333333311306508525
2019-03-24 06:38:03,-14.26749999999999977499480034
2019-03-24 06:38:06,-14.28799999999999966367643841
2019-03-24 06:38:08,-14.24549999999999982946974342
2019-03-24 06:38:10,-14.32033333333333313674984311
2019-03-24 06:38:12,-14.36966666666666636587024186
2019-03-24 06:38:14,-14.37099999999999984841754971
2019-03-24 06:38:17,-14.30216666666666647245165223
2019-03-24 06:38:19,-14.27749999999999985789145285
2019-03-24 06:38:21,-14.27933333333333306332709374
2019-03-24 06:38:23,-14.22949999999999981525888870
2019-03-24 06:38:26,-14.23116666666666644639841858
2019-03-24 06:38:28,-14.26533333333333312490746418
2019-03-24 06:38:30,-14.30183333333333332385943019
2019-03-24 06:38:32,-14.33116666666666668324599717
2019-03-24 06:38:34,-14.36100000000000006158037043
2019-03-24 06:38:37,-14.38199999999999996920981478
2019-03-24 06:38:39,-14.38199999999999996920981478
2019-03-24 06:38:41,-14.37383333333333309174880318
2019-03-24 06:38:43,-14.37416666666666624034102521
2019-03-24 06:38:46,-14.38099999999999963525472898
2019-03-24 06:38:48,-14.40083333333333293069244974
2019-03-24 06:38:50,-14.38616666666666639902890287
2019-03-24 06:38:52,-14.38183333333333309885423054
2019-03-24 06:38:54,-14.37583333333333316754002832
2019-03-24 06:38:57,-14.36083333333333319122478618
2019-03-24 06:38:59,-14.35516666666666640850280601
2019-03-24 06:39:01,-14.32816666666666627349968621
2019-03-24 06:39:03,-14.35383333333333292595549816
2019-03-24 06:39:05,-14.32466666666666643692451544
2019-03-24 06:39:08,-14.22133333333333323385735033
2019-03-24 06:39:10,-14.30266666666666678745893175
2019-03-24 06:39:12,-14.27116666666666677798502860
2019-03-24 06:39:14,-14.28766666666666681114368960
2019-03-24 06:39:17,-14.28066666666666684193387482
2019-03-24 06:39:19,-14.32450000000000015868787765
2019-03-24 06:39:21,-14.40783333333333349202121098
2019-03-24 06:39:23,-14.36816666666666660508629623
2019-03-24 06:39:25,-14.41066666666666673535246446
2019-03-24 06:39:28,-14.39333333333333353465377513
2019-03-24 06:39:30,-14.40450000000000022974215123
2019-03-24 06:39:32,-14.40316666666666674719484339
2019-03-24 06:39:34,-14.42666666666666674956331917
2019-03-24 06:39:37,-14.38850000000000021553129652
2019-03-24 06:39:39,-14.38516666666666695325223676
2019-03-24 06:39:41,-14.40000000000000035527136788
2019-03-24 06:39:43,-14.39583333333333362939280657
2019-03-24 06:39:45,-14.37950000000000046658972982
2019-03-24 06:39:48,-14.37216666666666705272821976
2019-03-24 06:39:50,-14.38016666666666705983364712
2019-03-24 06:39:52,-14.38183333333333369097317700
2019-03-24 06:39:54,-14.38116666666666680166978646
2019-03-24 06:39:57,-14.36766666666666688219796318
2019-03-24 06:39:59,-14.38416666666666661929715095
2019-03-24 06:40:01,-14.38583333333333325043668083
2019-03-24 06:40:03,-14.38949999999999995736743585
2019-03-24 06:40:05,-14.38199999999999996920981478
2019-03-24 06:40:08,-14.37616666666666661219172359
2019-03-24 06:40:10,-14.38349999999999972999376041
2019-03-24 06:40:12,-14.36849999999999975367851827
2019-03-24 06:40:14,-14.38016666666666646771470065
2019-03-24 06:40:16,-14.36199999999999980341650977
2019-03-24 06:40:19,-14.36049999999999974657309091
2019-03-24 06:40:21,-14.35549999999999985315450128
2019-03-24 06:40:23,-14.35983333333333344938864684
2019-03-24 06:40:25,-14.36200000000000009947598301
2019-03-24 06:40:28,-14.36733333333333343754626791
2019-03-24 06:40:30,-14.38666666666666671403618238
2019-03-24 06:40:32,-14.38700000000000015868787765
2019-03-24 06:40:34,-14.39916666666666689167186632
2019-03-24 06:40:36,-14.38316666666666687746101161
2019-03-24 06:40:39,-14.38866666666666708588688076
2019-03-24 06:40:41,-14.37650000000000035290289210
2019-03-24 06:40:43,-14.36233333333333354412767828
2019-03-24 06:40:45,-14.37016666666666668087752138
2019-03-24 06:40:48,-14.37249999999999990526096857
2019-03-24 06:40:50,-14.38716666666666643692451544
2019-03-24 06:40:52,-14.39333333333333294253482866
2019-03-24 06:40:54,-14.40983333333333297569348967
2019-03-24 06:40:56,-14.40183333333333296858806231
2019-03-24 06:40:59,-14.40266666666666643218756386
2019-03-24 06:41:01,-14.38733333333333330728009969
2019-03-24 06:41:03,-14.37233333333333333096485755
2019-03-24 06:41:05,-14.36683333333333341859846162
2019-03-24 06:41:07,-14.35000000000000023684757859
2019-03-24 06:41:10,-14.36666666666666714036182384
2019-03-24 06:41:12,-14.34750000000000043816802039
2019-03-24 06:41:14,-14.36300000000000043343106882
2019-03-24 06:41:16,-14.37433333333333370281555593
2019-03-24 06:41:19,-14.36883333333333379044916001
2019-03-24 06:41:21,-14.36366666666666702667498612
2019-03-24 06:41:23,-14.36800000000000032684965845
2019-03-24 06:41:25,-14.38850000000000021553129651
2019-03-24 06:41:27,-14.37700000000000007579122515
2019-03-24 06:41:30,-14.36250000000000011842378929
2019-03-24 06:41:32,-14.36900000000000006868579779
2019-03-24 06:41:34,-14.38999999999999997631524214
2019-03-24 06:41:36,-14.39049999999999999526304843
2019-03-24 06:41:39,-14.37116666666666671877313396
2019-03-24 06:41:41,-14.37816666666666668798294874
2019-03-24 06:41:43,-14.40033333333333350386358992
2019-03-24 06:41:45,-14.38666666666666671403618238
2019-03-24 06:41:47,-14.38033333333333333807028490
2019-03-24 06:41:50,-14.38483333333333321254106826
2019-03-24 06:41:52,-14.39599999999999990762944435
2019-03-24 06:41:54,-14.38816666666666647482012801
2019-03-24 06:41:56,-14.36899999999999977262632456
2019-03-24 06:41:58,-14.38499999999999978683717927
2019-03-24 06:42:01,-14.37016666666666668087752138
2019-03-24 06:42:03,-14.35833333333333339254522798
2019-03-24 06:42:05,-14.35416666666666666666666667
2019-03-24 06:42:07,-14.36733333333333343754626791
2019-03-24 06:42:10,-14.38049999999999991236639592
2019-03-24 06:42:12,-14.37099999999999984841754970
2019-03-24 06:42:14,-14.34683333333333295674568338
2019-03-24 06:42:16,-14.35066666666666623797254942
2019-03-24 06:42:18,-14.36399999999999958314826169
2019-03-24 06:42:21,-14.35983333333333285726970037
2019-03-24 06:42:23,-14.36166666666666635876481450
2019-03-24 06:42:25,-14.36516666666666649139945851
2019-03-24 06:42:27,-14.40199999999999983894364656
2019-03-24 06:42:30,-14.38933333333333308701185160
2019-03-24 06:42:32,-14.37916666666666642981908808
2019-03-24 06:42:34,-14.37699999999999977973175192
2019-03-24 06:42:36,-14.36983333333333294016635288
2019-03-24 06:42:38,-14.37216666666666616454980006
2019-03-24 06:42:41,-14.36433333333333302779995696
2019-03-24 06:42:43,-14.37433333333333311069660946
2019-03-24 06:42:45,-14.37399999999999996210438742
2019-03-24 06:42:47,-14.37233333333333333096485755
2019-03-24 06:42:50,-14.37750000000000009473903144
2019-03-24 06:42:52,-14.37533333333333344465169527
2019-03-24 06:42:54,-14.37550000000000001894780629
2019-03-24 06:42:56,-14.37116666666666671877313396
2019-03-24 06:42:58,-14.37199999999999988631316228
2019-03-24 06:43:01,-14.36883333333333319833021354
2019-03-24 06:43:03,-14.36883333333333319833021354
2019-03-24 06:43:05,-14.36766666666666658613848995
2019-03-24 06:43:07,-14.37183333333333331201705126
2019-03-24 06:43:09,-14.37433333333333340675608270
2019-03-24 06:43:12,-14.37000000000000010658141037
2019-03-24 06:43:14,-14.37516666666666687035558425
2019-03-24 06:43:16,-14.37283333333333364597213707
2019-03-24 06:43:18,-14.36650000000000027000623959
2019-03-24 06:43:21,-14.36533333333333336175504276
2019-03-24 06:43:23,-14.37366666666666651745269216
2019-03-24 06:43:25,-14.37599999999999974183613934
2019-03-24 06:43:27,-14.36766666666666629007901671
2019-03-24 06:43:29,-14.37783333333333294727178024
2019-03-24 06:43:32,-14.38433333333333289753378873
2019-03-24 06:43:34,-14.38633333333333297332501388
2019-03-24 06:43:36,-14.38133333333333307990642424
2019-03-24 06:43:38,-14.39016666666666655061135316
2019-03-24 06:43:41,-14.39266666666666664535038459
2019-03-24 06:43:43,-14.37599999999999974183613934
2019-03-24 06:43:45,-14.37799999999999981762736449
2019-03-24 06:43:47,-14.37199999999999988631316228
2019-03-24 06:43:49,-14.37499999999999970394052676
2019-03-24 06:43:52,-14.35449999999999981525888870
2019-03-24 06:43:54,-14.35549999999999985315450128
2019-03-24 06:43:56,-14.35533333333333327885839026
2019-03-24 06:43:58,-14.35783333333333337359742169
2019-03-24 06:44:00,-14.34316666666666684193387482
2019-03-24 06:44:03,-14.33716666666666691061967261
2019-03-24 06:44:05,-14.34983333333333336649199434
2019-03-24 06:44:07,-14.34416666666666658377001416
2019-03-24 06:44:09,-14.34666666666666667850904559
2019-03-24 06:44:12,-14.33750000000000005921189464
2019-03-24 06:44:14,-14.35599999999999987210230756
2019-03-24 06:44:16,-14.35516666666666670456227924
2019-03-24 06:44:18,-14.35666666666666676140569810
2019-03-24 06:44:20,-14.36433333333333361991890342
2019-03-24 06:44:23,-14.36483333333333363886670971
2019-03-24 06:44:25,-14.35783333333333366965689493
2019-03-24 06:44:27,-14.36983333333333382834477258
2019-03-24 06:44:29,-14.36900000000000036474527102
2019-03-24 06:44:32,-14.37066666666666699588480090
2019-03-24 06:44:34,-14.36516666666666678745893175
2019-03-24 06:44:36,-14.36400000000000017526720816
2019-03-24 06:44:38,-14.37050000000000012552921665
2019-03-24 06:44:40,-14.35066666666666683009149589
2019-03-24 06:44:43,-14.34966666666666679219588332
2019-03-24 06:44:45,-14.35416666666666696272613990
2019-03-24 06:44:47,-14.36083333333333378334373265
2019-03-24 06:44:49,-14.36883333333333379044916000
2019-03-24 06:44:51,-14.36850000000000034579746474
2019-03-24 06:44:54,-14.36966666666666695798918833
2019-03-24 06:44:56,-14.36700000000000028895404588
2019-03-24 06:44:58,-14.35900000000000028184861852
2019-03-24 06:45:00,-14.35983333333333344938864684
2019-03-24 06:45:03,-14.35300000000000005447494308
2019-03-24 06:45:05,-14.35000000000000023684757859
2019-03-24 06:45:07,-14.34566666666666693667290626
2019-03-24 06:45:09,-14.35166666666666716404658170
2019-03-24 06:45:11,-14.35450000000000040737783517
2019-03-24 06:45:14,-14.34916666666666706930755026
2019-03-24 06:45:16,-14.35083333333333370044708014
2019-03-24 06:45:18,-14.35166666666666686798710846
2019-03-24 06:45:20,-14.36066666666666661692867516
2019-03-24 06:45:23,-14.36349999999999986025992863
2019-03-24 06:45:25,-14.35616666666666644639841858
2019-03-24 06:45:27,-14.35866666666666654113745001
2019-03-24 06:45:29,-14.35999999999999972762528462
2019-03-24 06:45:31,-14.36749999999999971578290570
2019-03-24 06:45:34,-14.35899999999999998578914528
2019-03-24 06:45:36,-14.34999999999999994078810536
2019-03-24 06:45:38,-14.35266666666666660982324781
2019-03-24 06:45:40,-14.35566666666666672351008553
2019-03-24 06:45:43,-14.35616666666666674245789182
2019-03-24 06:45:45,-14.35950000000000000473695157
2019-03-24 06:45:47,-14.36649999999999997394676636
2019-03-24 06:45:49,-14.36649999999999997394676636
2019-03-24 06:45:51,-14.35366666666666664771886038
2019-03-24 06:45:54,-14.34016666666666643218756387
2019-03-24 06:45:56,-14.33133333333333325754210819
2019-03-24 06:45:58,-14.32683333333333338307132484
2019-03-24 06:46:00,-14.34249999999999995263048429
2019-03-24 06:46:02,-14.34016666666666672824703710
2019-03-24 06:46:05,-14.35083333333333340438760691
2019-03-24 06:46:07,-14.34216666666666680403826225
2019-03-24 06:46:09,-14.33833333333333352281139620
2019-03-24 06:46:11,-14.35266666666666690588272104
2019-03-24 06:46:14,-14.33383333333333364834061286
2019-03-24 06:46:16,-14.33366666666666677798502860
2019-03-24 06:46:18,-14.29083333333333349912663834
2019-03-24 06:46:20,-14.30816666666666699588480090
2019-03-24 06:46:22,-14.32783333333333342096693741
2019-03-24 06:46:25,-14.29933333333333322912039876
2019-03-24 06:46:27,-14.30233333333333304674776324
2019-03-24 06:46:29,-14.30049999999999984131212235
2019-03-24 06:46:31,-14.34983333333333307043252110
2019-03-24 06:46:34,-14.34083333333333302543148117
2019-03-24 06:46:36,-14.32566666666666647482012801
2019-03-24 06:46:38,-14.33949999999999983894364656
2019-03-24 06:46:40,-14.34649999999999980815346134
2019-03-24 06:46:42,-14.35316666666666633271158086
2019-03-24 06:46:45,-14.34866666666666645824079751
2019-03-24 06:46:47,-14.34816666666666643929299122
2019-03-24 06:46:49,-14.34516666666666632560615350
2019-03-24 06:46:51,-14.35233333333333316517155254
2019-03-24 06:46:53,-14.34366666666666656482220787
2019-03-24 06:46:56,-14.33000000000000007105427358
2019-03-24 06:46:58,-14.32850000000000001421085472
2019-03-24 06:47:00,-14.34216666666666650797878901
2019-03-24 06:47:02,-14.34566666666666664061343302
2019-03-24 06:47:05,-14.33783333333333320780411668
2019-03-24 06:47:07,-14.34299999999999997157829057
2019-03-24 06:47:09,-14.35283333333333318411935882
2019-03-24 06:47:11,-14.34999999999999994078810535
2019-03-24 06:47:13,-14.34166666666666678509045596
2019-03-24 06:47:16,-14.33583333333333342807236477
2019-03-24 06:47:18,-14.33033333333333351570596884
2019-03-24 06:47:20,-14.31833333333333335701809119
2019-03-24 06:47:22,-14.31233333333333342570388898
2019-03-24 06:47:25,-14.32549999999999990052401699
2019-03-24 06:47:27,-14.32033333333333313674984310
2019-03-24 06:47:29,-14.30316666666666651034726480
2019-03-24 06:47:31,-14.30433333333333312253898839
2019-03-24 06:47:33,-14.30500000000000001184237893
2019-03-24 06:47:36,-14.30366666666666652929507108
2019-03-24 06:47:38,-14.28183333333333345412559841
2019-03-24 06:47:40,-14.27866666666666676614264967
2019-03-24 06:47:42,-14.30700000000000008763360408
2019-03-24 06:47:44,-14.31550000000000011368683772
2019-03-24 06:47:47,-14.32433333333333328833229340
2019-03-24 06:47:49,-14.32816666666666686561863268
2019-03-24 06:47:51,-14.33449999999999994552505692
2019-03-24 06:47:53,-14.34733333333333327175296290
2019-03-24 06:47:56,-14.35250000000000003552713679
2019-03-24 06:47:58,-14.35266666666666660982324781
2019-03-24 06:48:00,-14.34583333333333321490954404
2019-03-24 06:48:02,-14.34699999999999982710126763
2019-03-24 06:48:04,-14.35383333333333322201497140
2019-03-24 06:48:07,-14.35216666666666659087544152
2019-03-24 06:48:09,-14.34833333333333301358910224
2019-03-24 06:48:11,-14.34983333333333307043252110
2019-03-24 06:48:13,-14.35749999999999992894572642
2019-03-24 06:48:16,-14.36833333333333317938240725
2019-03-24 06:48:18,-14.36916666666666664298190881
2019-03-24 06:48:20,-14.35699999999999990999792014
2019-03-24 06:48:22,-14.34966666666666679219588332
2019-03-24 06:48:24,-14.33850000000000009710750722
2019-03-24 06:48:27,-14.32933333333333347781035627
2019-03-24 06:48:29,-14.32483333333333360333957292
2019-03-24 06:48:31,-14.31266666666666687035558425
2019-03-24 06:48:33,-14.31966666666666683956539904
2019-03-24 06:48:35,-14.32133333333333347070492891
2019-03-24 06:48:38,-14.31400000000000005684341886
2019-03-24 06:48:40,-14.30149999999999987920773492
2019-03-24 06:48:42,-14.29616666666666654113745002
2019-03-24 06:48:44,-14.31449999999999977973175192
2019-03-24 06:48:47,-14.30533333333333316043460096
2019-03-24 06:48:49,-14.30766666666666638481804815
2019-03-24 06:48:51,-14.32283333333333323148887454
2019-03-24 06:48:53,-14.33099999999999981289041292
2019-03-24 06:48:55,-14.33199999999999985078602549
2019-03-24 06:48:58,-14.32133333333333317464545568
2019-03-24 06:49:00,-14.33416666666666650087336166
2019-03-24 06:49:02,-14.32916666666666660745477202
2019-03-24 06:49:04,-14.31966666666666654350592580
2019-03-24 06:49:07,-14.33100000000000010894988615
2019-03-24 06:49:09,-14.32749999999999997631524214
2019-03-24 06:49:11,-14.33050000000000009000207986
2019-03-24 06:49:13,-14.32866666666666688456643897
2019-03-24 06:49:15,-14.34433333333333345412559841
2019-03-24 06:49:18,-14.35283333333333348017883206
2019-03-24 06:49:20,-14.35099999999999997868371793
2019-03-24 06:49:22,-14.34716666666666669745685188
2019-03-24 06:49:24,-14.34566666666666664061343302
2019-03-24 06:49:27,-14.35166666666666657192763523
2019-03-24 06:49:29,-14.33666666666666659561239309
2019-03-24 06:49:31,-14.33116666666666668324599717
2019-03-24 06:49:33,-14.33266666666666674008941603
2019-03-24 06:49:35,-14.34233333333333337833437326
2019-03-24 06:49:38,-14.33950000000000013500311979
2019-03-24 06:49:40,-14.33950000000000013500311979
2019-03-24 06:49:42,-14.34066666666666674719484338
2019-03-24 06:49:44,-14.33833333333333322675192297
2019-03-24 06:49:46,-14.34333333333333312017051260
2019-03-24 06:49:49,-14.35283333333333318411935882
2019-03-24 06:49:51,-14.35499999999999983420669499
2019-03-24 06:49:53,-14.35749999999999992894572642
2019-03-24 06:49:55,-14.36416666666666674956331917
2019-03-24 06:49:58,-14.37783333333333353939072670
2019-03-24 06:50:00,-14.36666666666666714036182384
2019-03-24 06:50:02,-14.35450000000000040737783517
2019-03-24 06:50:04,-14.36216666666666696983156726
2019-03-24 06:50:06,-14.35183333333333344228321948
2019-03-24 06:50:09,-14.34850000000000018000415973
2019-03-24 06:50:11,-14.34550000000000006631732200
2019-03-24 06:50:13,-14.35416666666666666666666667
2019-03-24 06:50:15,-14.35849999999999996684133900
2019-03-24 06:50:18,-14.35016666666666681114368960
2019-03-24 06:50:20,-14.35300000000000035053441631
2019-03-24 06:50:22,-14.35333333333333349912663834
2019-03-24 06:50:24,-14.36716666666666686325015689
2019-03-24 06:50:26,-14.38033333333333333807028490
2019-03-24 06:50:29,-14.38333333333333345175712263
2019-03-24 06:50:31,-14.38666666666666671403618238
2019-03-24 06:50:33,-14.38599999999999982473279184
2019-03-24 06:50:35,-14.38799999999999990052401699
2019-03-24 06:50:37,-14.37066666666666669982532767
2019-03-24 06:50:40,-14.35133333333333342333541320
2019-03-24 06:50:42,-14.34833333333333330964857547
2019-03-24 06:50:44,-14.34766666666666671640465817
2019-03-24 06:50:46,-14.34616666666666695562071254
2019-03-24 06:50:49,-14.33933333333333356070700878
2019-03-24 06:50:51,-14.33333333333333333333333333
2019-03-24 06:50:53,-14.33449999999999994552505692
2019-03-24 06:50:55,-14.33533333333333340912455848
2019-03-24 06:50:57,-14.33166666666666670219380346
2019-03-24 06:51:00,-14.32799999999999999526304843
2019-03-24 06:51:02,-14.33766666666666663350800567
2019-03-24 06:51:04,-14.34600000000000008526512829
2019-03-24 06:51:06,-14.34366666666666686088168111
2019-03-24 06:51:09,-14.34483333333333347307340470
2019-03-24 06:51:11,-14.34000000000000015395092608
2019-03-24 06:51:13,-14.33883333333333354175920249
2019-03-24 06:51:15,-14.33116666666666697930547040
2019-03-24 06:51:17,-14.32766666666666684667082639
2019-03-24 06:51:20,-14.32550000000000019658349023
2019-03-24 06:51:22,-14.31783333333333333807028490
2019-03-24 06:51:24,-14.32033333333333313674984310
2019-03-24 06:51:26,-14.32533333333333303016843274
2019-03-24 06:51:28,-14.33333333333333303727386010
2019-03-24 06:51:31,-14.32566666666666647482012801
2019-03-24 06:51:33,-14.32883333333333316280307675
2019-03-24 06:51:35,-14.33666666666666659561239309
2019-03-24 06:51:37,-14.34683333333333325280515661
2019-03-24 06:51:40,-14.34616666666666665956123931
2019-03-24 06:51:42,-14.33033333333333321964649561
2019-03-24 06:51:44,-14.33549999999999998342066950
2019-03-24 06:51:46,-14.34483333333333317701393146
2019-03-24 06:51:48,-14.34183333333333306332709374
2019-03-24 06:51:51,-14.34399999999999971341442991
2019-03-24 06:51:53,-14.33866666666666637534414500
2019-03-24 06:51:55,-14.34549999999999977025784877
2019-03-24 06:51:57,-14.34799999999999956893740697
2019-03-24 06:52:00,-14.34466666666666630665834722
2019-03-24 06:52:02,-14.34449999999999973236223620
2019-03-24 06:52:04,-14.34049999999999987683925914
2019-03-24 06:52:06,-14.34983333333333307043252110
2019-03-24 06:52:08,-14.35533333333333298279891702
2019-03-24 06:52:11,-14.35133333333333312727593996
2019-03-24 06:52:13,-14.35666666666666646534622487
2019-03-24 06:52:15,-14.36683333333333312253898839
2019-03-24 06:52:17,-14.36316666666666641560823337
2019-03-24 06:52:20,-14.35916666666666656008525630
2019-03-24 06:52:22,-14.35866666666666654113745002
2019-03-24 06:52:24,-14.35266666666666660982324781
2019-03-24 06:52:26,-14.35116666666666655297982895
2019-03-24 06:52:28,-14.34916666666666647718860380
2019-03-24 06:52:31,-14.36216666666666637771262079
2019-03-24 06:52:33,-14.36516666666666619533998528
2019-03-24 06:52:35,-14.36583333333333308464337582
2019-03-24 06:52:37,-14.37066666666666640376585444
2019-03-24 06:52:39,-14.35799999999999994789353271
2019-03-24 06:52:42,-14.35049999999999995973591164
2019-03-24 06:52:44,-14.34233333333333337833437327
2019-03-24 06:52:46,-14.34700000000000012316074087
2019-03-24 06:52:48,-14.34899999999999990289249278
2019-03-24 06:52:51,-14.35216666666666659087544152
2019-03-24 06:52:53,-14.35166666666666657192763523
2019-03-24 06:52:55,-14.35466666666666668561447295
2019-03-24 06:52:57,-14.35633333333333331675400283
2019-03-24 06:52:59,-14.35366666666666664771886038
2019-03-24 06:53:02,-14.35366666666666664771886038
2019-03-24 06:53:04,-14.36283333333333326701601133
2019-03-24 06:53:06,-14.34949999999999992184029907
2019-03-24 06:53:08,-14.34433333333333315806612518
2019-03-24 06:53:11,-14.33933333333333326464753554
2019-03-24 06:53:13,-14.34033333333333330254314812
2019-03-24 06:53:15,-14.33583333333333342807236477
2019-03-24 06:53:17,-14.32383333333333326938448712
2019-03-24 06:53:19,-14.34666666666666638244957236
2019-03-24 06:53:22,-14.34299999999999967551881734
2019-03-24 06:53:24,-14.34366666666666626876273464
2019-03-24 06:53:26,-14.35666666666666616928675163
2019-03-24 06:53:28,-14.36249999999999952630484282
2019-03-24 06:53:30,-14.37083333333333297806196545
2019-03-24 06:53:33,-14.36783333333333316043460096
2019-03-24 06:53:35,-14.37016666666666668087752138
2019-03-24 06:53:37,-14.36599999999999995499896007
2019-03-24 06:53:39,-14.35216666666666659087544152
2019-03-24 06:53:42,-14.34433333333333315806612518
2019-03-24 06:53:44,-14.33133333333333325754210818
2019-03-24 06:53:46,-14.32866666666666658850696573
2019-03-24 06:53:48,-14.33083333333333323859430190
2019-03-24 06:53:50,-14.33316666666666675903722232
2019-03-24 06:53:53,-14.33433333333333366728841914
2019-03-24 06:53:55,-14.33283333333333361044500028
2019-03-24 06:53:57,-14.34333333333333341622998584
2019-03-24 06:53:59,-14.34383333333333343517779212
2019-03-24 06:54:02,-14.34733333333333327175296290
2019-03-24 06:54:04,-14.35833333333333309648575475
2019-03-24 06:54:06,-14.35383333333333292595549816
2019-03-24 06:54:08,-14.35099999999999968262424470
2019-03-24 06:54:10,-14.35783333333333307753794846
2019-03-24 06:54:13,-14.36699999999999969683509941
2019-03-24 06:54:15,-14.36366666666666643455603965
2019-03-24 06:54:17,-14.36033333333333317227697990
2019-03-24 06:54:19,-14.36383333333333330491162390
2019-03-24 06:54:21,-14.37533333333333344465169527
2019-03-24 06:54:24,-14.36816666666666690114576947
2019-03-24 06:54:26,-14.36416666666666674956331917
2019-03-24 06:54:28,-14.37083333333333357018091192
2019-03-24 06:54:30,-14.37150000000000016342482922
2019-03-24 06:54:33,-14.37399999999999996210438743
2019-03-24 06:54:35,-14.36999999999999981052193713
2019-03-24 06:54:37,-14.38033333333333304201081167
2019-03-24 06:54:39,-14.37733333333333322438344718
2019-03-24 06:54:41,-14.36833333333333317938240725
2019-03-24 06:54:44,-14.36050000000000004263256414
2019-03-24 06:54:46,-14.35383333333333351807444463
2019-03-24 06:54:48,-14.35066666666666683009149589
2019-03-24 06:54:50,-14.34266666666666682298606853
2019-03-24 06:54:53,-14.34750000000000014210854715
2019-03-24 06:54:55,-14.36183333333333352517987199
2019-03-24 06:54:57,-14.35816666666666681824911696
2019-03-24 06:54:59,-14.37083333333333357018091192
2019-03-24 06:55:01,-14.36966666666666695798918833
2019-03-24 06:55:04,-14.35766666666666709536078391
2019-03-24 06:55:06,-14.34766666666666701246413140
2019-03-24 06:55:08,-14.33966666666666700535870404
2019-03-24 06:55:10,-14.34983333333333366255146757
2019-03-24 06:55:12,-14.34316666666666684193387482
2019-03-24 06:55:15,-14.35600000000000016816178080
2019-03-24 06:55:17,-14.37399999999999996210438743
2019-03-24 06:55:19,-14.38300000000000000710542736
2019-03-24 06:55:21,-14.38133333333333337596589748
2019-03-24 06:55:24,-14.38300000000000000710542736
2019-03-24 06:55:26,-14.38949999999999995736743586
2019-03-24 06:55:28,-14.37783333333333324333125347
2019-03-24 06:55:30,-14.37616666666666661219172360
2019-03-24 06:55:32,-14.37766666666666666903514246
2019-03-24 06:55:35,-14.38249999999999998815762107
2019-03-24 06:55:37,-14.37383333333333338780827641
2019-03-24 06:55:39,-14.36783333333333345649407420
2019-03-24 06:55:41,-14.36750000000000030790185216
2019-03-24 06:55:44,-14.36700000000000028895404587
2019-03-24 06:55:46,-14.35166666666666686798710846
2019-03-24 06:55:48,-14.34500000000000004736951572
2019-03-24 06:55:50,-14.34733333333333327175296290
2019-03-24 06:55:52,-14.34716666666666669745685188
2019-03-24 06:55:55,-14.35599999999999987210230756
2019-03-24 06:55:57,-14.35499999999999983420669499
2019-03-24 06:55:59,-14.36599999999999995499896007
2019-03-24 06:56:01,-14.36649999999999997394676636
2019-03-24 06:56:03,-14.37433333333333340675608270
2019-03-24 06:56:06,-14.37449999999999998105219371
2019-03-24 06:56:08,-14.37616666666666661219172359
2019-03-24 06:56:10,-14.37399999999999996210438743
2019-03-24 06:56:12,-14.37449999999999998105219372
2019-03-24 06:56:15,-14.37533333333333344465169527
2019-03-24 06:56:17,-14.36850000000000004973799150
2019-03-24 06:56:19,-14.36800000000000003079018522
2019-03-24 06:56:21,-14.35983333333333344938864684
2019-03-24 06:56:23,-14.35150000000000029369099745
2019-03-24 06:56:26,-14.34400000000000030553337638
2019-03-24 06:56:28,-14.33750000000000005921189465
2019-03-24 06:56:30,-14.33066666666666666429819088
2019-03-24 06:56:32,-14.33783333333333350386358992
2019-03-24 06:56:35,-14.34783333333333358676024242
2019-03-24 06:56:37,-14.35650000000000018710958708
2019-03-24 06:56:39,-14.36300000000000013737159558
2019-03-24 06:56:41,-14.37616666666666690825119682
2019-03-24 06:56:43,-14.39066666666666686561863268
2019-03-24 06:56:46,-14.38783333333333332622790598
2019-03-24 06:56:48,-14.38416666666666661929715095
2019-03-24 06:56:50,-14.38649999999999984368059813
2019-03-24 06:56:52,-14.38766666666666645587232172
2019-03-24 06:56:55,-14.38349999999999972999376041
2019-03-24 06:56:57,-14.37983333333333302306300538
2019-03-24 06:56:59,-14.40833333333333321490954404
2019-03-24 06:57:01,-14.40366666666666647008317644
2019-03-24 06:57:03,-14.39266666666666664535038460
2019-03-24 06:57:06,-14.37666666666666663113952988
2019-03-24 06:57:08,-14.37633333333333348254730784
2019-03-24 06:57:10,-14.36983333333333353228529935
2019-03-24 06:57:12,-14.35950000000000000473695157
2019-03-24 06:57:14,-14.35983333333333344938864684
2019-03-24 06:57:17,-14.36200000000000009947598301
2019-03-24 06:57:19,-14.37399999999999996210438743
2019-03-24 06:57:21,-14.37466666666666655534830473
2019-03-24 06:57:23,-14.38033333333333333807028490
2019-03-24 06:57:26,-14.35933333333333343044084055
2019-03-24 06:57:28,-14.36549999999999993605115378
2019-03-24 06:57:30,-14.35583333333333329780619654
2019-03-24 06:57:32,-14.35600000000000016816178080
2019-03-24 06:57:34,-14.34916666666666677324807703
2019-03-24 06:57:37,-14.32666666666666680877521382
2019-03-24 06:57:39,-14.32266666666666665719276352
2019-03-24 06:57:41,-14.31416666666666663113952988
2019-03-24 06:57:43,-14.32050000000000000710542736
2019-03-24 06:57:46,-14.32033333333333313674984311
2019-03-24 06:57:48,-14.33333333333333303727386010
2019-03-24 06:57:50,-14.35766666666666620718236421
2019-03-24 06:57:52,-14.35666666666666646534622487
2019-03-24 06:57:54,-14.35083333333333310832813368
2019-03-24 06:57:57,-14.36416666666666615744437270
2019-03-24 06:57:59,-14.37616666666666631613225036
2019-03-24 06:58:01,-14.36966666666666636587024186
2019-03-24 06:58:03,-14.36333333333333328596381762
2019-03-24 06:58:05,-14.36866666666666662403410252
2019-03-24 06:58:08,-14.38400000000000004500103993
2019-03-24 06:58:10,-14.38566666666666697220004304
2019-03-24 06:58:12,-14.36700000000000028895404588
2019-03-24 06:58:14,-14.36500000000000050922229396
2019-03-24 06:58:17,-14.37933333333333359623414557
2019-03-24 06:58:19,-14.38350000000000002605323365
2019-03-24 06:58:21,-14.37916666666666672587856132
2019-03-24 06:58:23,-14.37333333333333336886047012
2019-03-24 06:58:25,-14.38749999999999988157621071
2019-03-24 06:58:28,-14.39716666666666651982116794
2019-03-24 06:58:30,-14.39233333333333320069868932
2019-03-24 06:58:32,-14.38516666666666665719276352
2019-03-24 06:58:34,-14.37750000000000009473903144
2019-03-24 06:58:37,-14.37399999999999996210438743
2019-03-24 06:58:39,-14.37600000000000003789561257
2019-03-24 06:58:41,-14.37033333333333325517363240
2019-03-24 06:58:43,-14.35933333333333343044084055
2019-03-24 06:58:45,-14.36233333333333354412767828
2019-03-24 06:58:48,-14.36133333333333350623206570
2019-03-24 06:58:50,-14.36316666666666700772717983
2019-03-24 06:58:52,-14.39833333333333372413183800
2019-03-24 06:58:54,-14.38916666666666710483468705
2019-03-24 06:58:56,-14.38650000000000043579954460
2019-03-24 06:58:59,-14.37883333333333357728633928
2019-03-24 06:59:01,-14.38300000000000030316490059
2019-03-24 06:59:03,-14.37883333333333357728633928
2019-03-24 06:59:05,-14.32883333333333345886254998
2019-03-24 06:59:08,-14.34433333333333345412559841
2019-03-24 06:59:10,-14.34616666666666665956123931
2019-03-24 06:59:12,-14.34800000000000016105635344
2019-03-24 06:59:14,-14.34566666666666664061343302
2019-03-24 06:59:16,-14.34749999999999984604907392
2019-03-24 06:59:19,-14.36233333333333324806820504
2019-03-24 06:59:21,-14.35516666666666670456227924
2019-03-24 06:59:23,-14.35650000000000018710958708
2019-03-24 06:59:25,-14.35700000000000020605739337
2019-03-24 06:59:28,-14.36100000000000035763984366
2019-03-24 06:59:30,-14.36533333333333365781451600
2019-03-24 06:59:32,-14.35333333333333379518611158
2019-03-24 06:59:34,-14.34583333333333351096901728
2019-03-24 06:59:36,-14.35066666666666683009149589
2019-03-24 06:59:39,-14.35333333333333349912663834
2019-03-24 06:59:41,-14.34133333333333334043876069
2019-03-24 06:59:43,-14.34316666666666684193387482
2019-03-24 06:59:45,-14.34733333333333356781243614
2019-03-24 06:59:47,-14.34133333333333363649823392
2019-03-24 06:59:50,-14.35416666666666696272613990
2019-03-24 06:59:52,-14.34883333333333362465585500
2019-03-24 06:59:54,-14.35433333333333353702225092
2019-03-24 06:59:56,-14.35166666666666686798710847
2019-03-24 06:59:59,-14.33666666666666659561239309
2019-03-24 07:00:01,-14.34116666666666676614264967
2019-03-24 07:00:03,-14.31933333333333339491370376
2019-03-24 07:00:05,-14.34099999999999989578706542
2019-03-24 07:00:07,-14.32516666666666675193179496
2019-03-24 07:00:10,-14.30850000000000014447702294
2019-03-24 07:00:12,-14.31833333333333365307756442
2019-03-24 07:00:14,-14.31150000000000025816386066
2019-03-24 07:00:16,-14.31133333333333368386774964
2019-03-24 07:00:19,-14.27750000000000045001039931
2019-03-24 07:00:21,-14.29816666666666720904762163
2019-03-24 07:00:23,-14.30350000000000054711790654
2019-03-24 07:00:25,-14.31616666666666729904970149
2019-03-24 07:00:27,-14.32883333333333405098149645
2019-03-24 07:00:30,-14.33833333333333381887086944
2019-03-24 07:00:32,-14.36016666666666719009981534
2019-03-24 07:00:34,-14.35266666666666690588272104
2019-03-24 07:00:36,-14.35083333333333340438760691
2019-03-24 07:00:39,-14.33899999999999981999584028
2019-03-24 07:00:41,-14.33333333333333303727386010
2019-03-24 07:00:43,-14.33266666666666644402994280
2019-03-24 07:00:45,-14.33816666666666635639633872
2019-03-24 07:00:47,-14.34749999999999984604907392
2019-03-24 07:00:50,-14.35699999999999990999792014
2019-03-24 07:00:52,-14.35766666666666679930131068
2019-03-24 07:00:54,-14.37116666666666671877313396
2019-03-24 07:00:56,-14.37200000000000018237263551
2019-03-24 07:00:58,-14.35816666666666681824911696
2019-03-24 07:01:01,-14.35550000000000014921397451
2019-03-24 07:01:03,-14.36200000000000009947598300
2019-03-24 07:01:05,-14.35883333333333341149303426
2019-03-24 07:01:07,-14.35466666666666668561447295
2019-03-24 07:01:10,-14.34716666666666669745685188
2019-03-24 07:01:12,-14.35383333333333351807444463
2019-03-24 07:01:14,-14.34833333333333360570804871
2019-03-24 07:01:16,-14.33816666666666694851528518
2019-03-24 07:01:18,-14.34450000000000032448118266
2019-03-24 07:01:21,-14.33400000000000051869619710
2019-03-24 07:01:23,-14.33100000000000040500935938
2019-03-24 07:01:25,-14.32133333333333347070492891
2019-03-24 07:01:27,-14.32100000000000002605323364
2019-03-24 07:01:30,-14.32316666666666667614056981
2019-03-24 07:01:32,-14.31866666666666650561031323
2019-03-24 07:01:34,-14.35066666666666653403202266
2019-03-24 07:01:36,-14.34816666666666643929299122
2019-03-24 07:01:38,-14.34233333333333337833437326
2019-03-24 07:01:41,-14.34850000000000018000415973
2019-03-24 07:01:43,-14.33333333333333362939280657
2019-03-24 07:01:45,-14.32916666666666690351424525
2019-03-24 07:01:47,-14.29783333333333346833645313
2019-03-24 07:01:49,-14.30966666666666675666874653
2019-03-24 07:01:52,-14.34500000000000004736951572
2019-03-24 07:01:54,-14.33299999999999988868163806
2019-03-24 07:01:56,-14.32683333333333308701185160
2019-03-24 07:01:58,-14.31766666666666646771470065
2019-03-24 07:02:01,-14.33183333333333327648991447
2019-03-24 07:02:03,-14.34050000000000017289873237
2019-03-24 07:02:05,-14.32866666666666688456643897
2019-03-24 07:02:07,-14.33550000000000027948014273
2019-03-24 07:02:09,-14.35500000000000042632564146
2019-03-24 07:02:12,-14.35566666666666731562903199
2019-03-24 07:02:14,-14.35833333333333398466417445
2019-03-24 07:02:16,-14.34116666666666735826159614
2019-03-24 07:02:18,-14.33083333333333383071324837
2019-03-24 07:02:21,-14.34983333333333366255146757
2019-03-24 07:02:23,-14.35533333333333357491786349
2019-03-24 07:02:25,-14.39016666666666684667082640
2019-03-24 07:02:27,-14.38416666666666661929715095
2019-03-24 07:02:29,-14.39083333333333314385527046
2019-03-24 07:02:32,-14.38300000000000000710542736
2019-03-24 07:02:34,-14.36450000000000019421501444
2019-03-24 07:02:36,-14.35300000000000005447494308
2019-03-24 07:02:38,-14.33416666666666650087336166
2019-03-24 07:02:40,-14.31833333333333335701809119
2019-03-24 07:02:43,-14.31566666666666668798294874
2019-03-24 07:02:45,-14.31333333333333316754002832
2019-03-24 07:02:47,-14.32216666666666634218548400
2019-03-24 07:02:49,-14.31933333333333309885423053
2019-03-24 07:02:52,-14.30916666666666644166146701
2019-03-24 07:02:54,-14.31233333333333312964441575
2019-03-24 07:02:56,-14.31449999999999977973175192
2019-03-24 07:02:58,-14.32283333333333323148887454
2019-03-24 07:03:00,-14.32599999999999991947182328
2019-03-24 07:03:03,-14.34483333333333317701393146
2019-03-24 07:03:05,-14.36316666666666671166770660
2019-03-24 07:03:07,-14.37049999999999982946974342
2019-03-24 07:03:09,-14.36183333333333322912039876
2019-03-24 07:03:12,-14.35616666666666644639841858
2019-03-24 07:03:14,-14.34883333333333332859638176
2019-03-24 07:03:16,-14.33416666666666679693283489
2019-03-24 07:03:18,-14.31949999999999996920981478
2019-03-24 07:03:20,-14.31400000000000005684341886
2019-03-24 07:03:23,-14.31383333333333348254730784
2019-03-24 07:03:25,-14.30633333333333349438968677
2019-03-24 07:03:27,-14.31683333333333330017467233
2019-03-24 07:03:29,-14.32416666666666671403618238
2019-03-24 07:03:32,-14.32133333333333347070492891
2019-03-24 07:03:34,-14.33250000000000016579330501
2019-03-24 07:03:36,-14.34450000000000002842170943
2019-03-24 07:03:38,-14.35116666666666684903930218
2019-03-24 07:03:40,-14.32766666666666684667082639
2019-03-24 07:03:43,-14.33116666666666668324599717
2019-03-24 07:03:45,-14.33933333333333326464753554
2019-03-24 07:03:47,-14.34083333333333332149095440
2019-03-24 07:03:49,-14.32983333333333320069868932
2019-03-24 07:03:51,-14.33083333333333294253482866
2019-03-24 07:03:54,-14.34483333333333288095445823
2019-03-24 07:03:56,-14.34066666666666615507589692
2019-03-24 07:03:58,-14.33266666666666614797046956
2019-03-24 07:04:00,-14.32533333333333273410895951
2019-03-24 07:04:03,-14.33383333333333276016219316
2019-03-24 07:04:05,-14.33066666666666636823871765
2019-03-24 07:04:07,-14.33399999999999992657725064
2019-03-24 07:04:09,-14.33183333333333327648991447
2019-03-24 07:04:11,-14.33499999999999996447286321
2019-03-24 07:04:14,-14.33816666666666665245581195
2019-03-24 07:04:16,-14.33100000000000010894988615
2019-03-24 07:04:18,-14.34216666666666650797878901
2019-03-24 07:04:20,-14.34233333333333308227490003
2019-03-24 07:04:23,-14.34733333333333327175296290
2019-03-24 07:04:25,-14.36200000000000009947598301
2019-03-24 07:04:27,-14.36500000000000021316282073
2019-03-24 07:04:29,-14.36516666666666678745893175
2019-03-24 07:04:31,-14.35750000000000022500519966
2019-03-24 07:04:34,-14.34566666666666693667290626
2019-03-24 07:04:36,-14.33683333333333346596797734
2019-03-24 07:04:38,-14.31116666666666681351216539
2019-03-24 07:04:40,-14.29216666666666668561447296
2019-03-24 07:04:42,-14.29599999999999996684133900
2019-03-24 07:04:45,-14.29616666666666654113745002
2019-03-24 07:04:47,-14.30016666666666639666042708
2019-03-24 07:04:49,-14.30349999999999965893948684
2019-03-24 07:04:51,-14.31549999999999952156789126
2019-03-24 07:04:54,-14.32666666666666621665626735
2019-03-24 07:04:56,-14.32749999999999968025576891
2019-03-24 07:04:58,-14.31999999999999969209814784
2019-03-24 07:05:00,-14.31499999999999979867955820
2019-03-24 07:05:02,-14.31516666666666666903514246
2019-03-24 07:05:05,-14.31283333333333344465169527
2019-03-24 07:05:07,-14.30366666666666682535454432
2019-03-24 07:05:09,-14.30133333333333360097109714
2019-03-24 07:05:11,-14.32083333333333374781659586
2019-03-24 07:05:14,-14.32483333333333360333957292
2019-03-24 07:05:16,-14.31400000000000005684341886
2019-03-24 07:05:18,-14.31250000000000000000000000
2019-03-24 07:05:20,-14.31766666666666646771470065
2019-03-24 07:05:22,-14.32616666666666619770846106
2019-03-24 07:05:25,-14.30983333333333273884591108
2019-03-24 07:05:27,-14.30683333333333292121854659
2019-03-24 07:05:29,-14.32599999999999962341235005
2019-03-24 07:05:31,-14.34166666666666619297150949
2019-03-24 07:05:33,-14.34766666666666642034518494
2019-03-24 07:05:36,-14.33683333333333316990850411
2019-03-24 07:05:38,-14.33999999999999985789145285
2019-03-24 07:05:40,-14.34749999999999984604907392
2019-03-24 07:05:42,-14.35066666666666653403202266
2019-03-24 07:05:45,-14.33700000000000004026408836
2019-03-24 07:05:47,-14.33533333333333340912455848
2019-03-24 07:05:49,-14.33683333333333346596797734
2019-03-24 07:05:51,-14.34666666666666697456851883
2019-03-24 07:05:53,-14.33683333333333346596797734
2019-03-24 07:05:56,-14.32366666666666699114784933
2019-03-24 07:05:58,-14.33533333333333370518403171
2019-03-24 07:06:00,-14.32300000000000010184445879
2019-03-24 07:06:02,-14.31916666666666682061759275
2019-03-24 07:06:05,-14.32083333333333345175712263
2019-03-24 07:06:07,-14.32366666666666699114784933
2019-03-24 07:06:09,-14.33000000000000007105427358
2019-03-24 07:06:11,-14.32900000000000003315866100
2019-03-24 07:06:13,-14.34200000000000022974215123
2019-03-24 07:06:16,-14.34483333333333347307340470
2019-03-24 07:06:18,-14.33666666666666659561239309
2019-03-24 07:06:20,-14.34516666666666662166562674
2019-03-24 07:06:22,-14.33616666666666687272406004
