Date/Time (UTC), Reading
2017-10-23 00:35:01.86,359.4865
2017-10-23 00:35:03.76,359.2848333
2017-10-23 00:35:05.65,359.366
2017-10-23 00:35:07.56,359.4828333
2017-10-23 00:35:09.45,359.3761667
2017-10-23 00:35:11.35,359.2951667
2017-10-23 00:35:13.25,359.4228333
2017-10-23 00:35:15.15,359.2856667
2017-10-23 00:35:17.05,359.1168333
2017-10-23 00:35:18.94,358.9898333
2017-10-23 00:35:20.84,359.0355
2017-10-23 00:35:22.74,359.0606667
2017-10-23 00:35:24.64,358.9858333
2017-10-23 00:35:26.54,359.0978333
2017-10-23 00:35:28.44,359.237
2017-10-23 00:35:30.33,359.3101667
2017-10-23 00:35:32.24,359.4011667
2017-10-23 00:35:34.13,359.4471667
2017-10-23 00:35:36.03,359.7283333
2017-10-23 00:35:37.93,359.761
2017-10-23 00:35:39.83,359.8406667
2017-10-23 00:35:41.73,360.030
2017-10-23 00:35:43.63,360.0598333
2017-10-23 00:35:45.52,360.181
2017-10-23 00:35:47.42,360.1403333
2017-10-23 00:35:49.32,360.3465
2017-10-23 00:35:51.22,360.403
2017-10-23 00:35:53.12,360.3166667
2017-10-23 00:35:55.01,360.3621667
2017-10-23 00:35:56.91,360.2431667
2017-10-23 00:35:58.81,360.154
2017-10-23 00:36:00.71,360.0236667
2017-10-23 00:36:02.61,359.8858333
2017-10-23 00:36:04.51,359.9286667
2017-10-23 00:36:06.41,360.0031667
2017-10-23 00:36:08.31,360.0845
2017-10-23 00:36:10.20,360.201
2017-10-23 00:36:12.10,360.2971667
2017-10-23 00:36:14.00,360.5928333
2017-10-23 00:36:15.90,360.847
2017-10-23 00:36:17.80,360.8748333
2017-10-23 00:36:19.70,360.8261667
2017-10-23 00:36:21.59,360.8703333
2017-10-23 00:36:23.50,360.6326667
2017-10-23 00:36:25.39,360.5128333
2017-10-23 00:36:27.29,360.290
2017-10-23 00:36:29.19,360.0345
2017-10-23 00:36:31.09,360.0331667
2017-10-23 00:36:32.99,360.1328333
2017-10-23 00:36:34.88,360.5618333
2017-10-23 00:36:36.78,360.4508333
2017-10-23 00:36:38.68,360.4733333
2017-10-23 00:36:40.58,360.2998333
2017-10-23 00:36:42.48,360.1108333
2017-10-23 00:36:44.38,359.8186667
2017-10-23 00:36:46.27,359.518
2017-10-23 00:36:48.18,359.5895
2017-10-23 00:36:50.07,359.4538333
2017-10-23 00:36:51.97,359.4088333
2017-10-23 00:36:53.87,359.5646667
2017-10-23 00:36:55.77,359.699
2017-10-23 00:36:57.67,359.7636667
2017-10-23 00:36:59.57,359.6253333
2017-10-23 00:37:01.46,359.7245
2017-10-23 00:37:03.36,360.111
2017-10-23 00:37:05.26,360.1331667
2017-10-23 00:37:07.16,360.176
2017-10-23 00:37:09.06,360.0091667
2017-10-23 00:37:10.95,360.0106667
2017-10-23 00:37:12.86,359.9151667
2017-10-23 00:37:14.75,359.6646667
2017-10-23 00:37:16.65,359.571
2017-10-23 00:37:18.55,359.4811667
2017-10-23 00:37:20.45,359.3901667
2017-10-23 00:37:22.35,359.3666667
2017-10-23 00:37:24.25,359.2431667
2017-10-23 00:37:26.14,359.1785
2017-10-23 00:37:28.04,359.2586667
2017-10-23 00:37:29.94,359.3543333
2017-10-23 00:37:31.84,359.5525
2017-10-23 00:37:33.74,359.624
2017-10-23 00:37:35.64,359.7751667
2017-10-23 00:37:37.54,359.9023333
2017-10-23 00:37:39.43,360.1356667
2017-10-23 00:37:41.33,360.0416667
2017-10-23 00:37:43.23,360.1535
2017-10-23 00:37:45.13,360.0806667
2017-10-23 00:37:47.03,360.119
2017-10-23 00:37:48.93,360.4601667
2017-10-23 00:37:50.82,360.336
2017-10-23 00:37:52.72,360.4036667
2017-10-23 00:37:54.63,360.4513333
2017-10-23 00:37:56.52,360.5295
2017-10-23 00:37:58.42,360.3168333
2017-10-23 00:38:00.32,360.0726667
2017-10-23 00:38:02.22,359.9493333
2017-10-23 00:38:04.12,359.809
2017-10-23 00:38:06.01,359.6653333
2017-10-23 00:38:07.91,359.5256667
2017-10-23 00:38:09.81,359.7611667
2017-10-23 00:38:11.71,359.3966667
2017-10-23 00:38:13.61,359.2363333
2017-10-23 00:38:15.50,359.0823333
2017-10-23 00:38:17.40,358.7845
2017-10-23 00:38:19.30,358.9103333
2017-10-23 00:38:21.20,358.913
2017-10-23 00:38:23.10,359.0773333
2017-10-23 00:38:25.00,359.0503333
2017-10-23 00:38:26.90,359.104
2017-10-23 00:38:28.80,359.4138333
2017-10-23 00:38:30.69,359.3238333
2017-10-23 00:38:32.59,359.175
2017-10-23 00:38:34.49,359.3121667
2017-10-23 00:38:36.39,359.8996667
2017-10-23 00:38:38.29,360.1803333
2017-10-23 00:38:40.19,360.2503333
2017-10-23 00:38:42.08,360.3075
2017-10-23 00:38:43.98,360.4263333
2017-10-23 00:38:45.88,360.387
2017-10-23 00:38:47.78,359.951
2017-10-23 00:38:49.68,360.0075
2017-10-23 00:38:51.58,359.8235
2017-10-23 00:38:53.48,359.8201667
2017-10-23 00:38:55.37,359.7798333
2017-10-23 00:38:57.27,359.7986667
2017-10-23 00:38:59.17,359.7468333
2017-10-23 00:39:01.07,359.6353333
2017-10-23 00:39:02.97,359.7861667
2017-10-23 00:39:04.87,359.688
2017-10-23 00:39:06.76,359.4706667
2017-10-23 00:39:08.66,359.4423333
2017-10-23 00:39:10.56,359.914
2017-10-23 00:39:12.46,360.1313333
2017-10-23 00:39:14.36,360.2211667
2017-10-23 00:39:16.26,360.5061667
2017-10-23 00:39:18.16,360.9726667
2017-10-23 00:39:20.06,361.049
2017-10-23 00:39:21.95,360.5988333
2017-10-23 00:39:23.85,360.2918333
2017-10-23 00:39:25.75,360.1253333
2017-10-23 00:39:27.65,360.0015
2017-10-23 00:39:29.55,359.736
2017-10-23 00:39:31.45,359.8328333
2017-10-23 00:39:33.34,360.1745
2017-10-23 00:39:35.24,360.3933333
2017-10-23 00:39:37.14,360.5745
2017-10-23 00:39:39.04,360.4051667
2017-10-23 00:39:40.94,360.3625
2017-10-23 00:39:42.84,360.2601667
2017-10-23 00:39:44.74,360.2541667
2017-10-23 00:39:46.63,360.0768333
2017-10-23 00:39:48.53,360.0836667
2017-10-23 00:39:50.43,360.3608333
2017-10-23 00:39:52.33,360.4128333
2017-10-23 00:39:54.23,360.4993333
2017-10-23 00:39:56.13,360.3785
2017-10-23 00:39:58.02,360.5006667
2017-10-23 00:39:59.93,360.4201667
2017-10-23 00:40:01.82,360.2221667
2017-10-23 00:40:03.72,360.283
2017-10-23 00:40:05.62,360.0721667
2017-10-23 00:40:07.52,360.0683333
2017-10-23 00:40:09.42,359.9295
2017-10-23 00:40:11.31,359.9821667
2017-10-23 00:40:13.21,359.7955
2017-10-23 00:40:15.11,359.2526667
2017-10-23 00:40:17.01,359.4515
2017-10-23 00:40:18.91,359.3441667
2017-10-23 00:40:20.81,359.4748333
2017-10-23 00:40:22.70,359.5481667
2017-10-23 00:40:24.61,360.079
2017-10-23 00:40:26.50,361.051
2017-10-23 00:40:28.40,361.249
2017-10-23 00:40:30.30,361.5015
2017-10-23 00:40:32.20,361.4706667
2017-10-23 00:40:34.10,361.411
2017-10-23 00:40:36.00,361.4398333
2017-10-23 00:40:37.89,361.0485
2017-10-23 00:40:39.79,361.0233333
2017-10-23 00:40:41.69,360.9636667
2017-10-23 00:40:43.59,361.1531667
2017-10-23 00:40:45.49,361.0651667
2017-10-23 00:40:47.39,360.6028333
2017-10-23 00:40:49.28,360.5265
2017-10-23 00:40:51.18,360.4361667
2017-10-23 00:40:53.08,360.3455
2017-10-23 00:40:54.98,360.1616667
2017-10-23 00:40:56.88,360.1395
2017-10-23 00:40:58.78,360.3496667
2017-10-23 00:41:00.68,360.3758333
2017-10-23 00:41:02.57,360.2608333
2017-10-23 00:41:04.47,360.2646667
2017-10-23 00:41:06.37,360.2396667
2017-10-23 00:41:08.27,360.2958333
2017-10-23 00:41:10.17,360.4258333
2017-10-23 00:41:12.07,360.4958333
2017-10-23 00:41:13.96,360.6125
2017-10-23 00:41:15.87,360.5005
2017-10-23 00:41:17.76,360.5786667
2017-10-23 00:41:19.66,360.4246667
2017-10-23 00:41:21.56,360.2496667
2017-10-23 00:41:23.46,360.1616667
2017-10-23 00:41:25.36,359.6923333
2017-10-23 00:41:27.25,359.4046667
2017-10-23 00:41:29.15,359.2746667
2017-10-23 00:41:31.05,359.4948333
2017-10-23 00:41:32.95,359.5116667
2017-10-23 00:41:34.85,359.3233333
2017-10-23 00:41:36.75,359.562
2017-10-23 00:41:38.64,359.6841667
2017-10-23 00:41:40.55,359.429
2017-10-23 00:41:42.44,359.2235
2017-10-23 00:41:44.34,359.2676667
2017-10-23 00:41:46.24,359.1401667
2017-10-23 00:41:48.14,359.1688333
2017-10-23 00:41:50.04,359.1708333
2017-10-23 00:41:51.94,359.3248333
2017-10-23 00:41:53.83,359.1206667
2017-10-23 00:41:55.73,358.8083333
2017-10-23 00:41:57.63,358.9628333
2017-10-23 00:41:59.53,358.9035
2017-10-23 00:42:01.43,359.0411667
2017-10-23 00:42:03.32,359.023
2017-10-23 00:42:05.23,359.0285
2017-10-23 00:42:07.12,358.9635
2017-10-23 00:42:09.02,358.9715
2017-10-23 00:42:10.92,358.8971667
2017-10-23 00:42:12.82,358.8266667
2017-10-23 00:42:14.72,358.8066667
2017-10-23 00:42:16.62,358.8946667
2017-10-23 00:42:18.51,359.0355
2017-10-23 00:42:20.41,358.997
2017-10-23 00:42:22.31,359.3636667
2017-10-23 00:42:24.21,359.7841667
2017-10-23 00:42:26.11,359.8168333
2017-10-23 00:42:28.01,359.8596667
2017-10-23 00:42:29.91,360.0586667
2017-10-23 00:42:31.81,360.1438333
2017-10-23 00:42:33.70,359.9461667
2017-10-23 00:42:35.60,359.597
2017-10-23 00:42:37.50,359.5786667
2017-10-23 00:42:39.40,359.5221667
2017-10-23 00:42:41.30,359.4358333
2017-10-23 00:42:43.19,359.4595
2017-10-23 00:42:45.09,359.3498333
2017-10-23 00:42:46.99,359.4141667
2017-10-23 00:42:48.89,359.5663333
2017-10-23 00:42:50.79,359.7343333
2017-10-23 00:42:52.69,359.7266667
2017-10-23 00:42:54.59,359.852
2017-10-23 00:42:56.49,359.9595
2017-10-23 00:42:58.38,359.9288333
2017-10-23 00:43:00.28,359.845
2017-10-23 00:43:02.18,359.810
2017-10-23 00:43:04.08,359.759
2017-10-23 00:43:05.98,359.6328333
2017-10-23 00:43:07.88,359.815
2017-10-23 00:43:09.77,359.7758333
2017-10-23 00:43:11.67,359.804
2017-10-23 00:43:13.57,360.0078333
2017-10-23 00:43:15.47,360.206
2017-10-23 00:43:17.37,360.3201667
2017-10-23 00:43:19.27,360.2205
2017-10-23 00:43:21.17,360.2806667
2017-10-23 00:43:23.06,360.1885
2017-10-23 00:43:24.96,359.9301667
2017-10-23 00:43:26.86,359.7166667
2017-10-23 00:43:28.76,359.7011667
2017-10-23 00:43:30.66,359.4018333
2017-10-23 00:43:32.56,359.1478333
2017-10-23 00:43:34.45,359.1216667
2017-10-23 00:43:36.35,359.122
2017-10-23 00:43:38.25,359.1763333
2017-10-23 00:43:40.15,358.927
2017-10-23 00:43:42.05,358.991
2017-10-23 00:43:43.95,359.0413333
2017-10-23 00:43:45.85,358.8625
2017-10-23 00:43:47.75,358.8946667
2017-10-23 00:43:49.64,358.8648333
2017-10-23 00:43:51.54,358.961
2017-10-23 00:43:53.44,359.1171667
2017-10-23 00:43:55.34,359.0461667
2017-10-23 00:43:57.24,359.107
2017-10-23 00:43:59.13,358.7703333
2017-10-23 00:44:01.03,358.4548333
2017-10-23 00:44:02.93,357.9551667
2017-10-23 00:44:04.83,357.6716667
2017-10-23 00:44:06.73,357.7676667
2017-10-23 00:44:08.63,357.8205
2017-10-23 00:44:10.53,358.178
2017-10-23 00:44:12.43,358.3626667
2017-10-23 00:44:14.32,358.8518333
2017-10-23 00:44:16.22,358.8506667
2017-10-23 00:44:18.12,358.8543333
2017-10-23 00:44:20.02,358.9023333
2017-10-23 00:44:21.92,358.7023333
2017-10-23 00:44:23.82,358.5861667
2017-10-23 00:44:25.71,358.3733333
2017-10-23 00:44:27.62,358.2811667
2017-10-23 00:44:29.51,357.9833333
2017-10-23 00:44:31.41,357.7601667
2017-10-23 00:44:33.31,357.6275
2017-10-23 00:44:35.21,357.695
2017-10-23 00:44:37.11,357.5976667
2017-10-23 00:44:39.00,357.331
2017-10-23 00:44:40.90,357.2315
2017-10-23 00:44:42.80,357.150
2017-10-23 00:44:44.70,357.1471667
2017-10-23 00:44:46.60,357.0745
2017-10-23 00:44:48.50,357.164
2017-10-23 00:44:50.39,357.4825
2017-10-23 00:44:52.30,357.9088333
2017-10-23 00:44:54.19,357.9418333
2017-10-23 00:44:56.09,357.6926667
2017-10-23 00:44:57.99,357.3391667
2017-10-23 00:44:59.89,357.2701667
2017-10-23 00:45:01.79,357.3163333
2017-10-23 00:45:03.69,357.0165
2017-10-23 00:45:05.58,356.8345
2017-10-23 00:45:07.48,357.0808333
2017-10-23 00:45:09.38,357.390
2017-10-23 00:45:11.28,357.4526667
2017-10-23 00:45:13.18,357.4505
2017-10-23 00:45:15.07,357.5953333
2017-10-23 00:45:16.97,357.9893333
2017-10-23 00:45:18.87,357.8813333
2017-10-23 00:45:20.77,357.9645
2017-10-23 00:45:22.67,357.9931667
2017-10-23 00:45:24.57,357.9093333
2017-10-23 00:45:26.47,357.8856667
2017-10-23 00:45:28.37,357.722
2017-10-23 00:45:30.26,357.9213333
2017-10-23 00:45:32.16,357.8046667
2017-10-23 00:45:34.06,358.1106667
2017-10-23 00:45:35.96,358.1175
2017-10-23 00:45:37.86,358.1371667
2017-10-23 00:45:39.76,358.2986667
2017-10-23 00:45:41.65,358.239
2017-10-23 00:45:43.56,358.326
2017-10-23 00:45:45.45,358.0236667
2017-10-23 00:45:47.35,358.2278333
2017-10-23 00:45:49.25,358.1145
2017-10-23 00:45:51.15,358.171
2017-10-23 00:45:53.05,358.318
2017-10-23 00:45:54.94,358.4511667
2017-10-23 00:45:56.84,358.3891667
2017-10-23 00:45:58.74,358.2761667
2017-10-23 00:46:00.64,358.2493333
2017-10-23 00:46:02.54,358.159
2017-10-23 00:46:04.44,357.9341667
2017-10-23 00:46:06.33,357.8456667
2017-10-23 00:46:08.24,357.8608333
2017-10-23 00:46:10.13,357.8551667
2017-10-23 00:46:12.03,358.0628333
2017-10-23 00:46:13.93,358.2751667
2017-10-23 00:46:15.83,358.4226667
2017-10-23 00:46:17.73,358.4008333
2017-10-23 00:46:19.63,358.581
2017-10-23 00:46:21.52,358.8071667
2017-10-23 00:46:23.42,358.9976667
2017-10-23 00:46:25.32,358.812
2017-10-23 00:46:27.22,358.9091667
2017-10-23 00:46:29.12,359.089
2017-10-23 00:46:31.01,359.0723333
2017-10-23 00:46:32.92,359.0676667
2017-10-23 00:46:34.81,359.1215
2017-10-23 00:46:36.71,359.358
2017-10-23 00:46:38.61,359.3758333
2017-10-23 00:46:40.51,359.198
2017-10-23 00:46:42.41,359.3156667
2017-10-23 00:46:44.31,359.0895
2017-10-23 00:46:46.20,358.853
2017-10-23 00:46:48.10,358.4211667
2017-10-23 00:46:50.00,358.1918333
2017-10-23 00:46:51.90,358.3041667
2017-10-23 00:46:53.80,358.2146667
2017-10-23 00:46:55.70,358.3128333
2017-10-23 00:46:57.60,358.1023333
2017-10-23 00:46:59.50,358.2913333
2017-10-23 00:47:01.39,358.2505
2017-10-23 00:47:03.29,358.1753333
2017-10-23 00:47:05.19,357.8035
2017-10-23 00:47:07.09,357.702
2017-10-23 00:47:08.99,357.7785
2017-10-23 00:47:10.88,357.6191667
2017-10-23 00:47:12.78,357.5145
2017-10-23 00:47:14.68,357.3601667
2017-10-23 00:47:16.58,357.6216667
2017-10-23 00:47:18.48,357.561
2017-10-23 00:47:20.38,357.5983333
2017-10-23 00:47:22.28,357.6978333
2017-10-23 00:47:24.18,358.0266667
2017-10-23 00:47:26.07,357.9181667
2017-10-23 00:47:27.97,357.8888333
2017-10-23 00:47:29.87,358.0341667
2017-10-23 00:47:31.77,358.0358333
2017-10-23 00:47:33.67,357.8551667
2017-10-23 00:47:35.57,357.7275
2017-10-23 00:47:37.46,358.0323333
2017-10-23 00:47:39.36,357.9845
2017-10-23 00:47:41.26,357.7295
2017-10-23 00:47:43.16,357.6763333
2017-10-23 00:47:45.06,357.8121667
2017-10-23 00:47:46.96,357.722
2017-10-23 00:47:48.86,357.3941667
2017-10-23 00:47:50.75,357.4581667
2017-10-23 00:47:52.65,357.7133333
2017-10-23 00:47:54.55,357.6058333
2017-10-23 00:47:56.45,357.5556667
2017-10-23 00:47:58.35,357.6046667
2017-10-23 00:48:00.25,357.9795
2017-10-23 00:48:02.14,357.9501667
2017-10-23 00:48:04.04,357.7991667
2017-10-23 00:48:05.94,357.8193333
2017-10-23 00:48:07.84,357.6023333
2017-10-23 00:48:09.74,357.4393333
2017-10-23 00:48:11.64,357.5131667
2017-10-23 00:48:13.54,357.5166667
2017-10-23 00:48:15.44,357.5485
2017-10-23 00:48:17.33,357.6281667
2017-10-23 00:48:19.23,357.8455
2017-10-23 00:48:21.13,358.1976667
2017-10-23 00:48:23.03,358.3205
2017-10-23 00:48:24.93,358.2698333
2017-10-23 00:48:26.82,358.2545
2017-10-23 00:48:28.72,358.1248333
2017-10-23 00:48:30.62,358.0318333
2017-10-23 00:48:32.52,357.8895
2017-10-23 00:48:34.42,357.3646667
2017-10-23 00:48:36.32,357.281
2017-10-23 00:48:38.22,357.1885
2017-10-23 00:48:40.12,357.3048333
2017-10-23 00:48:42.01,357.3443333
2017-10-23 00:48:43.91,357.1978333
2017-10-23 00:48:45.81,357.5131667
2017-10-23 00:48:47.71,357.7281667
2017-10-23 00:48:49.61,357.9265
2017-10-23 00:48:51.51,358.0096667
2017-10-23 00:48:53.40,358.1108333
2017-10-23 00:48:55.30,358.214
2017-10-23 00:48:57.20,358.2606667
2017-10-23 00:48:59.10,358.0766667
2017-10-23 00:49:01.00,357.932
2017-10-23 00:49:02.90,357.8315
2017-10-23 00:49:04.80,357.6798333
2017-10-23 00:49:06.69,357.785
2017-10-23 00:49:08.59,357.5473333
2017-10-23 00:49:10.49,357.6561667
2017-10-23 00:49:12.39,357.612
2017-10-23 00:49:14.29,357.8015
2017-10-23 00:49:16.19,358.0841667
2017-10-23 00:49:18.08,358.090
2017-10-23 00:49:19.99,358.2333333
2017-10-23 00:49:21.88,358.3075
2017-10-23 00:49:23.78,358.468
2017-10-23 00:49:25.68,358.2886667
2017-10-23 00:49:27.58,358.246
2017-10-23 00:49:29.48,358.1193333
2017-10-23 00:49:31.38,358.1455
2017-10-23 00:49:33.27,358.1715
2017-10-23 00:49:35.17,358.3968333
2017-10-23 00:49:37.07,358.3025
2017-10-23 00:49:38.97,358.1466667
2017-10-23 00:49:40.87,358.0776667
2017-10-23 00:49:42.76,358.0468333
2017-10-23 00:49:44.67,358.2248333
2017-10-23 00:49:46.56,358.0373333
2017-10-23 00:49:48.46,358.3575
2017-10-23 00:49:50.36,358.5426667
2017-10-23 00:49:52.26,358.9371667
2017-10-23 00:49:54.16,359.1223333
2017-10-23 00:49:56.06,359.132
2017-10-23 00:49:57.95,359.404
2017-10-23 00:49:59.85,359.2053333
2017-10-23 00:50:01.88,359.1796667
2017-10-23 00:50:03.78,358.9808333
2017-10-23 00:50:05.68,358.7665
2017-10-23 00:50:07.58,358.3005
2017-10-23 00:50:09.48,357.9346667
2017-10-23 00:50:11.37,357.7181667
2017-10-23 00:50:13.28,357.4531667
2017-10-23 00:50:15.17,357.501
2017-10-23 00:50:17.07,357.2215
2017-10-23 00:50:18.97,357.1381667
2017-10-23 00:50:20.87,357.1086667
2017-10-23 00:50:22.77,357.2618333
2017-10-23 00:50:24.67,357.5368333
2017-10-23 00:50:26.56,357.3651667
2017-10-23 00:50:28.46,357.6585
2017-10-23 00:50:30.36,357.8213333
2017-10-23 00:50:32.26,357.9238333
2017-10-23 00:50:34.16,357.9305
2017-10-23 00:50:36.06,357.9528333
2017-10-23 00:50:37.96,357.5736667
2017-10-23 00:50:39.86,357.6153333
2017-10-23 00:50:41.75,357.8031667
2017-10-23 00:50:43.65,357.9698333
2017-10-23 00:50:45.55,358.1918333
2017-10-23 00:50:47.45,357.9458333
2017-10-23 00:50:49.35,358.208
2017-10-23 00:50:51.24,358.3091667
2017-10-23 00:50:53.14,358.2771667
2017-10-23 00:50:55.04,358.0981667
2017-10-23 00:50:56.94,358.1913333
2017-10-23 00:50:58.84,358.4595
2017-10-23 00:51:00.74,358.4431667
2017-10-23 00:51:02.64,358.286
2017-10-23 00:51:04.54,358.3661667
2017-10-23 00:51:06.43,358.2258333
2017-10-23 00:51:08.33,358.1301667
2017-10-23 00:51:10.23,357.9158333
2017-10-23 00:51:12.13,357.8976667
2017-10-23 00:51:14.03,357.7353333
2017-10-23 00:51:15.93,357.6221667
2017-10-23 00:51:17.82,357.6975
2017-10-23 00:51:19.72,357.5745
2017-10-23 00:51:21.62,357.6961667
2017-10-23 00:51:23.52,357.9223333
2017-10-23 00:51:25.42,357.830
2017-10-23 00:51:27.31,357.7318333
2017-10-23 00:51:29.22,357.7495
2017-10-23 00:51:31.11,357.7498333
2017-10-23 00:51:33.01,357.6153333
2017-10-23 00:51:34.91,357.5825
2017-10-23 00:51:36.81,357.7586667
2017-10-23 00:51:38.71,357.737
2017-10-23 00:51:40.61,357.8791667
2017-10-23 00:51:42.50,357.841
2017-10-23 00:51:44.40,357.9158333
2017-10-23 00:51:46.30,357.8153333
2017-10-23 00:51:48.20,356.7671667
2017-10-23 00:51:50.10,356.8205
2017-10-23 00:51:52.00,356.9473333
2017-10-23 00:51:53.90,357.5048333
2017-10-23 00:51:55.80,358.0836667
2017-10-23 00:51:57.69,358.7886667
2017-10-23 00:51:59.59,360.6285
2017-10-23 00:52:01.49,361.156
2017-10-23 00:52:03.39,361.1415
2017-10-23 00:52:05.29,361.0868333
2017-10-23 00:52:07.18,360.932
2017-10-23 00:52:09.08,360.800
2017-10-23 00:52:10.98,360.6231667
2017-10-23 00:52:12.88,360.9315
2017-10-23 00:52:14.78,361.3353333
2017-10-23 00:52:16.68,361.4898333
2017-10-23 00:52:18.58,361.8788333
2017-10-23 00:52:20.48,361.9211667
2017-10-23 00:52:22.37,361.626
2017-10-23 00:52:24.27,361.0426667
2017-10-23 00:52:26.17,360.9171667
2017-10-23 00:52:28.07,361.1483333
2017-10-23 00:52:29.97,361.0225
2017-10-23 00:52:31.87,361.2381667
2017-10-23 00:52:33.76,361.3353333
2017-10-23 00:52:35.66,361.467
2017-10-23 00:52:37.56,360.9315
2017-10-23 00:52:39.46,360.2508333
2017-10-23 00:52:41.36,359.5001667
2017-10-23 00:52:43.26,359.4921667
2017-10-23 00:52:45.16,359.6943333
2017-10-23 00:52:47.05,359.9195
2017-10-23 00:52:48.95,360.4726667
2017-10-23 00:52:50.85,360.8251667
2017-10-23 00:52:52.75,361.1818333
2017-10-23 00:52:54.65,360.8173333
2017-10-23 00:52:56.55,360.4856667
2017-10-23 00:52:58.44,360.1273333
2017-10-23 00:53:00.34,359.671
2017-10-23 00:53:02.24,359.3481667
2017-10-23 00:53:04.14,359.2143333
2017-10-23 00:53:06.04,358.8066667
2017-10-23 00:53:07.94,358.705
2017-10-23 00:53:09.84,358.372
2017-10-23 00:53:11.74,358.3543333
2017-10-23 00:53:13.63,358.2295
2017-10-23 00:53:15.53,358.2205
2017-10-23 00:53:17.43,358.6831667
2017-10-23 00:53:19.33,359.0206667
2017-10-23 00:53:21.23,359.4771667
2017-10-23 00:53:23.12,359.6028333
2017-10-23 00:53:25.02,359.6978333
2017-10-23 00:53:26.92,359.7915
2017-10-23 00:53:28.82,359.7598333
2017-10-23 00:53:30.72,359.6326667
2017-10-23 00:53:32.62,359.7828333
2017-10-23 00:53:34.52,360.0508333
2017-10-23 00:53:36.42,360.4951667
2017-10-23 00:53:38.31,360.8083333
2017-10-23 00:53:40.21,360.9446667
2017-10-23 00:53:42.11,360.9596667
2017-10-23 00:53:44.01,360.8281667
2017-10-23 00:53:45.91,360.796
2017-10-23 00:53:47.81,360.6248333
2017-10-23 00:53:49.70,360.519
2017-10-23 00:53:51.60,360.518
2017-10-23 00:53:53.50,360.5725
2017-10-23 00:53:55.40,360.5708333
2017-10-23 00:53:57.30,360.2613333
2017-10-23 00:53:59.20,360.0093333
2017-10-23 00:54:01.10,359.6833333
2017-10-23 00:54:02.99,359.2376667
2017-10-23 00:54:04.89,359.0021667
2017-10-23 00:54:06.79,358.9206667
2017-10-23 00:54:08.69,359.0356667
2017-10-23 00:54:10.59,359.2428333
2017-10-23 00:54:12.49,359.7013333
2017-10-23 00:54:14.38,359.9851667
2017-10-23 00:54:16.29,360.2845
2017-10-23 00:54:18.18,360.4563333
2017-10-23 00:54:20.08,360.6826667
2017-10-23 00:54:21.98,360.5825
2017-10-23 00:54:23.88,360.2408333
2017-10-23 00:54:25.78,360.1953333
2017-10-23 00:54:27.68,360.0883333
2017-10-23 00:54:29.57,360.0253333
2017-10-23 00:54:31.47,359.9623333
2017-10-23 00:54:33.37,360.2298333
2017-10-23 00:54:35.27,360.4616667
2017-10-23 00:54:37.17,360.7141667
2017-10-23 00:54:39.06,360.605
2017-10-23 00:54:40.97,360.4343333
2017-10-23 00:54:42.86,360.350
2017-10-23 00:54:44.76,360.1945
2017-10-23 00:54:46.66,360.1205
2017-10-23 00:54:48.56,359.9785
2017-10-23 00:54:50.46,360.3048333
2017-10-23 00:54:52.36,360.5346667
2017-10-23 00:54:54.25,360.4833333
2017-10-23 00:54:56.15,360.3361667
2017-10-23 00:54:58.05,360.3488333
2017-10-23 00:54:59.95,360.4735
2017-10-23 00:55:01.85,360.2876667
2017-10-23 00:55:03.75,360.2938333
2017-10-23 00:55:05.65,360.3266667
2017-10-23 00:55:07.55,360.3336667
2017-10-23 00:55:09.44,360.1266667
2017-10-23 00:55:11.34,359.8143333
2017-10-23 00:55:13.24,359.8958333
2017-10-23 00:55:15.14,359.941
2017-10-23 00:55:17.04,359.9511667
2017-10-23 00:55:18.93,360.0883333
2017-10-23 00:55:20.83,360.3976667
2017-10-23 00:55:22.73,360.8176667
2017-10-23 00:55:24.63,360.8211667
2017-10-23 00:55:26.53,360.6428333
2017-10-23 00:55:28.43,360.9058333
2017-10-23 00:55:30.33,361.050
2017-10-23 00:55:32.23,361.0721667
2017-10-23 00:55:34.12,360.9226667
2017-10-23 00:55:36.02,361.2686667
2017-10-23 00:55:37.92,361.9293333
2017-10-23 00:55:39.82,361.8685
2017-10-23 00:55:41.72,361.727
2017-10-23 00:55:43.61,361.4475
2017-10-23 00:55:45.51,361.2111667
2017-10-23 00:55:47.41,360.892
2017-10-23 00:55:49.31,360.0923333
2017-10-23 00:55:51.21,359.6245
2017-10-23 00:55:53.11,358.7833333
2017-10-23 00:55:55.00,358.494
2017-10-23 00:55:56.91,358.4376667
2017-10-23 00:55:58.80,358.4123333
2017-10-23 00:56:00.70,358.5841667
2017-10-23 00:56:02.60,358.8945
2017-10-23 00:56:04.50,359.6236667
2017-10-23 00:56:06.40,360.0585
2017-10-23 00:56:08.30,360.2828333
2017-10-23 00:56:10.19,360.099
2017-10-23 00:56:12.09,360.0901667
2017-10-23 00:56:13.99,360.005
2017-10-23 00:56:15.89,360.186
2017-10-23 00:56:17.79,360.375
2017-10-23 00:56:19.69,360.5188333
2017-10-23 00:56:21.59,360.7143333
2017-10-23 00:56:23.48,361.040
2017-10-23 00:56:25.38,361.0458333
2017-10-23 00:56:27.28,361.0176667
2017-10-23 00:56:29.18,360.8871667
2017-10-23 00:56:31.08,360.5751667
2017-10-23 00:56:32.98,360.2508333
2017-10-23 00:56:34.87,359.7415
2017-10-23 00:56:36.77,359.393
2017-10-23 00:56:38.67,358.8426667
2017-10-23 00:56:40.57,358.292
2017-10-23 00:56:42.47,358.0511667
2017-10-23 00:56:44.37,357.6878333
2017-10-23 00:56:46.27,357.4836667
2017-10-23 00:56:48.17,357.2053333
2017-10-23 00:56:50.06,357.1211667
2017-10-23 00:56:51.96,357.0065
2017-10-23 00:56:53.86,356.8681667
2017-10-23 00:56:55.76,356.908
2017-10-23 00:56:57.66,356.8233333
2017-10-23 00:56:59.56,357.1178333
2017-10-23 00:57:01.45,357.4051667
2017-10-23 00:57:03.35,357.7433333
2017-10-23 00:57:05.25,358.1505
2017-10-23 00:57:07.15,358.5493333
2017-10-23 00:57:09.05,358.7856667
2017-10-23 00:57:10.95,358.893
2017-10-23 00:57:12.85,359.0378333
2017-10-23 00:57:14.74,359.0848333
2017-10-23 00:57:16.64,358.935
2017-10-23 00:57:18.54,358.7105
2017-10-23 00:57:20.44,358.7036667
2017-10-23 00:57:22.34,358.9925
2017-10-23 00:57:24.24,359.898
2017-10-23 00:57:26.13,360.4931667
2017-10-23 00:57:28.03,360.5815
2017-10-23 00:57:29.93,360.9873333
2017-10-23 00:57:31.83,361.5058333
2017-10-23 00:57:33.73,361.8353333
2017-10-23 00:57:35.63,361.0858333
2017-10-23 00:57:37.53,360.6443333
2017-10-23 00:57:39.42,360.5738333
2017-10-23 00:57:41.32,360.3316667
2017-10-23 00:57:43.22,359.8836667
2017-10-23 00:57:45.12,359.5853333
2017-10-23 00:57:47.02,359.5251667
2017-10-23 00:57:48.92,359.3565
2017-10-23 00:57:50.81,359.1123333
2017-10-23 00:57:52.71,359.0236667
2017-10-23 00:57:54.61,358.9301667
2017-10-23 00:57:56.51,358.618
2017-10-23 00:57:58.41,358.428
2017-10-23 00:58:00.31,358.4535
2017-10-23 00:58:02.21,358.5661667
2017-10-23 00:58:04.11,358.3608333
2017-10-23 00:58:06.00,358.4333333
2017-10-23 00:58:07.90,358.695
2017-10-23 00:58:09.80,358.7668333
2017-10-23 00:58:11.70,358.7908333
2017-10-23 00:58:13.60,359.1236667
2017-10-23 00:58:15.49,359.6606667
2017-10-23 00:58:17.39,359.7766667
2017-10-23 00:58:19.29,359.696
2017-10-23 00:58:21.19,359.507
2017-10-23 00:58:23.09,359.4168333
2017-10-23 00:58:24.99,359.344
2017-10-23 00:58:26.89,358.9453333
2017-10-23 00:58:28.79,358.8901667
2017-10-23 00:58:30.68,358.9886667
2017-10-23 00:58:32.58,359.4053333
2017-10-23 00:58:34.48,359.6068333
2017-10-23 00:58:36.38,359.6871667
2017-10-23 00:58:38.28,359.9255
2017-10-23 00:58:40.18,359.825
2017-10-23 00:58:42.07,359.6586667
2017-10-23 00:58:43.98,359.4388333
2017-10-23 00:58:45.87,359.2806667
2017-10-23 00:58:47.77,358.9248333
2017-10-23 00:58:49.67,358.7316667
2017-10-23 00:58:51.57,358.9991667
2017-10-23 00:58:53.47,359.0626667
2017-10-23 00:58:55.36,359.0993333
2017-10-23 00:58:57.26,359.0321667
2017-10-23 00:58:59.16,359.2485
2017-10-23 00:59:01.06,359.4653333
2017-10-23 00:59:02.96,359.4153333
2017-10-23 00:59:04.86,359.556
2017-10-23 00:59:06.75,359.652
2017-10-23 00:59:08.66,359.7853333
2017-10-23 00:59:10.55,359.775
2017-10-23 00:59:12.45,359.5908333
2017-10-23 00:59:14.35,359.398
2017-10-23 00:59:16.25,359.0723333
2017-10-23 00:59:18.15,358.7808333
2017-10-23 00:59:20.05,358.5875
2017-10-23 00:59:21.94,358.4236667
2017-10-23 00:59:23.84,358.355
2017-10-23 00:59:25.74,358.4771667
2017-10-23 00:59:27.64,358.6471667
2017-10-23 00:59:29.54,358.722
2017-10-23 00:59:31.43,358.8068333
2017-10-23 00:59:33.34,358.954
2017-10-23 00:59:35.23,358.9653333
2017-10-23 00:59:37.13,358.9028333
2017-10-23 00:59:39.03,359.558
2017-10-23 00:59:40.93,360.5423333
2017-10-23 00:59:42.83,360.8923333
2017-10-23 00:59:44.73,361.1553333
2017-10-23 00:59:46.62,361.4525
2017-10-23 00:59:48.52,361.8056667
2017-10-23 00:59:50.42,361.5693333
2017-10-23 00:59:52.32,361.1491667
2017-10-23 00:59:54.22,360.9805
2017-10-23 00:59:56.12,360.7151667
2017-10-23 00:59:58.02,361.3335
2017-10-23 00:59:59.92,362.434
2017-10-23 01:00:01.81,363.1031667
2017-10-23 01:00:03.71,363.0626667
2017-10-23 01:00:05.61,363.5353333
2017-10-23 01:00:07.51,364.0121667
2017-10-23 01:00:09.41,363.5303333
2017-10-23 01:00:11.30,362.3121667
2017-10-23 01:00:13.20,361.6128333
2017-10-23 01:00:15.10,361.2873333
2017-10-23 01:00:17.00,361.161
2017-10-23 01:00:18.90,361.0373333
2017-10-23 01:00:20.80,361.146
2017-10-23 01:00:22.70,361.414
2017-10-23 01:00:24.60,361.4401667
2017-10-23 01:00:26.49,361.759
2017-10-23 01:00:28.39,361.6326667
2017-10-23 01:00:30.29,361.7888333
2017-10-23 01:00:32.19,362.0731667
2017-10-23 01:00:34.09,362.2351667
2017-10-23 01:00:35.99,362.4798333
2017-10-23 01:00:37.88,362.6215
2017-10-23 01:00:39.78,362.8513333
2017-10-23 01:00:41.68,363.0765
2017-10-23 01:00:43.58,363.0905
2017-10-23 01:00:45.48,362.9806667
2017-10-23 01:00:47.37,362.9596667
2017-10-23 01:00:49.28,362.9396667
2017-10-23 01:00:51.17,363.0523333
2017-10-23 01:00:53.07,363.1106667
2017-10-23 01:00:54.97,363.058
2017-10-23 01:00:56.87,363.3105
2017-10-23 01:00:58.77,363.3418333
2017-10-23 01:01:00.67,363.553
2017-10-23 01:01:02.56,363.5088333
2017-10-23 01:01:04.46,363.4818333
2017-10-23 01:01:06.36,363.5328333
2017-10-23 01:01:08.26,363.4385
2017-10-23 01:01:10.16,363.2045
2017-10-23 01:01:12.06,362.994
2017-10-23 01:01:13.96,362.920
2017-10-23 01:01:15.86,362.5891667
2017-10-23 01:01:17.75,362.510
2017-10-23 01:01:19.65,362.2636667
2017-10-23 01:01:21.55,362.254
2017-10-23 01:01:23.45,362.0245
2017-10-23 01:01:25.35,361.9721667
2017-10-23 01:01:27.24,361.9398333
2017-10-23 01:01:29.14,361.5038333
2017-10-23 01:01:31.04,361.4448333
2017-10-23 01:01:32.94,361.3266667
2017-10-23 01:01:34.84,361.3248333
2017-10-23 01:01:36.74,361.1823333
2017-10-23 01:01:38.64,360.9326667
2017-10-23 01:01:40.54,361.0846667
2017-10-23 01:01:42.43,360.9461667
2017-10-23 01:01:44.33,360.893
2017-10-23 01:01:46.23,360.9531667
2017-10-23 01:01:48.13,360.918
2017-10-23 01:01:50.03,361.1093333
2017-10-23 01:01:51.93,360.8878333
2017-10-23 01:01:53.82,360.7475
2017-10-23 01:01:55.72,360.6913333
2017-10-23 01:01:57.62,360.5741667
2017-10-23 01:01:59.52,360.5216667
2017-10-23 01:02:01.42,360.3436667
2017-10-23 01:02:03.32,360.356
2017-10-23 01:02:05.22,360.370
2017-10-23 01:02:07.11,360.5053333
2017-10-23 01:02:09.01,360.4968333
2017-10-23 01:02:10.91,360.6658333
2017-10-23 01:02:12.81,360.8723333
2017-10-23 01:02:14.71,360.874
2017-10-23 01:02:16.61,361.0751667
2017-10-23 01:02:18.50,361.0048333
2017-10-23 01:02:20.40,360.977
2017-10-23 01:02:22.30,360.8328333
2017-10-23 01:02:24.20,360.7586667
2017-10-23 01:02:26.10,360.3863333
2017-10-23 01:02:28.00,359.5273333
2017-10-23 01:02:29.90,359.1913333
2017-10-23 01:02:31.80,359.6016667
2017-10-23 01:02:33.69,360.526
2017-10-23 01:02:35.59,360.8941667
2017-10-23 01:02:37.49,361.661
2017-10-23 01:02:39.39,362.5361667
2017-10-23 01:02:41.29,362.8181667
2017-10-23 01:02:43.18,362.2021667
2017-10-23 01:02:45.08,360.9491667
2017-10-23 01:02:46.98,360.3191667
2017-10-23 01:02:48.88,359.8266667
2017-10-23 01:02:50.78,359.5235
2017-10-23 01:02:52.68,359.283
2017-10-23 01:02:54.58,359.5266667
2017-10-23 01:02:56.48,359.5035
2017-10-23 01:02:58.37,359.5451667
2017-10-23 01:03:00.27,359.6243333
2017-10-23 01:03:02.17,359.6018333
2017-10-23 01:03:04.07,359.6373333
2017-10-23 01:03:05.97,359.2711667
2017-10-23 01:03:07.87,359.4033333
2017-10-23 01:03:09.76,359.0603333
2017-10-23 01:03:11.67,358.9316667
2017-10-23 01:03:13.56,359.0316667
2017-10-23 01:03:15.46,359.019
2017-10-23 01:03:17.36,359.3091667
2017-10-23 01:03:19.26,359.184
2017-10-23 01:03:21.16,359.1463333
2017-10-23 01:03:23.05,358.9385
2017-10-23 01:03:24.95,358.895
2017-10-23 01:03:26.85,358.903
2017-10-23 01:03:28.75,358.7636667
2017-10-23 01:03:30.65,358.790
2017-10-23 01:03:32.55,359.1753333
2017-10-23 01:03:34.44,359.2898333
2017-10-23 01:03:36.35,359.3293333
2017-10-23 01:03:38.24,359.4758333
2017-10-23 01:03:40.14,359.582
2017-10-23 01:03:42.04,359.8275
2017-10-23 01:03:43.94,359.7155
2017-10-23 01:03:45.84,359.707
2017-10-23 01:03:47.74,359.9941667
2017-10-23 01:03:49.63,360.0643333
2017-10-23 01:03:51.53,360.0703333
2017-10-23 01:03:53.43,360.0663333
2017-10-23 01:03:55.33,360.1323333
2017-10-23 01:03:57.23,360.2993333
2017-10-23 01:03:59.12,360.1088333
2017-10-23 01:04:01.03,360.010
2017-10-23 01:04:02.92,360.0773333
2017-10-23 01:04:04.82,359.9025
2017-10-23 01:04:06.72,359.8206667
2017-10-23 01:04:08.62,359.6875
2017-10-23 01:04:10.52,359.3295
2017-10-23 01:04:12.42,359.1725
2017-10-23 01:04:14.31,358.8461667
2017-10-23 01:04:16.21,358.6521667
2017-10-23 01:04:18.11,358.7301667
2017-10-23 01:04:20.01,358.6798333
2017-10-23 01:04:21.91,358.9523333
2017-10-23 01:04:23.81,358.8645
2017-10-23 01:04:25.71,358.9826667
2017-10-23 01:04:27.61,359.132
2017-10-23 01:04:29.50,359.242
2017-10-23 01:04:31.40,359.3546667
2017-10-23 01:04:33.30,359.1573333
2017-10-23 01:04:35.20,359.2496667
2017-10-23 01:04:37.10,359.1123333
2017-10-23 01:04:38.99,359.1865
2017-10-23 01:04:40.89,359.119
2017-10-23 01:04:42.79,358.9901667
2017-10-23 01:04:44.69,359.1346667
2017-10-23 01:04:46.59,359.1625
2017-10-23 01:04:48.49,359.1641667
2017-10-23 01:04:50.39,358.8571667
2017-10-23 01:04:52.29,358.4318333
2017-10-23 01:04:54.18,358.5343333
2017-10-23 01:04:56.08,358.497
2017-10-23 01:04:57.98,358.3595
2017-10-23 01:04:59.88,358.211
2017-10-23 01:05:01.78,358.4415
2017-10-23 01:05:03.68,358.752
2017-10-23 01:05:05.57,358.7848333
2017-10-23 01:05:07.47,358.7865
2017-10-23 01:05:09.37,358.715
2017-10-23 01:05:11.27,358.9901667
2017-10-23 01:05:13.17,358.864
2017-10-23 01:05:15.07,358.899
2017-10-23 01:05:16.97,358.7995
2017-10-23 01:05:18.86,358.721
2017-10-23 01:05:20.76,358.8843333
2017-10-23 01:05:22.66,358.7545
2017-10-23 01:05:24.56,358.9093333
2017-10-23 01:05:26.46,358.866
2017-10-23 01:05:28.36,359.0303333
2017-10-23 01:05:30.25,358.947
2017-10-23 01:05:32.15,358.9816667
2017-10-23 01:05:34.05,359.135
2017-10-23 01:05:35.95,359.077
2017-10-23 01:05:37.85,359.1721667
2017-10-23 01:05:39.75,359.0483333
2017-10-23 01:05:41.65,358.838
2017-10-23 01:05:43.55,358.731
2017-10-23 01:05:45.44,358.7288333
2017-10-23 01:05:47.34,358.9806667
2017-10-23 01:05:49.24,358.9685
2017-10-23 01:05:51.14,358.892
2017-10-23 01:05:53.04,359.023
2017-10-23 01:05:54.93,358.9311667
2017-10-23 01:05:56.83,358.5816667
2017-10-23 01:05:58.73,358.1785
2017-10-23 01:06:00.63,358.1111667
2017-10-23 01:06:02.53,358.2076667
2017-10-23 01:06:04.43,358.3065
2017-10-23 01:06:06.33,358.580
2017-10-23 01:06:08.23,358.8173333
2017-10-23 01:06:10.12,358.7093333
2017-10-23 01:06:12.02,358.5901667
2017-10-23 01:06:13.92,358.6765
2017-10-23 01:06:15.82,358.6891667
2017-10-23 01:06:17.72,358.3521667
2017-10-23 01:06:19.62,358.3038333
2017-10-23 01:06:21.51,358.3003333
2017-10-23 01:06:23.41,358.3655
2017-10-23 01:06:25.31,358.0241667
2017-10-23 01:06:27.21,357.9325
2017-10-23 01:06:29.11,357.8628333
2017-10-23 01:06:31.01,357.8291667
2017-10-23 01:06:32.91,357.9313333
2017-10-23 01:06:34.80,358.0618333
2017-10-23 01:06:36.70,358.241
2017-10-23 01:06:38.60,358.3636667
2017-10-23 01:06:40.50,358.6616667
2017-10-23 01:06:42.40,358.8813333
2017-10-23 01:06:44.30,359.0956667
2017-10-23 01:06:46.19,358.970
2017-10-23 01:06:48.09,358.9681667
2017-10-23 01:06:49.99,359.054
2017-10-23 01:06:51.89,359.0015
2017-10-23 01:06:53.79,358.8423333
2017-10-23 01:06:55.69,358.9123333
2017-10-23 01:06:57.59,359.0225
2017-10-23 01:06:59.48,359.3818333
2017-10-23 01:07:01.38,359.3481667
2017-10-23 01:07:03.28,359.3985
2017-10-23 01:07:05.18,359.535
2017-10-23 01:07:07.08,359.4371667
2017-10-23 01:07:08.98,359.4216667
2017-10-23 01:07:10.87,359.1293333
2017-10-23 01:07:12.77,359.084
2017-10-23 01:07:14.67,358.9516667
2017-10-23 01:07:16.57,358.7066667
2017-10-23 01:07:18.47,358.750
2017-10-23 01:07:20.37,358.7418333
2017-10-23 01:07:22.27,358.8946667
2017-10-23 01:07:24.17,358.8785
2017-10-23 01:07:26.06,358.9211667
2017-10-23 01:07:27.96,359.1503333
2017-10-23 01:07:29.86,359.0403333
2017-10-23 01:07:31.76,359.0893333
2017-10-23 01:07:33.66,359.0801667
2017-10-23 01:07:35.56,358.8738333
2017-10-23 01:07:37.45,358.8301667
2017-10-23 01:07:39.35,358.6238333
2017-10-23 01:07:41.25,358.3735
2017-10-23 01:07:43.15,358.2481667
2017-10-23 01:07:45.05,357.9766667
2017-10-23 01:07:46.95,358.1101667
2017-10-23 01:07:48.85,357.8931667
2017-10-23 01:07:50.74,357.7461667
2017-10-23 01:07:52.64,357.8018333
2017-10-23 01:07:54.54,357.6865
2017-10-23 01:07:56.44,357.5158333
2017-10-23 01:07:58.34,357.4045
2017-10-23 01:08:00.24,357.4713333
2017-10-23 01:08:02.13,357.6873333
2017-10-23 01:08:04.04,357.7793333
2017-10-23 01:08:05.93,357.9365
2017-10-23 01:08:07.83,358.1911667
2017-10-23 01:08:09.73,358.324
2017-10-23 01:08:11.63,358.3695
2017-10-23 01:08:13.53,358.286
2017-10-23 01:08:15.43,358.5046667
2017-10-23 01:08:17.32,358.4116667
2017-10-23 01:08:19.22,358.1888333
2017-10-23 01:08:21.12,358.2068333
2017-10-23 01:08:23.02,358.3573333
2017-10-23 01:08:24.92,358.4658333
2017-10-23 01:08:26.81,358.3171667
2017-10-23 01:08:28.72,358.2758333
2017-10-23 01:08:30.61,358.4903333
2017-10-23 01:08:32.51,358.7218333
2017-10-23 01:08:34.41,358.916
2017-10-23 01:08:36.31,358.8403333
2017-10-23 01:08:38.21,358.8598333
2017-10-23 01:08:40.11,358.9136667
2017-10-23 01:08:42.00,358.8906667
2017-10-23 01:08:43.90,358.6346667
2017-10-23 01:08:45.80,358.6911667
2017-10-23 01:08:47.70,358.8388333
2017-10-23 01:08:49.60,358.8465
2017-10-23 01:08:51.50,359.0038333
2017-10-23 01:08:53.40,359.1796667
2017-10-23 01:08:55.29,359.1506667
2017-10-23 01:08:57.19,358.8908333
2017-10-23 01:08:59.09,358.9323333
2017-10-23 01:09:00.99,359.4085
2017-10-23 01:09:02.89,359.4901667
2017-10-23 01:09:04.79,359.299
2017-10-23 01:09:06.68,359.3771667
2017-10-23 01:09:08.58,359.5161667
2017-10-23 01:09:10.48,359.420
2017-10-23 01:09:12.38,358.886
2017-10-23 01:09:14.28,358.452
2017-10-23 01:09:16.18,358.451
2017-10-23 01:09:18.08,358.5193333
2017-10-23 01:09:19.98,358.5138333
2017-10-23 01:09:21.87,358.363
2017-10-23 01:09:23.77,358.3635
2017-10-23 01:09:25.67,358.7393333
2017-10-23 01:09:27.57,358.5881667
2017-10-23 01:09:29.47,358.414
2017-10-23 01:09:31.37,358.4163333
2017-10-23 01:09:33.26,358.5893333
2017-10-23 01:09:35.16,358.6556667
2017-10-23 01:09:37.06,358.4015
2017-10-23 01:09:38.96,358.6025
2017-10-23 01:09:40.86,358.830
2017-10-23 01:09:42.76,358.7031667
2017-10-23 01:09:44.66,358.6433333
2017-10-23 01:09:46.55,358.5536667
2017-10-23 01:09:48.45,358.6246667
2017-10-23 01:09:50.35,358.7655
2017-10-23 01:09:52.25,358.586
2017-10-23 01:09:54.15,358.5566667
2017-10-23 01:09:56.05,358.6431667
2017-10-23 01:09:57.94,358.8271667
2017-10-23 01:09:59.84,359.1301667
2017-10-23 01:10:01.74,359.060
2017-10-23 01:10:03.64,359.1796667
2017-10-23 01:10:05.54,359.4816667
2017-10-23 01:10:07.44,359.5253333
2017-10-23 01:10:09.34,359.4113333
2017-10-23 01:10:11.23,359.0045
2017-10-23 01:10:13.13,358.903
2017-10-23 01:10:15.03,358.9961667
2017-10-23 01:10:16.93,358.9041667
2017-10-23 01:10:18.83,358.7228333
2017-10-23 01:10:20.73,358.6626667
2017-10-23 01:10:22.62,359.0406667
2017-10-23 01:10:24.52,359.1503333
2017-10-23 01:10:26.42,359.1533333
2017-10-23 01:10:28.32,359.0613333
2017-10-23 01:10:30.22,359.0526667
2017-10-23 01:10:32.12,359.0976667
2017-10-23 01:10:34.02,359.1595
2017-10-23 01:10:35.92,359.2621667
2017-10-23 01:10:37.81,359.1693333
2017-10-23 01:10:39.71,358.9136667
2017-10-23 01:10:41.61,358.435
2017-10-23 01:10:43.51,358.1183333
2017-10-23 01:10:45.41,357.7918333
2017-10-23 01:10:47.31,357.708
2017-10-23 01:10:49.20,357.7893333
2017-10-23 01:10:51.10,357.9101667
2017-10-23 01:10:53.00,358.765
2017-10-23 01:10:54.90,359.4701667
2017-10-23 01:10:56.80,359.9228333
2017-10-23 01:10:58.70,359.8038333
2017-10-23 01:11:00.60,359.5891667
2017-10-23 01:11:02.49,359.6821667
2017-10-23 01:11:04.39,359.4018333
2017-10-23 01:11:06.29,358.9725
2017-10-23 01:11:08.19,358.5663333
2017-10-23 01:11:10.09,358.9073333
2017-10-23 01:11:11.99,359.1941667
2017-10-23 01:11:13.88,359.2163333
2017-10-23 01:11:15.79,359.3016667
2017-10-23 01:11:17.68,359.3781667
2017-10-23 01:11:19.58,359.2971667
2017-10-23 01:11:21.48,359.0546667
2017-10-23 01:11:23.38,359.0821667
2017-10-23 01:11:25.28,359.1726667
2017-10-23 01:11:27.17,358.9236667
2017-10-23 01:11:29.07,358.805
2017-10-23 01:11:30.97,359.0956667
2017-10-23 01:11:32.87,359.2495
2017-10-23 01:11:34.77,359.1021667
2017-10-23 01:11:36.67,359.327
2017-10-23 01:11:38.56,359.5848333
2017-10-23 01:11:40.46,359.698
2017-10-23 01:11:42.36,359.4485
2017-10-23 01:11:44.26,359.2245
2017-10-23 01:11:46.16,359.217
2017-10-23 01:11:48.06,358.8286667
2017-10-23 01:11:49.96,358.8173333
2017-10-23 01:11:51.86,358.9376667
2017-10-23 01:11:53.75,359.1443333
2017-10-23 01:11:55.65,359.0501667
2017-10-23 01:11:57.55,358.977
2017-10-23 01:11:59.45,359.1145
2017-10-23 01:12:01.35,359.1391667
2017-10-23 01:12:03.24,358.9908333
2017-10-23 01:12:05.14,358.619
2017-10-23 01:12:07.04,358.6258333
2017-10-23 01:12:08.94,358.7515
2017-10-23 01:12:10.84,358.7855
2017-10-23 01:12:12.74,358.9345
2017-10-23 01:12:14.64,358.950
2017-10-23 01:12:16.54,359.0526667
2017-10-23 01:12:18.43,358.7328333
2017-10-23 01:12:20.33,358.0023333
2017-10-23 01:12:22.23,357.7996667
2017-10-23 01:12:24.13,357.381
2017-10-23 01:12:26.03,357.0838333
2017-10-23 01:12:27.93,356.9613333
2017-10-23 01:12:29.82,357.3055
2017-10-23 01:12:31.73,357.633
2017-10-23 01:12:33.62,357.6288333
2017-10-23 01:12:35.52,357.829
2017-10-23 01:12:37.42,357.9861667
2017-10-23 01:12:39.32,357.9445
2017-10-23 01:12:41.22,358.0465
2017-10-23 01:12:43.11,358.3028333
2017-10-23 01:12:45.01,358.4438333
2017-10-23 01:12:46.91,358.3755
2017-10-23 01:12:48.81,358.691
2017-10-23 01:12:50.71,359.3083333
2017-10-23 01:12:52.61,359.5368333
2017-10-23 01:12:54.50,359.5653333
2017-10-23 01:12:56.41,359.5141667
2017-10-23 01:12:58.30,359.4943333
2017-10-23 01:13:00.20,359.2746667
2017-10-23 01:13:02.10,358.8215
2017-10-23 01:13:04.00,358.5161667
2017-10-23 01:13:05.90,358.4285
2017-10-23 01:13:07.80,358.4556667
2017-10-23 01:13:09.69,358.4355
2017-10-23 01:13:11.59,358.7076667
2017-10-23 01:13:13.49,358.587
2017-10-23 01:13:15.39,358.261
2017-10-23 01:13:17.29,358.2793333
2017-10-23 01:13:19.18,358.2043333
2017-10-23 01:13:21.09,358.3858333
2017-10-23 01:13:22.98,358.3023333
2017-10-23 01:13:24.88,358.624
2017-10-23 01:13:26.78,359.3643333
2017-10-23 01:13:28.68,359.5245
2017-10-23 01:13:30.58,359.6213333
2017-10-23 01:13:32.48,359.5328333
2017-10-23 01:13:34.37,359.3538333
2017-10-23 01:13:36.27,359.2208333
2017-10-23 01:13:38.17,358.7438333
2017-10-23 01:13:40.07,358.5605
2017-10-23 01:13:41.97,358.5573333
2017-10-23 01:13:43.87,358.4305
2017-10-23 01:13:45.77,358.408
2017-10-23 01:13:47.67,358.3098333
2017-10-23 01:13:49.56,358.430
2017-10-23 01:13:51.46,358.6225
2017-10-23 01:13:53.36,358.4611667
2017-10-23 01:13:55.26,358.4126667
2017-10-23 01:13:57.16,358.3503333
2017-10-23 01:13:59.05,358.3135
2017-10-23 01:14:00.95,358.2135
2017-10-23 01:14:02.85,357.9046667
2017-10-23 01:14:04.75,358.0596667
2017-10-23 01:14:06.65,358.0096667
2017-10-23 01:14:08.55,358.100
2017-10-23 01:14:10.45,358.3731667
2017-10-23 01:14:12.35,359.1061667
2017-10-23 01:14:14.24,359.6073333
2017-10-23 01:14:16.14,359.4936667
2017-10-23 01:14:18.04,359.6848333
2017-10-23 01:14:19.94,359.542
2017-10-23 01:14:21.84,359.2923333
2017-10-23 01:14:23.74,358.7255
2017-10-23 01:14:25.63,358.1531667
2017-10-23 01:14:27.53,357.9193333
2017-10-23 01:14:29.43,357.9396667
2017-10-23 01:14:31.33,358.3086667
2017-10-23 01:14:33.23,358.5431667
2017-10-23 01:14:35.13,358.3996667
2017-10-23 01:14:37.03,358.6475
2017-10-23 01:14:38.92,358.9123333
2017-10-23 01:14:40.82,359.0613333
2017-10-23 01:14:42.72,358.8006667
2017-10-23 01:14:44.62,358.6711667
2017-10-23 01:14:46.52,358.7191667
2017-10-23 01:14:48.42,358.9461667
2017-10-23 01:14:50.31,359.0386667
2017-10-23 01:14:52.21,358.6233333
2017-10-23 01:14:54.11,358.5573333
2017-10-23 01:14:56.01,358.616
2017-10-23 01:14:57.91,358.6488333
2017-10-23 01:14:59.81,358.3436667
2017-10-23 01:15:01.71,358.3993333
2017-10-23 01:15:03.61,358.6875
2017-10-23 01:15:05.50,358.8191667
2017-10-23 01:15:07.40,358.9338333
2017-10-23 01:15:09.30,358.9748333
2017-10-23 01:15:11.20,359.1568333
2017-10-23 01:15:13.10,359.0926667
2017-10-23 01:15:14.99,359.0621667
2017-10-23 01:15:16.89,359.002
2017-10-23 01:15:18.79,358.6705
2017-10-23 01:15:20.69,358.3248333
2017-10-23 01:15:22.59,358.0173333
2017-10-23 01:15:24.49,358.011
2017-10-23 01:15:26.39,358.0856667
2017-10-23 01:15:28.29,358.0721667
2017-10-23 01:15:30.18,358.389
2017-10-23 01:15:32.08,358.8846667
2017-10-23 01:15:33.98,358.9981667
2017-10-23 01:15:35.88,358.8825
2017-10-23 01:15:37.78,358.6751667
2017-10-23 01:15:39.68,358.4188333
2017-10-23 01:15:41.57,358.089
2017-10-23 01:15:43.48,357.5731667
2017-10-23 01:15:45.37,357.3235
2017-10-23 01:15:47.27,357.1685
2017-10-23 01:15:49.17,357.0598333
2017-10-23 01:15:51.07,357.3221667
2017-10-23 01:15:52.97,357.5225
2017-10-23 01:15:54.86,357.6123333
2017-10-23 01:15:56.76,358.2058333
2017-10-23 01:15:58.66,358.3985
2017-10-23 01:16:00.56,358.6781667
2017-10-23 01:16:02.46,358.7573333
2017-10-23 01:16:04.36,358.6003333
2017-10-23 01:16:06.25,358.8525
2017-10-23 01:16:08.16,358.7373333
2017-10-23 01:16:10.05,359.0025
2017-10-23 01:16:11.95,359.108
2017-10-23 01:16:13.85,359.099
2017-10-23 01:16:15.75,359.4815
2017-10-23 01:16:17.65,359.776
2017-10-23 01:16:19.55,360.2146667
2017-10-23 01:16:21.44,360.3708333
2017-10-23 01:16:23.34,360.3973333
2017-10-23 01:16:25.24,360.7535
2017-10-23 01:16:27.14,360.7123333
2017-10-23 01:16:29.04,360.702
2017-10-23 01:16:30.93,360.3781667
2017-10-23 01:16:32.83,360.3621667
2017-10-23 01:16:34.73,360.5736667
2017-10-23 01:16:36.63,360.5933333
2017-10-23 01:16:38.53,360.7435
2017-10-23 01:16:40.43,360.7251667
2017-10-23 01:16:42.33,360.7441667
2017-10-23 01:16:44.23,360.6506667
2017-10-23 01:16:46.12,360.7101667
2017-10-23 01:16:48.02,360.5856667
2017-10-23 01:16:49.92,360.5586667
2017-10-23 01:16:51.82,361.007
2017-10-23 01:16:53.72,361.3773333
2017-10-23 01:16:55.62,361.3133333
2017-10-23 01:16:57.51,361.034
2017-10-23 01:16:59.42,360.9956667
2017-10-23 01:17:01.31,360.7393333
2017-10-23 01:17:03.21,360.017
2017-10-23 01:17:05.11,359.4888333
2017-10-23 01:17:07.01,359.6573333
2017-10-23 01:17:08.91,359.7751667
2017-10-23 01:17:10.80,359.7855
2017-10-23 01:17:12.70,360.1286667
2017-10-23 01:17:14.60,360.3236667
2017-10-23 01:17:16.50,360.4861667
2017-10-23 01:17:18.40,360.2093333
2017-10-23 01:17:20.30,360.0198333
2017-10-23 01:17:22.19,360.0105
2017-10-23 01:17:24.10,360.0221667
2017-10-23 01:17:25.99,360.0978333
2017-10-23 01:17:27.89,360.298
2017-10-23 01:17:29.79,360.7141667
2017-10-23 01:17:31.69,361.0443333
2017-10-23 01:17:33.59,361.2003333
2017-10-23 01:17:35.49,361.173
2017-10-23 01:17:37.38,361.2968333
2017-10-23 01:17:39.28,361.3306667
2017-10-23 01:17:41.18,361.2901667
2017-10-23 01:17:43.08,361.471
2017-10-23 01:17:44.98,361.4773333
2017-10-23 01:17:46.87,361.4001667
2017-10-23 01:17:48.78,361.1685
2017-10-23 01:17:50.67,361.1421667
2017-10-23 01:17:52.57,361.1683333
2017-10-23 01:17:54.47,360.9635
2017-10-23 01:17:56.37,360.9571667
2017-10-23 01:17:58.27,361.117
2017-10-23 01:18:00.17,361.170
2017-10-23 01:18:02.06,361.0511667
2017-10-23 01:18:03.96,360.9323333
2017-10-23 01:18:05.86,360.8791667
2017-10-23 01:18:07.76,360.8605
2017-10-23 01:18:09.66,360.6535
2017-10-23 01:18:11.56,360.5753333
2017-10-23 01:18:13.46,360.5536667
2017-10-23 01:18:15.35,360.522
2017-10-23 01:18:17.25,360.6696667
2017-10-23 01:18:19.15,360.8396667
2017-10-23 01:18:21.05,360.9665
2017-10-23 01:18:22.95,361.1433333
2017-10-23 01:18:24.85,361.203
2017-10-23 01:18:26.74,361.3836667
2017-10-23 01:18:28.64,361.2833333
2017-10-23 01:18:30.54,361.233
2017-10-23 01:18:32.44,361.3118333
2017-10-23 01:18:34.34,361.4586667
2017-10-23 01:18:36.24,361.4273333
2017-10-23 01:18:38.14,361.265
2017-10-23 01:18:40.04,361.1888333
2017-10-23 01:18:41.93,361.2033333
2017-10-23 01:18:43.83,361.135
2017-10-23 01:18:45.73,361.0033333
2017-10-23 01:18:47.63,361.0038333
2017-10-23 01:18:49.53,361.0715
2017-10-23 01:18:51.42,361.1018333
2017-10-23 01:18:53.32,360.908
2017-10-23 01:18:55.22,360.7538333
2017-10-23 01:18:57.12,360.795
2017-10-23 01:18:59.02,360.8543333
2017-10-23 01:19:00.92,360.7916667
2017-10-23 01:19:02.82,360.7101667
2017-10-23 01:19:04.72,360.731
2017-10-23 01:19:06.61,360.6905
2017-10-23 01:19:08.51,360.5285
2017-10-23 01:19:10.41,360.429
2017-10-23 01:19:12.31,360.262
2017-10-23 01:19:14.21,360.3421667
2017-10-23 01:19:16.11,360.5026667
2017-10-23 01:19:18.00,360.6583333
2017-10-23 01:19:19.90,360.7146667
2017-10-23 01:19:21.80,360.5996667
2017-10-23 01:19:23.70,360.6918333
2017-10-23 01:19:25.60,360.6995
2017-10-23 01:19:27.50,360.6496667
2017-10-23 01:19:29.40,360.5926667
2017-10-23 01:19:31.29,360.661
2017-10-23 01:19:33.19,360.9256667
2017-10-23 01:19:35.09,361.2331667
2017-10-23 01:19:36.99,361.3026667
2017-10-23 01:19:38.89,361.1035
2017-10-23 01:19:40.79,361.342
2017-10-23 01:19:42.68,361.4276667
2017-10-23 01:19:44.58,361.633
2017-10-23 01:19:46.48,361.6321667
2017-10-23 01:19:48.38,361.8793333
2017-10-23 01:19:50.28,362.024
2017-10-23 01:19:52.18,362.028
2017-10-23 01:19:54.08,362.1085
2017-10-23 01:19:55.98,361.9041667
2017-10-23 01:19:57.87,361.9298333
2017-10-23 01:19:59.77,362.0465
2017-10-23 01:20:01.67,362.423
2017-10-23 01:20:03.57,362.4153333
2017-10-23 01:20:05.47,362.2893333
2017-10-23 01:20:07.36,362.2786667
2017-10-23 01:20:09.26,362.1358333
2017-10-23 01:20:11.16,362.001
2017-10-23 01:20:13.06,361.7948333
2017-10-23 01:20:14.96,361.8053333
2017-10-23 01:20:16.86,361.909
2017-10-23 01:20:18.76,361.9553333
2017-10-23 01:20:20.66,361.9915
2017-10-23 01:20:22.55,361.7801667
2017-10-23 01:20:24.45,361.7133333
2017-10-23 01:20:26.35,361.5826667
2017-10-23 01:20:28.25,361.570
2017-10-23 01:20:30.15,361.4203333
2017-10-23 01:20:32.05,361.4208333
2017-10-23 01:20:33.94,361.5148333
2017-10-23 01:20:35.85,361.3936667
2017-10-23 01:20:37.74,361.3255
2017-10-23 01:20:39.64,361.5813333
2017-10-23 01:20:41.54,361.5573333
2017-10-23 01:20:43.44,361.3086667
2017-10-23 01:20:45.34,361.0406667
2017-10-23 01:20:47.23,361.1085
2017-10-23 01:20:49.13,361.0706667
2017-10-23 01:20:51.03,360.825
2017-10-23 01:20:52.93,361.0723333
2017-10-23 01:20:54.83,361.2215
2017-10-23 01:20:56.73,361.5415
2017-10-23 01:20:58.62,361.6698333
2017-10-23 01:21:00.53,362.0385
2017-10-23 01:21:02.42,361.9988333
2017-10-23 01:21:04.32,362.050
2017-10-23 01:21:06.22,362.1651667
2017-10-23 01:21:08.12,362.1066667
2017-10-23 01:21:10.02,362.0218333
2017-10-23 01:21:11.92,362.0078333
2017-10-23 01:21:13.81,362.0583333
2017-10-23 01:21:15.71,361.8375
2017-10-23 01:21:17.61,361.9388333
2017-10-23 01:21:19.51,361.8998333
2017-10-23 01:21:21.41,361.8471667
2017-10-23 01:21:23.30,361.6965
2017-10-23 01:21:25.20,361.7546667
2017-10-23 01:21:27.10,361.8813333
2017-10-23 01:21:29.00,361.867
2017-10-23 01:21:30.90,361.9923333
2017-10-23 01:21:32.80,362.335
2017-10-23 01:21:34.70,362.5353333
2017-10-23 01:21:36.60,362.6453333
2017-10-23 01:21:38.49,362.9086667
2017-10-23 01:21:40.39,362.8765
2017-10-23 01:21:42.29,362.8126667
2017-10-23 01:21:44.19,362.576
2017-10-23 01:21:46.09,362.5343333
2017-10-23 01:21:47.99,362.4473333
2017-10-23 01:21:49.88,362.1405
2017-10-23 01:21:51.79,362.0411667
2017-10-23 01:21:53.68,361.9175
2017-10-23 01:21:55.58,361.9595
2017-10-23 01:21:57.48,361.8425
2017-10-23 01:21:59.38,361.7436667
2017-10-23 01:22:01.28,361.7168333
2017-10-23 01:22:03.17,361.8206667
2017-10-23 01:22:05.07,361.8598333
2017-10-23 01:22:06.97,361.6786667
2017-10-23 01:22:08.87,361.5171667
2017-10-23 01:22:10.77,361.5783333
2017-10-23 01:22:12.67,361.5095
2017-10-23 01:22:14.56,361.4886667
2017-10-23 01:22:16.47,361.8366667
2017-10-23 01:22:18.36,361.950
2017-10-23 01:22:20.26,362.3175
2017-10-23 01:22:22.16,362.3961667
2017-10-23 01:22:24.06,362.6911667
2017-10-23 01:22:25.96,362.7675
2017-10-23 01:22:27.86,362.5193333
2017-10-23 01:22:29.75,362.5495
2017-10-23 01:22:31.65,362.4563333
2017-10-23 01:22:33.55,362.611
2017-10-23 01:22:35.45,362.6951667
2017-10-23 01:22:37.35,362.7355
2017-10-23 01:22:39.24,362.7316667
2017-10-23 01:22:41.15,362.6915
2017-10-23 01:22:43.04,362.8918333
2017-10-23 01:22:44.94,362.854
2017-10-23 01:22:46.84,362.8391667
2017-10-23 01:22:48.74,362.7451667
2017-10-23 01:22:50.64,363.1158333
2017-10-23 01:22:52.54,363.5853333
2017-10-23 01:22:54.43,363.3741667
2017-10-23 01:22:56.33,363.3071667
2017-10-23 01:22:58.23,363.4505
2017-10-23 01:23:00.13,363.784
2017-10-23 01:23:02.03,363.6583333
2017-10-23 01:23:03.93,363.2255
2017-10-23 01:23:05.83,362.9878333
2017-10-23 01:23:07.73,362.8315
2017-10-23 01:23:09.62,362.629
2017-10-23 01:23:11.52,362.4541667
2017-10-23 01:23:13.42,362.3465
2017-10-23 01:23:15.32,362.5183333
2017-10-23 01:23:17.22,362.672
2017-10-23 01:23:19.11,362.8505
2017-10-23 01:23:21.01,362.7556667
2017-10-23 01:23:22.91,362.973
2017-10-23 01:23:24.81,363.1171667
2017-10-23 01:23:26.71,363.2873333
2017-10-23 01:23:28.61,363.3433333
2017-10-23 01:23:30.51,363.4808333
2017-10-23 01:23:32.41,363.7296667
2017-10-23 01:23:34.30,363.4708333
2017-10-23 01:23:36.20,363.5015
2017-10-23 01:23:38.10,363.5908333
2017-10-23 01:23:40.00,363.882
2017-10-23 01:23:41.90,363.9651667
2017-10-23 01:23:43.80,364.0308333
2017-10-23 01:23:45.69,364.0888333
2017-10-23 01:23:47.59,364.1386667
2017-10-23 01:23:49.49,364.0788333
2017-10-23 01:23:51.39,364.1253333
2017-10-23 01:23:53.29,364.2188333
2017-10-23 01:23:55.19,363.9603333
2017-10-23 01:23:57.09,363.9156667
2017-10-23 01:23:58.98,363.7821667
2017-10-23 01:24:00.88,363.369
2017-10-23 01:24:02.78,362.6165
2017-10-23 01:24:04.68,362.050
2017-10-23 01:24:06.58,362.0221667
2017-10-23 01:24:08.48,361.7285
2017-10-23 01:24:10.37,361.4316667
2017-10-23 01:24:12.27,361.4658333
2017-10-23 01:24:14.17,361.4498333
2017-10-23 01:24:16.07,361.2255
2017-10-23 01:24:17.97,360.9455
2017-10-23 01:24:19.87,360.7558333
2017-10-23 01:24:21.77,360.566
2017-10-23 01:24:23.66,360.5315
2017-10-23 01:24:25.56,360.8536667
2017-10-23 01:24:27.46,361.1093333
2017-10-23 01:24:29.36,361.4066667
2017-10-23 01:24:31.26,361.6886667
2017-10-23 01:24:33.16,361.9653333
2017-10-23 01:24:35.05,362.1278333
2017-10-23 01:24:36.95,362.0465
2017-10-23 01:24:38.85,362.0846667
2017-10-23 01:24:40.75,361.8956667
2017-10-23 01:24:42.65,361.7756667
2017-10-23 01:24:44.55,361.6305
2017-10-23 01:24:46.45,361.5176667
2017-10-23 01:24:48.35,361.615
2017-10-23 01:24:50.24,361.5795
2017-10-23 01:24:52.14,361.512
2017-10-23 01:24:54.04,361.5383333
2017-10-23 01:24:55.94,361.2233333
2017-10-23 01:24:57.84,361.0075
2017-10-23 01:24:59.74,360.7495
2017-10-23 01:25:01.63,360.7338333
2017-10-23 01:25:03.53,360.9723333
2017-10-23 01:25:05.43,361.0896667
2017-10-23 01:25:07.33,361.4331667
2017-10-23 01:25:09.23,361.7663333
2017-10-23 01:25:11.13,362.2233333
2017-10-23 01:25:13.03,362.3945
2017-10-23 01:25:14.92,362.2193333
2017-10-23 01:25:16.82,362.0583333
2017-10-23 01:25:18.72,362.0111667
2017-10-23 01:25:20.62,361.5708333
2017-10-23 01:25:22.52,361.026
2017-10-23 01:25:24.42,360.534
2017-10-23 01:25:26.31,360.3578333
2017-10-23 01:25:28.22,360.2788333
2017-10-23 01:25:30.11,360.564
2017-10-23 01:25:32.01,361.0108333
2017-10-23 01:25:33.91,361.4345
2017-10-23 01:25:35.81,361.6985
2017-10-23 01:25:37.71,361.8203333
2017-10-23 01:25:39.60,361.7393333
2017-10-23 01:25:41.50,361.2623333
2017-10-23 01:25:43.40,360.8956667
2017-10-23 01:25:45.30,360.5466667
2017-10-23 01:25:47.20,360.4051667
2017-10-23 01:25:49.10,360.2635
2017-10-23 01:25:50.99,360.327
2017-10-23 01:25:52.90,360.6685
2017-10-23 01:25:54.79,361.0083333
2017-10-23 01:25:56.69,361.2286667
2017-10-23 01:25:58.59,361.497
2017-10-23 01:26:00.49,361.6203333
2017-10-23 01:26:02.39,361.7313333
2017-10-23 01:26:04.29,361.5763333
2017-10-23 01:26:06.18,361.4271667
2017-10-23 01:26:08.08,361.471
2017-10-23 01:26:09.98,361.7378333
2017-10-23 01:26:11.88,362.0393333
2017-10-23 01:26:13.78,362.3103333
2017-10-23 01:26:15.68,362.4673333
2017-10-23 01:26:17.57,362.6843333
2017-10-23 01:26:19.47,362.6365
2017-10-23 01:26:21.37,362.4088333
2017-10-23 01:26:23.27,362.1098333
2017-10-23 01:26:25.17,361.8105
2017-10-23 01:26:27.07,361.5668333
2017-10-23 01:26:28.97,361.3135
2017-10-23 01:26:30.86,361.5688333
2017-10-23 01:26:32.76,361.5703333
2017-10-23 01:26:34.66,361.4796667
2017-10-23 01:26:36.56,361.3096667
2017-10-23 01:26:38.46,361.4045
2017-10-23 01:26:40.36,361.4348333
2017-10-23 01:26:42.25,361.0788333
2017-10-23 01:26:44.16,360.6706667
2017-10-23 01:26:46.05,360.6743333
2017-10-23 01:26:47.95,360.7793333
2017-10-23 01:26:49.85,360.5858333
2017-10-23 01:26:51.75,360.4358333
2017-10-23 01:26:53.65,360.2698333
2017-10-23 01:26:55.54,360.4326667
2017-10-23 01:26:57.44,360.4108333
2017-10-23 01:26:59.34,360.4245
2017-10-23 01:27:01.24,360.3946667
2017-10-23 01:27:03.14,360.2755
2017-10-23 01:27:05.04,360.3563333
2017-10-23 01:27:06.93,360.2631667
2017-10-23 01:27:08.84,360.1606667
2017-10-23 01:27:10.73,360.0445
2017-10-23 01:27:12.63,360.1416667
2017-10-23 01:27:14.53,360.1188333
2017-10-23 01:27:16.43,360.1121667
2017-10-23 01:27:18.33,360.5001667
2017-10-23 01:27:20.23,360.990
2017-10-23 01:27:22.12,361.1303333
2017-10-23 01:27:24.02,361.1915
2017-10-23 01:27:25.92,361.2496667
2017-10-23 01:27:27.82,361.587
2017-10-23 01:27:29.72,361.8066667
2017-10-23 01:27:31.61,361.7111667
2017-10-23 01:27:33.52,361.5735
2017-10-23 01:27:35.41,361.4778333
2017-10-23 01:27:37.31,361.7341667
2017-10-23 01:27:39.21,361.5043333
2017-10-23 01:27:41.11,360.8998333
2017-10-23 01:27:43.01,360.7358333
2017-10-23 01:27:44.91,360.9525
2017-10-23 01:27:46.80,361.0795
2017-10-23 01:27:48.70,360.6985
2017-10-23 01:27:50.60,360.293
2017-10-23 01:27:52.50,360.0446667
2017-10-23 01:27:54.40,360.1448333
2017-10-23 01:27:56.30,360.2738333
2017-10-23 01:27:58.20,360.1606667
2017-10-23 01:28:00.10,360.4336667
2017-10-23 01:28:01.99,360.7225
2017-10-23 01:28:03.89,360.9961667
2017-10-23 01:28:05.79,360.6988333
2017-10-23 01:28:07.69,360.5995
2017-10-23 01:28:09.59,360.6585
2017-10-23 01:28:11.48,360.7378333
2017-10-23 01:28:13.38,360.7288333
2017-10-23 01:28:15.28,361.0741667
2017-10-23 01:28:17.18,361.2228333
2017-10-23 01:28:19.08,361.2143333
2017-10-23 01:28:20.98,361.1806667
2017-10-23 01:28:22.88,361.1633333
2017-10-23 01:28:24.78,361.3048333
2017-10-23 01:28:26.67,361.2478333
2017-10-23 01:28:28.57,361.1668333
2017-10-23 01:28:30.47,361.1655
2017-10-23 01:28:32.37,361.172
2017-10-23 01:28:34.27,361.0411667
2017-10-23 01:28:36.17,361.0516667
2017-10-23 01:28:38.06,360.7678333
2017-10-23 01:28:39.96,360.7885
2017-10-23 01:28:41.86,360.5746667
2017-10-23 01:28:43.76,360.5928333
2017-10-23 01:28:45.66,360.6366667
2017-10-23 01:28:47.56,360.5905
2017-10-23 01:28:49.46,360.4396667
2017-10-23 01:28:51.35,360.2363333
2017-10-23 01:28:53.25,360.1761667
2017-10-23 01:28:55.15,360.0883333
2017-10-23 01:28:57.05,360.0231667
2017-10-23 01:28:58.95,359.9821667
2017-10-23 01:29:00.85,360.0005
2017-10-23 01:29:02.74,359.9886667
2017-10-23 01:29:04.64,360.1576667
2017-10-23 01:29:06.54,360.3721667
2017-10-23 01:29:08.44,360.3811667
2017-10-23 01:29:10.34,360.280
2017-10-23 01:29:12.24,360.3843333
2017-10-23 01:29:14.14,360.4613333
2017-10-23 01:29:16.04,360.1275
2017-10-23 01:29:17.93,359.7506667
2017-10-23 01:29:19.83,359.5095
2017-10-23 01:29:21.73,359.6181667
2017-10-23 01:29:23.63,359.5941667
2017-10-23 01:29:25.53,359.5931667
2017-10-23 01:29:27.42,359.8456667
2017-10-23 01:29:29.32,359.9833333
2017-10-23 01:29:31.22,360.0948333
2017-10-23 01:29:33.12,360.0711667
2017-10-23 01:29:35.02,360.134
2017-10-23 01:29:36.92,360.2691667
2017-10-23 01:29:38.82,360.0303333
2017-10-23 01:29:40.72,359.8083333
2017-10-23 01:29:42.61,359.8185
2017-10-23 01:29:44.51,359.5653333
2017-10-23 01:29:46.41,359.5415
2017-10-23 01:29:48.31,359.4728333
2017-10-23 01:29:50.21,359.8126667
2017-10-23 01:29:52.11,360.0416667
2017-10-23 01:29:54.00,360.2421667
2017-10-23 01:29:55.91,360.5385
2017-10-23 01:29:57.80,360.5213333
2017-10-23 01:29:59.70,360.7438333
2017-10-23 01:30:01.60,360.8951667
2017-10-23 01:30:03.50,361.1078333
2017-10-23 01:30:05.40,361.1326667
2017-10-23 01:30:07.29,361.0915
2017-10-23 01:30:09.19,360.9636667
2017-10-23 01:30:11.09,360.6225
2017-10-23 01:30:12.99,360.3156667
2017-10-23 01:30:14.89,360.1616667
2017-10-23 01:30:16.79,360.1775
2017-10-23 01:30:18.68,360.1458333
2017-10-23 01:30:20.59,360.4668333
2017-10-23 01:30:22.48,360.8928333
2017-10-23 01:30:24.38,360.9563333
2017-10-23 01:30:26.28,360.9125
2017-10-23 01:30:28.18,360.8661667
2017-10-23 01:30:30.08,360.9915
2017-10-23 01:30:31.98,360.7791667
2017-10-23 01:30:33.87,360.5006667
2017-10-23 01:30:35.77,360.5151667
2017-10-23 01:30:37.67,360.4923333
2017-10-23 01:30:39.57,360.2956667
2017-10-23 01:30:41.47,360.193
2017-10-23 01:30:43.36,360.0276667
2017-10-23 01:30:45.26,360.0525
2017-10-23 01:30:47.16,359.9465
2017-10-23 01:30:49.06,359.9481667
2017-10-23 01:30:50.96,360.0631667
2017-10-23 01:30:52.86,360.1613333
2017-10-23 01:30:54.76,360.2758333
2017-10-23 01:30:56.66,360.2328333
2017-10-23 01:30:58.55,360.311
2017-10-23 01:31:00.45,360.1848333
2017-10-23 01:31:02.35,360.2173333
2017-10-23 01:31:04.25,360.0243333
2017-10-23 01:31:06.15,360.0271667
2017-10-23 01:31:08.05,359.9675
2017-10-23 01:31:09.94,359.9496667
2017-10-23 01:31:11.84,360.2931667
2017-10-23 01:31:13.74,360.7741667
2017-10-23 01:31:15.64,361.0605
2017-10-23 01:31:17.54,361.2765
2017-10-23 01:31:19.44,361.446
2017-10-23 01:31:21.34,361.8013333
2017-10-23 01:31:23.23,361.733
2017-10-23 01:31:25.13,361.0848333
2017-10-23 01:31:27.03,360.7101667
2017-10-23 01:31:28.93,360.6255
2017-10-23 01:31:30.83,360.5231667
2017-10-23 01:31:32.73,360.5313333
2017-10-23 01:31:34.62,361.050
2017-10-23 01:31:36.53,361.4876667
2017-10-23 01:31:38.42,361.827
2017-10-23 01:31:40.32,362.054
2017-10-23 01:31:42.22,362.2976667
2017-10-23 01:31:44.12,362.4305
2017-10-23 01:31:46.02,362.6155
2017-10-23 01:31:47.91,362.499
2017-10-23 01:31:49.81,362.2536667
2017-10-23 01:31:51.71,362.1971667
2017-10-23 01:31:53.61,362.0906667
2017-10-23 01:31:55.51,361.6326667
2017-10-23 01:31:57.41,360.7771667
