2018-08-25 22:31,0,,
2018-08-25 23:31,0,,
2018-08-26 00:31,0,,
2018-08-26 01:31,0,,
2018-08-26 02:31,0,,
2018-08-26 03:31,0,,
2018-08-26 04:31,0,,
2018-08-26 05:31,0,,
2018-08-26 06:31,0,,
2018-08-26 07:31,0,,
2018-08-26 08:31,0,,
2018-08-26 09:31,0,,
2018-08-26 10:31,0,,
2018-08-26 11:31,0,,
2018-08-26 12:31,0,,
2018-08-26 13:31,0,,
2018-08-26 14:31,0,,
2018-08-26 15:31,0,,
2018-08-26 16:31,0,,
2018-08-26 17:31,0,,
2018-08-26 18:31,0,,
2018-08-26 19:31,0,,
2018-08-26 20:31,0,,
2018-08-26 21:31,0,,
