1524746125,0.124745,361.551,14.3633
1524749973,0.121029,0,0
1524753577,0.124026,373.446,6.66696
1524757182,0.126424,379.004,6.92482
1524760785,0.125644,373.295,6.76107
1524764389,0.135715,375.849,6.71140
1524767993,0.139791,369.964,5.13429
1524771597,0.143208,372.721,6.19446
1524775201,0.154538,366.896,4.92482
1524778806,0.152440,384.027,5.27182
1524782410,0.152859,374.087,4.84315
1524786014,0.148304,367.509,4.33909
1524789618,0.144467,372.971,4.87145
1524793223,0.140930,376.053,5.05891
1524796827,0.139911,379.44,5.15091
1524800431,0.143568,375.238,4.59873
1524804036,0.151241,372.322,4.68982
1524807639,0.150522,367.682,4.36691
1524811243,0.157595,367.095,4.41821
1524814847,0.157775,353.175,3.90455
1524818451,0.150162,347.164,4.54125
1524822063,0.146265,346.843,5.43893
1524825667,0.145306,365.08,8.39455
1524829271,0.149203,378.244,10.1431
1524832875,0.153699,383.489,11.1245
1524836480,0.152799,388.736,11.3815
1524840084,0.149982,371.169,11.2382
1524843688,0.151481,370.186,13.2395
1524847293,0.150821,369.378,18.9147
1524850899,0.152979,370.743,16.3371
1524854510,0.146805,386.048,16.6973
1524858114,0.135835,380.238,16.465
1524861719,0.127742,382.879,15.4886
1524865323,0.131279,383.32,14.0775
1524868928,0.126723,386.322,7.268
1524872531,0.133317,396.8,8.40945
1524874765,0.130380,394.969,8.93545
1524878369,0.139432,393.741,10.7666
1524881973,0.137633,393.038,8.022
1524885578,0.133797,388.989,7.93804
1524889182,0.138053,385.873,7.29661
1524892786,0.134636,383.246,6.12339
1524896390,0.141830,387.211,5.92054
1524899995,0.134276,389.364,5.24804
1524903599,0.139432,388.564,4.69875
1524907204,0.136195,389.196,4.38109
1524910807,0.134097,389.489,4.24556
1524914412,0.127383,379.211,4.77073
1524918017,0.125644,384.229,5.34127
1524921620,0.117132,382.336,4.98927
1524925224,0.117072,387.242,6.14509
1524928828,0.113835,392.024,6.54764
1524932432,0.113116,391.456,6.58836
1524936037,0.115754,388.116,4.24
1524939641,0.118091,386.6,4.39321
1524943245,0.119710,384.732,4.06
1524946849,0.116593,383.727,3.7275
1524950454,0.119110,392.448,3.96375
1524954058,0.114974,395.371,4.12375
1524957662,0.122707,395.979,3.71696
1524961267,0.122168,393.824,3.57364
1524964871,0.127443,391.591,3.91636
1524968475,0.139432,391.109,3.89545
1524972078,0.137753,391.956,4.04309
1524975682,0.145246,391.505,4.61946
1524979286,0.146086,389.670,4.47571
1524982889,0.150701,388.021,4.40893
1524986493,0.148903,382.895,6.21446
1524990097,0.148603,376.289,5.69857
1524993701,0.150581,372.127,4.62143
1524997306,0.152680,370.212,7.33268
1525000910,0.156096,371.256,8.44436
1525004515,0.166047,370.168,4.03089
1525008117,0.169404,364.773,2.78625
1525011722,0.168025,359.6,4.5725
1525015326,0.167426,362.027,5.43818
1525018932,0.171862,364.869,4.212
1525022536,0.177557,374.724,3.19236
1525026140,0.187867,355.543,2.35464
1525029744,0.182772,363.698,3.176
1525033350,0.188227,369.116,4.08732
1525036955,0.190205,354.611,3.10536
1525040559,0.188946,351.6,3.13518
1525044164,0.190445,347.825,3.70929
1525047769,0.177257,352.388,5.4125
1525051373,0.178216,355.912,11.1502
1525054976,0.173301,389.555,10.1302
1525058581,0.180074,406.54,7.11836
1525062187,0.165987,425.46,8.61709
1525065791,0.170663,423.781,7.15704
1525069396,0.159633,417.235,6.64818
1525073000,0.145966,408.147,6.38327
1525076604,0.146445,437.96,7.99327
1525080209,0.142789,441.339,7.90964
1525083813,0.140151,443.576,8.63145
1525087417,0.129841,451.709,9.72661
1525091021,0.131279,465.512,8.59304
1525094626,0.122527,460.258,8.13455
1525098230,0.118751,463.611,7.70182
1525101835,0.116413,453.425,7.8725
1525105439,0.113476,461.407,9.52179
1525109043,0.108500,441.584,5.97164
1525112647,0.102925,441.235,5.77382
1525116251,0.092015,438.513,4.87964
1525119855,0.087819,435.045,4.58545
1525123459,0.079187,422.618,4.50636
1525127064,0.078168,424.996,4.19636
1525130667,0.077808,421.541,4.35161
1525134272,0.072773,432.764,4.574
1525137876,0.070135,432.267,4.02091
1525141480,0.072473,422.377,4.05232
1525145084,0.073073,421.72,4.62309
1525148688,0.073672,417.302,4.55518
1525152291,0.074871,420.366,4.81839
1525155895,0.074811,419.993,3.97857
1525159500,0.075111,427.886,4.70018
1525163105,0.078288,422.405,4.69855
1525166709,0.080985,425.224,4.94818
1525170313,0.083803,421.451,4.38636
1525173917,0.080386,417.66,4.69309
1525177522,0.084462,429.051,5.25855
1525181126,0.083503,413.245,4.47127
1525184730,0.086500,415.814,4.72179
1525188335,0.084103,414.26,5.15491
1525191940,0.082244,407.862,4.77321
1525195545,0.078947,408.258,4.57618
1525199150,0.079007,400.338,3.81429
1525202755,0.080086,401.388,3.4025
1525206359,0.079067,397.7,3.70393
1525209964,0.076969,412.558,5.10212
1525213568,0.075890,410.351,5.48418
1525217176,0.079487,416.741,6.23963
1525220781,0.076130,414.122,6.63982
1525224386,0.076909,390.175,5.14109
1525227990,0.075950,397.838,5.22109
1525231594,0.079847,402.254,5.5425
1525235198,0.081105,393.86,5.06782
1525238804,0.081585,385.612,5.16107
1525242408,0.084702,382.55,4.98857
1525246021,0.087160,388.198,5.20727
1525249626,0.090457,389.711,5.38345
1525253231,0.092435,388.669,6.34873
1525256836,0.099389,380.747,5.24727
1525260441,0.103645,372.298,3.61509
1525264047,0.106462,374.029,4.23655
1525267651,0.111977,371.325,5.52946
1525271257,0.118811,367.841,4.93875
1525274861,0.123846,364.057,3.66036
1525278467,0.133437,365.348,3.27357
1525282071,0.141530,366.3,3.46143
1525285676,0.149622,365.834,3.65446
1525289281,0.162331,365.318,3.85446
1525292886,0.171502,366.024,3.60315
1525296489,0.181333,363.558,3.53491
1525300093,0.193982,362.356,3.78
1525303699,0.201535,371.611,5.16891
1525307305,0.213224,0,0
1525310911,0.221556,366.729,5.41393
1525314515,0.233605,360.577,4.31036
1525318119,0.242117,359.153,3.31782
1525321723,0.251948,340.925,1.89643
1525325328,0.261240,365.675,2.08
1525328932,0.267114,371.332,2.45464
1525332536,0.273349,376.739,2.36482
1525336141,0.281861,386.093,2.41304
1525339745,0.287076,404.504,1.99636
1525341013,0.292111,413.9,1.58327
1525344617,0.297506,352.35,2.17315
1525348221,0.289354,371.78,1.69127
1525351826,0.291212,345.622,2.44982
1525355430,0.296427,343.307,2.19709
1525359035,0.292111,0,0
1525362639,0.294089,355.453,3.63818
1525366244,0.295948,365.116,4.50125
1525369849,0.290852,358.855,8.51382
1525373454,0.285457,357.720,6.3275
1525377148,0.279583,360.534,6.76446
1525380752,0.282640,368.985,6.626
1525384356,0.275746,362.745,6.12764
1525387960,0.278324,363.146,5.76464
1525391564,0.265915,362.839,5.04446
1525395168,0.259981,0,0
1525398783,0.267174,364.446,4.19429
1525402386,0.253507,358.516,4.10655
1525405990,0.258362,359.031,4.11255
1525409595,0.255545,355.485,3.594
1525413199,0.248831,352.707,3.56259
1525416803,0.238640,364.636,2.96145
1525420407,0.237981,349.727,4.57291
1525424011,0.228570,345.670,6.29161
1525427614,0.218019,342.233,7.11255
1525431220,0.221017,337.458,7.54073
1525434824,0.213044,339.0,6.78571
1525438428,0.210826,343.256,6.83345
1525442033,0.212325,346.5,7.83125
1525445637,0.212265,349.675,8.69571
1525449242,0.215442,346.857,12.6648
1525452847,0.218979,347.129,13.9047
1525456451,0.213224,348.245,14.1476
1525460057,0.214303,343.689,13.1769
1525463661,0.210346,339.785,8.20836
1525467265,0.204232,327.196,6.45436
1525470870,0.216161,328.178,7.02145
1525474476,0.223954,326.531,6.09778
1525478080,0.223235,331.142,4.28618
1525481685,0.222995,325.802,5.21618
1525485289,0.211605,332.155,3.89375
1525488893,0.206690,326.207,5.08268
1525492497,0.199077,331.370,5.09214
1525496102,0.193202,328.236,4.93964
1525499706,0.191464,327.435,4.38727
1525503310,0.179954,323.985,3.72291
1525506916,0.170903,329.595,3.87964
1525510520,0.168205,334.92,5.64273
1525514124,0.161072,354.067,14.2251
1525517728,0.156636,0,0
1525521331,0.161132,374.552,27.5104
1525524936,0.161611,371.713,28.8749
1525528540,0.158254,411.412,32.075
1525532144,0.158554,469.409,14.0824
1525535749,0.157415,517.464,14.1059
1525539354,0.154118,556.849,8.66
1525542959,0.152080,579.441,11.5259
1525546564,0.152140,588.433,9.88927
1525550169,0.151061,592.145,10.188
1525553773,0.148543,595.595,11.5384
1525557378,0.147165,613.427,8.87491
1525560983,0.150342,618.504,8.19891
1525564588,0.149982,663.066,7.05982
1525568193,0.143748,625.732,8.69732
1525571798,0.143628,638.920,8.43714
1525575403,0.132059,658.798,6.27945
1525579008,0.131999,648.961,6.65518
1525582612,0.141350,647.205,6.43071
1525586218,0.147105,650.662,5.70607
1525589823,0.137813,645.081,5.38037
1525593428,0.132658,657.344,5.90945
1525597032,0.131579,660.405,5.52964
1525600637,0.134576,632.605,6.27473
1525604241,0.128042,627.353,6.23782
1525607845,0.128881,667.338,8.19109
1525611450,0.137933,686.078,8.42218
1525615050,0.136734,674.857,8.92889
1525618655,0.144587,660.227,7.75054
1525622260,0.143928,650.796,7.35982
1525625866,0.149802,655.445,7.08625
1525629471,0.163769,639.613,7.21564
1525633076,0.172282,638.141,7.53571
1525636681,0.173540,637.084,7.94527
1525640286,0.172282,626.795,7.87345
1525643890,0.165568,633.089,6.65436
1525647495,0.178096,663.345,9.71455
1525651100,0.174739,638.876,7.27745
1525654703,0.170303,656.555,8.41927
1525658307,0.161911,659.045,6.61673
1525661911,0.159273,645.218,6.66855
1525665514,0.162391,621.858,6.04218
1525669119,0.165508,617.177,5.84821
1525672726,0.165628,637.720,6.25375
1525676331,0.164549,639.729,6.30839
1525679936,0.158734,672.388,9.03982
1525683539,0.158194,648.155,6.30182
1525687144,0.153639,663.573,7.14945
1525690748,0.160652,699.098,9.13055
1525694352,0.160472,671.138,5.46673
1525697964,0.146865,681.591,9.30964
1525701569,0.138113,666.980,7.81875
1525705175,0.132178,750.312,4.90929
1525708780,0.126544,643.708,5.56038
1525712386,0.114555,651.149,6.39982
1525715990,0.098489,614.723,5.48286
1525719595,0.094953,611.132,5.21304
1525723199,0.085901,609.532,5.59661
1525726804,0.086081,608.789,5.28091
1525730409,0.074571,637.885,6.57709
1525734014,0.062522,625.605,6.85891
1525737619,0.062223,607.136,6.81855
1525741224,0.055149,602.616,6.75418
1525744830,0.050953,577.813,7.02909
1525748434,0.054430,606.364,6.954
1525752040,0.050534,589.238,7.10527
1525755643,0.050713,590.988,6.53411
1525759248,0.042681,625.671,5.73679
1525762853,0.043820,628.904,5.15339
1525766458,0.038604,621.071,5.59982
1525770063,0.040403,610.271,5.40911
1525773667,0.040583,588.765,5.18964
1525777272,0.041002,580.753,5.73436
1525780877,0.039024,628.442,6.95509
1525784482,0.036147,628.421,6.46625
1525788087,0.036147,664.224,9.52889
1525791692,0.034468,662.018,8.33625
1525795298,0.036806,698.793,9.92352
1525798904,0.036926,676.3,4.26582
1525802510,0.036087,669.875,4.00518
1525806114,0.036446,699.311,4.13093
1525809720,0.036746,676.294,4.09556
1525813326,0.036207,680.258,3.95145
1525816931,0.034828,672.611,3.64
1525820536,0.033269,686.449,3.71745
1525824140,0.034109,670.526,3.27519
1525827745,0.030752,664.702,3.06855
1525831351,0.027754,658.068,3.22868
1525834955,0.027994,674.992,4.88660
1525838560,0.027455,686.689,6.95464
1525842165,0.026196,664.191,5.96536
1525845770,0.028414,665.847,5.75218
1525849375,0.029553,659.614,5.65786
1525852980,0.030752,627.345,4.68821
1525856585,0.030452,638.071,4.45964
1525860197,0.028354,636.169,4.73927
1525863802,0.023319,636.9,4.89418
1525867406,0.022060,625.924,5.61018
1525871011,0.022000,608.325,6.47607
1525874615,0.021640,586.384,6.10655
1525878221,0.021340,582.366,6.08536
1525881825,0.020381,576.902,5.675
1525885431,0.020381,587.027,5.83
1525889036,0.019782,621.055,5.64643
1525892643,0.020621,606.734,5.40179
1525896248,0.020321,583.467,5.72491
1525899853,0.021220,588.218,5.92218
1525903458,0.021520,593.562,5.84909
1525907064,0.022719,581.656,5.83764
1525910669,0.021700,587.361,5.13179
1525914274,0.024398,567.389,5.71018
1525917879,0.022599,577.129,5.86364
1525921483,0.023498,576.002,5.66929
1525925088,0.029613,572.139,5.925
1525928693,0.025956,573.147,6.04055
1525932298,0.027395,565.771,5.99855
1525935903,0.030152,578.468,5.65179
1525939507,0.029733,585.68,5.27473
1525943112,0.024997,576.431,5.27345
1525946717,0.026376,594.102,5.04764
1525950321,0.024218,584.569,4.98964
1525953927,0.023918,572.162,5.00873
1525957532,0.024517,558.538,5.41364
1525961138,0.024577,563.409,5.01893
1525964742,0.027695,559.771,5.44673
1525968347,0.032850,563.023,4.95842
1525971953,0.032610,551.030,5.66018
1525975559,0.028414,539.291,5.62
1525979165,0.028174,532.258,5.65038
1525982770,0.030332,529.505,5.61945
1525986375,0.027575,527.773,5.70145
1525989980,0.025357,524.289,5.72127
1525993585,0.028354,524.829,5.69382
1525997190,0.028953,525.905,5.67768
1526000794,0.028294,527.071,5.94945
1526004399,0.030752,522.632,6.23196
1526008005,0.031051,502.025,5.93491
1526011610,0.031351,497.529,5.87857
1526015216,0.030812,484.557,6.28304
1526018822,0.032550,477.827,7.20945
1526022426,0.032850,471.284,7.59764
1526026030,0.033869,471.722,7.42909
1526029635,0.035188,472.051,7.70782
1526033241,0.034408,469.498,8.70982
1526036846,0.033869,461.295,8.51782
1526040451,0.033389,466.145,7.6625
1526044056,0.034348,483.04,9.24218
1526047662,0.034768,471.673,8.51304
1526051268,0.035367,456.973,7.56732
1526054874,0.036387,464.034,7.49304
1526058480,0.038604,469.859,7.42768
1526062086,0.037885,463.08,7.59855
1526065691,0.038604,448.929,7.638
1526069295,0.040703,440.773,8.44036
1526072900,0.041482,439.498,8.06473
1526076506,0.040762,448.371,9.62036
1526080182,0.041422,428.490,8.70962
1526083786,0.040403,466.921,7.21929
1526087392,0.040523,459.148,6.78071
1526090998,0.038185,471.353,5.632
1526094603,0.037825,483.733,5.22167
1526098209,0.032790,483.193,5.72036
1526101813,0.035008,472.198,6.912
1526105418,0.034229,463.92,7.082
1526109024,0.036686,478.351,7.32073
1526112630,0.033509,486.351,7.45055
1526116235,0.027695,491.618,7.54309
1526119840,0.029553,503.067,7.20909
1526123446,0.024937,506.858,7.092
1526127051,0.019902,511.341,6.51625
1526130656,0.019062,511.005,5.98393
1526134261,0.023139,506.995,6.068
1526137867,0.023259,495.765,6.08722
1526141472,0.020261,500.513,6.252
1526145077,0.018943,484.862,5.85927
1526148684,0.021940,476.813,5.72667
1526152289,0.018463,479.212,5.44321
1526155895,0.027215,467.22,5.21673
1526159500,0.022719,449.15,5.49839
1526163105,0.029912,445.166,5.62536
1526166710,0.031291,452.588,6.28429
1526170316,0.038904,471.021,6.02536
1526173921,0.043460,482.596,6.15327
1526177526,0.050174,483.664,6.33345
1526181131,0.056168,470.18,6.62945
1526184737,0.069056,461.925,7.66691
1526188342,0.072174,456.589,8.22236
1526191946,0.075950,455.104,9.885
1526195551,0.086560,445.805,11.8413
1526199168,0.094233,442.111,6.57727
1526202773,0.098849,445.721,6.50929
1526206378,0.103525,442.991,4.97143
1526209982,0.110059,435.016,5.33127
1526213606,0.114734,430.613,5.50436
1526217450,0.119650,0,0
1526221058,0.117792,426.821,9.33232
1526224663,0.123906,434.998,20.5165
1526228270,0.126304,430.869,16.1094
1526231875,0.118151,433.889,15.2044
1526235480,0.129781,431.541,14.4970
1526239086,0.132358,430.378,13.2462
1526242692,0.146205,423.053,8.44509
1526246297,0.146086,431.958,6.05818
1526249902,0.155557,445.973,6.29839
1526253507,0.156696,443.723,5.98161
1526257112,0.147644,448.909,5.60214
1526260718,0.142489,443.132,5.47179
1526264323,0.149083,437.929,5.53143
1526267930,0.142249,420.755,5.15018
1526271535,0.136195,420.643,5.40536
1526275141,0.132418,420.329,5.55179
1526278756,0.126604,413.658,5.67055
1526282361,0.126364,410.993,5.71836
1526285967,0.125285,394.873,4.21436
1526289572,0.113356,392.516,4.16145
1526293184,0.105443,401.430,5.37554
1526296790,0.114255,402.318,5.91964
1526300396,0.110059,391.480,5.41536
1526304002,0.110898,399.55,5.97857
1526307608,0.116593,393.762,6.17582
1526311215,0.116473,396.182,6.42745
1526314821,0.124745,399.765,6.60145
1526318428,0.113655,383.415,6.01655
1526322033,0.107181,381.526,5.48333
1526325639,0.116053,376.925,5.20345
1526329245,0.114195,379.571,5.76145
1526332849,0.101487,384.242,6.04582
1526336453,0.098489,373.707,5.38545
1526340058,0.092495,378.248,5.72696
1526343664,0.082124,378.024,5.93291
1526347269,0.081825,384.656,5.86891
1526350873,0.076010,381.807,5.82855
1526354478,0.080506,374.745,5.53127
1526358083,0.084942,380.169,5.64327
1526361688,0.087100,370.442,4.54655
1526365292,0.090757,363.871,4.27455
1526368897,0.097830,366.368,3.59304
1526372502,0.087759,383.885,2.35491
1526376106,0.091356,374.498,2.54732
1526379712,0.086620,366.305,2.264
1526383317,0.089917,381.525,1.54564
1526386922,0.081525,362.627,3.12661
1526390528,0.075051,353.398,3.33618
1526394136,0.070915,348.095,2.85255
1526397743,0.063062,356.202,4.34107
1526401349,0.063362,362.759,5.39321
1526404956,0.062582,363.886,8.70429
1526408562,0.062642,362.709,8.34091
1526412168,0.061144,358.561,5.25982
1526415773,0.062043,358.904,3.65053
1526419378,0.063841,358.161,3.44821
1526422983,0.062762,358.233,6.22255
1526426590,0.061324,353.864,6.79909
1526430196,0.058087,348.065,6.96
1526433801,0.057307,348.030,6.63625
1526437406,0.055389,337.649,5.09473
1526441011,0.058926,337.16,4.65364
1526444616,0.057187,334.345,4.57768
1526448221,0.058746,331.75,4.81875
1526451827,0.057187,326.338,6.3025
1526455432,0.053351,325.456,6.03745
1526459040,0.055209,323.256,5.87418
1526462645,0.054370,316.929,7.02182
1526466250,0.054969,307.715,7.782
1526469855,0.054730,312.209,9.29327
1526473477,0.048495,318.496,10.2718
1526477083,0.045978,323.804,11.7109
1526480689,0.041242,321.845,12.7436
1526484295,0.042321,323.15,10.3588
1526487900,0.039863,323.265,7.53389
1526491518,0.038964,319.252,6.67407
1526495124,0.036686,317.474,5.98389
1526498730,0.034229,324.282,7.62689
1526502334,0.036027,329.992,9.08564
1526505939,0.034888,329.789,9.87019
1526509544,0.037645,336.421,9.08658
1526513149,0.036387,341.847,6.54745
1526516754,0.034288,366.184,12.7942
1526520363,0.032550,369.185,15.1225
1526523974,0.037166,371.259,17.1531
1526527582,0.036387,375.011,18.014
1526531186,0.037226,385.259,18.8241
1526534792,0.036806,389.48,24.3422
1526538397,0.039264,385.984,29.3893
1526542002,0.043760,385.922,25.5242
1526545607,0.041062,383.798,26.3209
1526549213,0.042980,391.502,18.6393
1526552818,0.040343,429.693,5.66145
1526556424,0.041782,436.238,5.15151
1526560030,0.045258,438.027,4.37545
1526563635,0.045858,421.216,4.56527
1526567240,0.048375,415.489,3.86291
1526570846,0.055149,415.669,4.06164
1526574452,0.052452,412.162,5.896
1526578057,0.056948,414.252,6.53385
1526581664,0.060544,417.315,6.18222
1526585345,0.065340,431.493,5.87643
1526588951,0.066958,448.022,4.81673
1526592558,0.062702,445.296,4.73870
1526596183,0.059825,446.164,4.92364
1526599794,0.063242,448.964,5.45768
1526603399,0.062163,450.782,5.54839
1526607005,0.069296,454.085,5.40333
1526610611,0.079187,453.536,5.90618
1526614223,0.086081,447.855,5.71782
1526617829,0.090157,441.767,5.56564
1526621440,0.099449,438.073,5.28268
1526625045,0.111258,436.912,5.11268
1526628651,0.124206,432.362,5.16768
1526632257,0.140091,430.175,5.24679
1526635862,0.147165,433.116,5.64214
1526639467,0.151301,449.681,6.28352
1526643073,0.165927,448.104,6.33782
1526646678,0.170303,448.636,6.18145
1526650284,0.184390,460.256,6.67741
1526653891,0.195240,452.798,6.51509
1526657497,0.190745,441.762,6.51509
1526661103,0.197578,459.859,6.76214
1526664711,0.207889,464.216,6.44357
1526668316,0.218499,444.864,5.39536
1526671922,0.229469,443.582,4.78607
1526675528,0.235104,440.744,4.79407
1526679133,0.237501,437.073,4.54055
1526682739,0.249311,438.841,5.04222
1526686347,0.249311,437.142,4.91109
1526689952,0.254586,427.266,4.61286
1526693557,0.264477,422.564,4.25268
1526697163,0.261659,424.764,4.11161
1526700771,0.256444,421.065,4.22582
1526704376,0.259741,422.036,4.07571
1526707982,0.260161,420.784,3.98945
1526711588,0.264177,410.622,3.23667
1526715193,0.261479,406.385,3.01345
1526718799,0.261539,401.404,3.12855
1526722405,0.250510,394.347,3.06255
1526726011,0.243256,390.724,3.33655
1526729617,0.243916,0,0
1526733222,0.235703,396.414,5.09964
1526736828,0.222036,391.946,5.26411
1526740434,0.219578,383.268,5.6075
1526744040,0.215082,372.44,5.85927
1526747646,0.208728,374.8,5.85618
1526751252,0.196499,369.762,4.88018
1526754858,0.191104,370.824,4.99927
1526758464,0.181213,364.919,5.25887
1526762077,0.167186,363.945,4.84089
1526765683,0.160832,365.935,5.39891
1526769288,0.155797,363.154,6.1075
1526772894,0.148603,366.156,6.52727
1526776499,0.151241,368.3,5.69107
1526780105,0.134696,372.798,5.64709
1526783711,0.126124,387.167,4.80891
1526787316,0.112097,379.887,5.11345
1526790921,0.107721,400.391,4.50473
1526794527,0.097290,398.293,4.35491
1526798136,0.096391,390.136,3.11436
1526801741,0.085961,401.031,3.28382
1526805345,0.082364,410.418,3.44929
1526808951,0.075590,407.623,3.21036
1526812558,0.067977,402.418,3.02911
1526816163,0.067558,403.096,3.00345
1526819770,0.067678,404.715,3.06491
1526823370,0.068277,404.671,2.84109
1526893810,0.083443,403.22,2.35727
1526897108,0.081765,403.393,2.00582
1526900714,0.072653,438.684,1.98818
1526904325,0.068157,491.025,2.482
1526907931,0.064381,497.391,2.95704
1526911536,0.065340,431.532,2.04125
1526915142,0.065819,487.939,2.42679
1526918749,0.066539,489.48,2.40218
1526922355,0.066059,486.433,2.36167
1526925961,0.063062,0,0
1526929567,0.062762,310.028,3.32358
1526933172,0.061084,310.743,3.40509
1526936777,0.061923,306.798,0
1526940382,0.063781,0,4.45593
1526943988,0.067258,301.419,4.76593
1526947593,0.068217,298.288,4.235
1526951199,0.071874,300.302,7.01315
1526954804,0.074272,297.548,6.8275
1526958409,0.077509,299.580,6.41661
1526962014,0.078827,298.111,7.30571
1526965620,0.076250,299.698,7.44727
1526969225,0.080146,307.378,8.09673
1526972831,0.076610,305.564,7.31182
1526976437,0.079906,303.545,6.08055
1526978757,0.082244,299.402,5.73946
1526982364,0.086321,294.733,5.49236
1526985970,0.086261,290.68,5.802
1526989576,0.091116,303.862,10.5864
1526993182,0.091776,318.74,14.7635
1526996788,0.092015,319.611,18.1915
1527000394,0.091895,317.56,19.5073
1527004001,0.092135,324.038,17.9705
1527007607,0.092135,318.729,20.1155
1527011213,0.092195,337.814,20.1573
1527014820,0.090457,347.584,18.9113
1527018425,0.092555,340.256,16.6318
1527022031,0.091836,334.825,14.1516
1527025636,0.085062,356.135,7.65782
1527029241,0.085961,376.102,8.18164
1527032847,0.086500,392.144,8.42582
1527036453,0.088658,388.175,9.25446
1527040059,0.086860,369.495,8.19964
1527043666,0.091176,358.362,6.06429
1527047272,0.087999,388.371,7.175
1527050879,0.086021,405.623,10.7898
1527054485,0.084822,425.313,12.3789
1527058090,0.082664,461.515,9.83218
1527061696,0.080326,448.747,11.2035
1527065302,0.075710,449.165,11.8633
1527068908,0.074032,462.234,11.9632
1527072513,0.074871,477.552,12.9357
1527076119,0.071155,475.748,12.3112
1527079725,0.073133,484.956,11.0809
1527083331,0.079007,482.680,10.0189
1527086937,0.085182,497.711,9.54357
1527090543,0.084043,506.247,8.43636
1527094150,0.087939,501.087,8.00091
1527097757,0.090157,522.304,7.22074
1527101364,0.094413,528.147,6.80382
1527104969,0.095013,512.677,7.30036
1527108576,0.099449,524.039,7.18911
1527112189,0.110119,522.866,6.94
1527115794,0.121448,522.979,6.90429
1527119401,0.124625,519.084,7.06714
1527123007,0.128042,514.44,6.94909
1527126613,0.138772,502.278,6.91873
1527130221,0.143868,492.227,6.80418
1527133827,0.156936,494.627,6.69182
1527137433,0.158254,503.780,6.72304
1527141038,0.162870,502.531,6.60945
1527144644,0.170483,487.993,6.996
1527148249,0.174200,494.521,6.79054
1527151854,0.175039,494.898,6.68732
1527155461,0.183251,490.304,5.77179
1527159066,0.191764,485.094,5.74926
1527162672,0.195540,487.225,5.97036
1527166279,0.199616,467.645,5.84782
1527169893,0.213524,460.975,5.61857
1527173499,0.212025,490.389,5.83661
1527177106,0.213344,469.277,6.31696
1527180713,0.211126,457.911,5.98875
1527184319,0.204772,451.135,5.44455
1527187925,0.211605,451.849,5.12218
1527191531,0.213404,452.091,5.24
1527195136,0.215382,445.793,5.23418
1527198742,0.216281,440.295,5.35855
1527202349,0.218139,441.786,5.47286
1527205955,0.215981,436.368,5.5075
1527209561,0.216461,432.761,4.96982
1527213167,0.218259,423.647,4.30055
1527216774,0.215861,431.882,4.98564
1527220380,0.221436,425.470,6.37821
1527223986,0.220417,430.675,5.91618
1527227592,0.211126,418.211,5.33945
1527231199,0.214842,416.484,4.82491
1527234804,0.213404,410.287,4.70473
1527238410,0.214782,403.161,4.65464
1527242015,0.209447,395.565,4.55564
1527245622,0.213104,393.234,4.41446
1527249227,0.207109,392.507,4.69055
1527252833,0.209387,391.232,4.55696
1527256440,0.201175,384.487,4.18527
1527260047,0.198118,382.707,4.15236
1527263653,0.181213,359.316,4.70855
1527267259,0.174440,353.082,4.81109
1527270871,0.169824,355.328,5.28426
1527274476,0.160832,365.962,4.77255
1527278082,0.154238,360.716,4.18582
1527281689,0.145606,365.907,3.45436
1527285295,0.134876,385.544,2.85255
1527288901,0.133138,394.325,2.80036
1527292508,0.128522,381.291,3.90836
1527296114,0.126723,382.529,4.34145
1527299719,0.116113,391.055,3.69527
1527303326,0.110658,396.464,2.84236
1527306931,0.107841,379.285,3.578
1527310537,0.105143,350.602,3.97345
1527314143,0.102865,351.353,3.52982
1527317750,0.100767,343.391,3.88255
1527321356,0.100887,338.868,4.01286
1527324962,0.099269,329.605,4.08179
1527328568,0.093634,325.394,3.88630
1527332174,0.095612,329.007,4.33527
1527335780,0.087939,328.407,5.02491
1527339386,0.086500,324.773,5.70618
1527342988,0.082904,318.818,5.58873
1527346594,0.084282,316.34,5.24945
1527350200,0.084882,315.684,5.79518
1527353806,0.086680,323.268,8.17946
1527357411,0.081645,332.761,9.38036
1527361018,0.078947,336.007,9.63036
1527364624,0.078288,338.867,11.0293
1527368231,0.079667,340.813,11.6206
1527371836,0.076669,343.258,10.3996
1527375442,0.077689,346.344,8.94455
1527379048,0.074152,351.580,8.73929
1527382655,0.073013,348.633,8.97
1527386260,0.073253,342.6,9.10929
1527389867,0.073013,337.007,6.78661
1527393473,0.077988,356.05,3.81893
1527397087,0.075590,354.821,4.11536
1527400701,0.078528,349.375,4.25473
1527404307,0.074751,341.558,4.16309
1527407913,0.074152,342.151,4.16018
1527411518,0.077209,351.418,4.39036
1527415132,0.080985,351.115,4.06
1527418738,0.082544,343.138,3.93554
1527422344,0.086021,345.504,4.17981
1527425951,0.090277,347.295,4.08891
1527429558,0.093214,352.829,4.04109
1527433163,0.096511,342.189,3.16911
1527436771,0.101607,348.855,4.06036
1527440378,0.102626,342.554,5.27857
1527443985,0.104664,343.791,5.03055
1527447592,0.112696,342.004,6.31518
1527451198,0.118811,349.679,6.30982
1527454803,0.122887,372.771,5.41273
1527458410,0.123726,383.449,6.88564
1527462016,0.122048,392.875,7.088
1527465631,0.123007,404.247,8.24036
1527469237,0.127383,400.133,7.99636
1527472843,0.124206,398.451,7.72255
1527476449,0.129121,407.271,8.03786
1527480056,0.135176,409.373,8.46446
1527483661,0.137693,398.771,7.21145
1527487267,0.139012,397.56,6.42236
1527490873,0.138772,408.031,7.28036
1527494479,0.139731,411.664,7.47673
1527498086,0.144167,406.922,8.414
1527501692,0.157715,405.258,8.07782
1527505298,0.149862,403.586,7.45518
1527508905,0.152140,403.420,7.61464
1527512511,0.158374,401.496,7.32321
1527516117,0.174559,397.595,7.06982
1527519724,0.173960,390.680,6.63833
1527523330,0.183611,398.422,7.562
1527526936,0.174380,390.84,6.93745
1527530543,0.173001,394.082,7.69618
1527534149,0.173660,393.984,8.06273
1527537756,0.174260,394.309,8.39164
1527541361,0.175998,389.389,9.99071
1527544968,0.177856,380.643,9.46518
1527548575,0.180734,374.538,9.57304
1527552181,0.185050,368.770,10.1871
1527555788,0.183251,377.593,11.8098
1527559395,0.187687,384.04,12.0709
1527563001,0.184870,390.322,12.9058
1527566609,0.185529,387.605,12.1356
1527570215,0.183971,390.384,11.4975
1527573822,0.190145,390.544,10.6824
1527577428,0.194461,399.955,8.31545
1527581035,0.197578,398.633,6.75073
1527584642,0.196080,405.371,6.65357
1527588248,0.198897,404.022,7.47036
1527591856,0.201235,406.785,7.10273
1527595462,0.210047,409.855,6.696
1527599070,0.213104,411.453,6.42436
1527602677,0.205191,402.7,5.76255
1527606285,0.197638,399.925,5.99255
1527609894,0.194101,392.561,5.13518
1527613502,0.192063,392.457,4.31536
1527617108,0.187927,399.405,5.06364
1527620714,0.186428,389.738,5.00255
1527624321,0.187507,374.356,4.02364
1527627928,0.184570,375.775,3.86109
1527631534,0.184151,380.378,4.14109
1527635141,0.183371,374.638,3.40891
1527638748,0.184630,380.9,3.39491
1527642355,0.187268,384.845,3.64982
1527645961,0.185949,376.793,3.34339
1527649568,0.187208,368.949,4.00182
1527653174,0.187148,367.273,4.14218
1527656780,0.183911,358.511,3.51273
1527660387,0.181393,369.087,3.70582
1527663993,0.178096,369.876,3.05345
1527667600,0.175758,369.573,2.36018
1527671205,0.178216,330.671,1.49909
1527674812,0.175578,336.923,1.84423
1527678419,0.172821,349.636,1.43283
1527682025,0.172701,0,1.32019
1527685632,0.171862,355.294,4.58156
1527689238,0.169944,346.802,3.11615
1527692845,0.168625,346.596,3.33526
1527696453,0.168805,350.302,7.01839
1527700059,0.165448,336.35,7.24625
1527703672,0.165208,339.330,6.42036
1527707281,0.162271,375.046,6.82946
1527710890,0.165508,372.467,7.56691
1527714497,0.161671,368.191,7.17964
1527718104,0.159813,378.738,8.152
1527721711,0.164189,370.538,8.14586
1527725316,0.175938,365.182,6.08982
1527728923,0.184690,373.814,5.97304
1527732530,0.194461,371.211,5.48696
1527736135,0.194881,367.844,0
1527739742,0.197159,365.009,7.77339
1527743347,0.202913,360.645,7.87818
1527746962,0.197099,362.475,8.00109
1527750569,0.203753,352.965,8.16836
1527754176,0.203333,349.909,8.55527
1527757783,0.205791,353.075,7.43071
1527761397,0.205851,368.821,7.56554
1527765004,0.203453,368.376,8.21618
1527768610,0.197219,362.815,8.91255
1527772217,0.199137,361.596,10.2369
1527775823,0.198477,367.015,15.1911
1527779430,0.193022,383.187,21.8515
1527783037,0.194461,383.169,20.5784
1527786646,0.190625,417.482,14.0487
1527790253,0.197338,428.52,21.7642
1527793859,0.191704,442.176,20.4109
1527797466,0.205191,469.954,17.6259
1527801073,0.201954,478.875,15.8013
1527804679,0.193502,482.598,13.3724
1527808285,0.201714,498.157,14.1559
1527811892,0.195001,500.05,12.7652
1527815500,0.201595,513.582,12.4912
1527819107,0.197338,552.254,15.0259
1527822714,0.211126,542.729,12.3179
1527826320,0.225033,555.944,11.0895
1527829927,0.224434,565.353,10.9885
1527833534,0.216281,554.582,10.0162
1527837141,0.215622,597.091,12.3767
1527840756,0.215861,599.507,11.3491
1527844362,0.216101,614.709,10.7707
1527847969,0.216761,611.495,10.9018
1527851576,0.208908,612.665,10.1455
1527855184,0.207649,624.42,10.2695
1527858793,0.190625,644.529,9.02055
1527862400,0.187747,665.775,8.66073
1527866007,0.180374,689.727,8.67309
1527869614,0.164429,701.055,7.32107
1527873221,0.155557,692.035,6.61618
1527876827,0.148064,722.693,7.39109
1527880436,0.135056,681.564,5.30018
1527884043,0.130920,711.378,5.88164
1527887649,0.122407,726.871,6.18291
1527891256,0.115993,735.18,5.988
1527894864,0.107721,739.742,6.32891
1527898471,0.105923,727.168,5.85929
1527899305,0.104963,702.361,5.05375
1527902911,0.100647,711.261,4.93857
1527906518,0.098549,682.918,4.51339
1527910133,0.098849,675.711,4.39911
1527913740,0.096811,678.562,4.29436
1527917347,0.096152,663.507,4.65418
1527920955,0.093094,657.209,4.636
1527924561,0.085781,656.004,5.04745
1527928168,0.085062,663.675,5.25545
1527931774,0.082184,639.065,4.94964
1527935381,0.084282,647.643,5.26607
1527938988,0.081345,653.712,5.86179
1527942597,0.081405,642.355,6.025
1527946203,0.080506,645.52,7.032
1527949811,0.078528,603.811,6.408
1527953419,0.077149,589.833,6.42418
1527957034,0.074332,590.053,7.39036
1527960641,0.072174,605.742,8.53618
1527964248,0.073672,612.016,8.26327
1527967855,0.072533,609.693,8.30875
1527971461,0.076070,644.191,8.75291
1527975070,0.076789,633.742,7.954
1527978678,0.076010,666.056,8.66527
1527982287,0.076550,684.004,7.20818
1527985895,0.077149,678.482,6.61268
1527989502,0.078168,638.135,5.06327
1527993109,0,648.885,5.14418
1527996721,0.082964,629.877,4.82554
1528000329,0.083803,625.762,4.94891
1528003936,0.083683,623.571,5.00764
1528007543,0.088119,624.844,5.13891
1528011150,0.083443,624.013,5.142
1528014757,0.081105,626.238,5.28
1528018364,0.078468,634.524,5.35855
1528021971,0.079847,627.95,5.58679
1528025577,0.081405,653.729,6.57855
1528029184,0.086680,715.036,7.05273
1528032785,0.090097,727.1,7.04564
1528036392,0.085122,737.407,7.03055
1528040000,0.088059,709.791,5.60236
1528043607,0.082424,756.736,7.05125
1528047214,0.083923,747.575,6.29655
1528050822,0.086440,689.738,4.60339
1528054430,0.086440,710.593,5.29836
1528058042,0.090097,688.389,4.52518
1528061649,0.087460,648.933,4.15296
1528065257,0.087100,634.66,4.60455
1528067367,0.086560,632.443,4.76946
1528070973,0.085302,635.06,4.76964
1528074581,0.091116,629.918,4.87582
1528078196,0.089797,615.836,4.80786
1528081803,0.086261,593.051,5.31582
1528085410,0.089078,593.425,5.46218
1528089018,0.094293,593.62,5.772
1528092630,0.099688,586.627,6.09073
1528096237,0.092735,583.462,6.10375
1528099844,0.098789,563.847,5.57364
1528103451,0.102686,547.507,6.02696
1528107063,0.100647,589.784,7.204
1528110671,0.091955,605.607,8.21182
1528114278,0.086800,593.111,7.16709
1528117886,0.080926,565.178,6.60236
1528121499,0.084402,567.653,6.57036
1528125106,0.083024,554.330,6.72518
1528128720,0.078887,535.362,6.66732
1528132329,0.080086,529.116,6.54491
1528135945,0.078108,523.038,6.45018
1528139552,0.072773,504.76,6.09364
1528143159,0.068517,498.227,6.37179
1528146767,0.066599,494.367,6.25127
1528150379,0.064800,491.36,6.43455
1528153987,0.060724,484.111,6.36655
1528157594,0.060125,475.1,5.73218
1528161201,0.058746,449.6,6.45182
1528164815,0.056768,443.918,7.21107
1528168421,0.048555,443.4,7.01891
1528172028,0.046937,434.352,8.06375
1528175635,0.042501,433.257,8.79714
1528179249,0.038125,428.471,9.31393
1528182857,0.034588,423.875,9.20545
1528186465,0.034528,403.333,10.4302
1528190072,0.034109,402.395,9.99232
1528193686,0.027035,401.702,9.76964
1528197292,0.024997,418.953,8.78764
1528200899,0.021820,422.0,10.4520
1528204506,0.014567,411.405,9.14818
1528208119,0.010790,436.365,9.81764
1528211727,0.009411,441.344,10.4647
1528215334,0.007853,431.665,7.47836
1528218941,0.007014,427.691,8.09946
1528222555,0.006414,452.420,7.07268
1528226168,0.005455,443.743,6.36982
1528229775,0.006414,454.507,6.61691
1528233382,0.007613,450.947,6.42109
1528236995,0.004076,450.777,6.22054
1528240602,0.008272,451.209,6.35089
1528244209,0.008812,445.868,6.4425
1528247817,0.011449,448.432,5.81054
1528251432,0.013188,439.48,5.32909
1528255040,0.015825,437.018,5.452
1528258654,0.015046,428.322,4.82582
1528262261,0.014087,425.698,4.83946
1528265876,0.016785,426.069,5.09455
1528269483,0.020022,430.585,4.83130
1528273091,0.022539,430.867,5.03745
1528276698,0.026496,429.593,5.12073
1528280312,0.023319,428.570,5.53214
1528283920,0.023019,429.548,7.2475
1528287529,0.016725,439.555,9.33054
1528291144,0.024577,445.689,10.3382
1528294759,0.021340,449.402,11.0153
1528298366,0.023019,444.115,12.6315
1528301974,0.026256,446.146,12.5654
1528305584,0.022180,449.030,10.6766
1528309198,0.026975,455.187,7.32655
1528312806,0.024517,455.055,7.07345
1528316415,0.022899,450.073,7.08109
1528320022,0.020561,441.765,6.56764
1528323635,0.021400,437.98,6.69055
1528327243,0.019782,428.293,7.00491
1528330851,0.018883,421.84,6.61327
1528334459,0.017264,409.036,5.70873
1528338072,0.016125,402.204,5.71818
1528341680,0.012109,392.209,5.84436
1528345288,0.012409,388.439,6.63732
1528348896,0.014926,386.362,7.66836
1528352511,0.012768,378.991,7.57236
1528356119,0.020022,374.456,8.50818
1528359727,0.019842,377.949,11.1733
1528363343,0.018763,371.062,9.85309
1528366951,0.018943,386.630,7.31821
1528370558,0.020141,392.630,6.78893
1528374165,0.023738,392.173,6.26855
1528377780,0.019003,392.598,5.82571
1528381387,0.020022,396.293,6.36945
1528384994,0.024457,397.671,6.46291
1528388609,0.025417,393.958,5.78582
1528392224,0.028114,383.34,6.52327
1528395832,0.033269,387.512,8.42964
1528399440,0.027814,378.141,7.99161
1528403048,0.030392,378.085,9.71528
1528406656,0.033629,382.764,7.51836
1528410264,0.034948,382.036,7.95564
1528413871,0.036327,376.207,8.98091
1528417479,0.039863,381.291,10.9089
1528421087,0.040223,0,0
1528424694,0.039743,383.831,10.6615
1528428302,0.043040,378.202,9.77873
1528431909,0.043100,381.54,9.28236
1528435520,0.045858,382.482,9.38436
1528439128,0.047117,379.538,9.25
1528442736,0.045378,375.522,8.85036
1528446343,0.043640,380.727,9.74927
1528449950,0.042561,386.864,10.7225
1528453565,0.040643,377.969,9.99291
1528457172,0.037286,370.289,10.1155
1528460793,0.035967,368.805,10.6324
1528464400,0.036387,371.135,10.9285
1528468008,0.034768,371.131,12.1047
1528471615,0.034288,376.166,11.2312
1528475227,0.034348,375.88,10.7964
1528478840,0.030392,371.402,10.0431
1528482451,0.030692,363.548,10.7280
1528486067,0.028953,358.505,8.7175
1528489675,0.027695,356.607,6.40946
1528493288,0.025656,356.296,5.24236
1528496898,0.026496,354.729,4.28564
1528500505,0.027095,352.525,5.124
1528504117,0.027874,355.815,6.51655
1528507730,0.031891,350.502,6.05518
1528511337,0.033449,352.818,5.71679
1528514948,0.034109,349.02,5.27164
1528518556,0.037226,344.167,5.48091
1528522167,0.044000,341.516,7.19109
1528525778,0.044359,353.75,2.41946
1528529390,0.047836,348.464,2.40268
1528533001,0.048675,334.577,7.48429
1528536612,0.051073,337.325,8.42891
1528540224,0.052991,339.433,7.53582
1528543833,0.049574,337.639,7.96018
1528547442,0.051792,337.655,8.69
1528551052,0.051553,336.368,7.98679
1528554660,0.055749,350.6,4.84482
1528558270,0.045978,351.378,5.23436
1528561883,0.046637,349.016,5.75273
1528565492,0.041062,344.654,5.36357
1528569099,0.040463,345.664,5.66618
1528572710,0.038604,349.473,4.58582
1528576318,0.039264,342.720,5.62482
1528579926,0.042681,329.435,6.53291
1528583542,0.047716,340.215,4.77
1528587150,0.042201,339.175,3.89107
1528590759,0.041002,354.458,4.53236
1528594366,0.040882,348.645,3.975
1528597974,0.036626,344.05,4.18643
1528601582,0.036027,355.786,6.11696
1528605190,0.032910,352.815,6.91491
1528608798,0.034948,345.736,4.47018
1528612406,0.037346,347.071,4.06804
1528616013,0.038724,344.051,3.87455
1528619621,0.038065,338.612,3.50518
1528623228,0.038245,329.396,3.38745
1528626835,0.039324,329.1,3.59875
1528630442,0.037466,331.104,3.65291
1528634050,0.034528,330.9,4.22782
1528637654,0.035907,323.358,3.04291
1528641261,0.033030,330.545,4.23109
1528644869,0.027395,331.968,4.7025
1528648476,0.026735,333.595,5.074
1528652103,0,330.516,5.22375
1528655712,0.024517,327.749,3.43418
1528659320,0.025776,327.135,4.09
1528662929,0.022419,323.345,3.13643
1528666537,0.018883,326.769,3.09673
1528670144,0.016485,321.633,3.63127
1528673752,0.019122,316.595,3.50145
1528677359,0.016785,312.161,3.12357
1528680967,0.015526,306.742,4.28018
1528684574,0.013248,299.16,7.17382
1528688181,0.011449,295.305,5.67036
1528691789,0.011390,294.976,5.774
1528695398,0.010370,295.031,7.18945
1528699004,0.011929,291.867,7.48745
1528702612,0.013068,292.732,8.87571
1528706220,0.012409,291.954,9.01661
1528709827,0.011210,293.542,8.28509
1528713435,0.009531,295.238,10.3518
1528717051,0.006714,294.851,9.00018
1528720658,0.005335,292.967,6.87473
1528724266,0.004856,301.148,6.31232
1528727874,0.004736,306.470,7.18179
1528731485,0.001379,309.070,8.05643
1528735094,0.002937,311.911,9.10709
1528738702,0.003417,303.875,14.238
1528742311,0.003537,301.445,16.5964
1528745919,0.003956,298.152,15.64
1528749526,0.004496,297.484,13.5831
1528753134,0.008692,291.855,11.3044
1528756744,0.003117,293.856,11.2815
1528760352,0.001319,294.309,11.2685
1528763960,0.002817,293.504,11.334
1528767568,0.005935,292.980,11.0521
1528771175,0.004376,297.836,11.1511
1528774784,0.001439,298.131,11.1707
1528778392,0.004076,301.32,11.7138
1528782000,0.002218,305.275,8.43589
1528785617,0.002698,312.176,6.75630
1528789226,0.001738,311.624,6.10545
1528792834,0.002817,310.071,6.34873
1528796442,0.011090,310.321,6.72375
1528800050,0.010850,312.734,6.59286
1528803659,0.010670,310.934,4.46893
1528807268,0.017444,300.604,3.96309
1528810877,0.012528,300.653,4.10782
1528814486,0.014027,302.06,4.29691
1528818094,0.020801,305.213,3.99345
1528821702,0.016665,307.286,6.87679
1528825310,0.014567,308.88,4.58309
1528828919,0.013847,307.402,2.96143
1528832528,0.014806,298.415,1.93185
1528836136,0.016545,0,1.69962
1528839743,0.017084,295.145,1.79980
1528843352,0.013308,294.771,1.96643
1528846967,0.012528,297.691,2.03125
1528850576,0.011330,296.422,2.02964
1528854184,0.011509,299.493,1.795
1528857791,0.008872,308.724,2.36333
1528861398,0.008332,301.429,2.61843
1528865006,0.006954,290.102,2.23472
1528868615,0.009172,288.138,2.72218
1528872223,0.006354,0,2.70052
1528875830,0.007973,285.137,3.26537
1528879439,0.006954,286.0,3.63745
1528883057,0.006234,283.447,3.75745
1528886665,0.005935,295.754,5.56778
1528890273,0.006774,304.825,6.94825
1528893881,0.008692,303.633,7.49579
1528897491,0.008212,305.289,17.2336
1528901105,0.008392,306.307,14.0971
1528904715,0.009771,305.68,13.3262
1528908331,0.012469,302.911,13.4196
1528911941,0.013667,305.862,11.7754
1528915557,0.020082,307.062,10.8069
1528919165,0.024218,305.174,11.3633
1528922773,0.028594,302.002,11.3215
1528926385,0.031171,303.915,14.1422
1528929993,0.039923,301.809,16.7922
1528933601,0.041722,305.023,16.1827
1528937220,0.046997,306.325,10.5996
1528940828,0.053651,305.54,12.3967
1528944443,0.061503,310.48,13.0395
1528948058,0.068217,307.124,15.6049
1528951674,0.070675,306.548,15.4935
1528955282,0.075471,310.217,10.3583
1528958893,0.074631,318.391,4.22
1528962511,0.077269,322.989,3.17375
1528966123,0.087759,332.148,4.15214
1528969733,0.090037,338.232,4.01
1528973345,0.098370,340.667,6.11945
1528976962,0.102026,341.956,5.92296
1528980571,0.103405,337.478,5.91164
1528984182,0.117552,0,4.16370
1528987795,0.126124,335.123,7.84771
1528991406,0.134576,333.465,6.95036
1528995017,0.147284,332.827,7.02291
1528998629,0.145126,340.029,7.37364
1529002239,0.153878,345.836,8.32607
1529005851,0.163350,340.102,9.36309
1529007870,0.163709,338.582,9.47891
1529011483,0.170183,331.049,11.9789
1529015097,0.171023,324.841,13.7941
1529018711,0.177976,318.16,13.724
1529022322,0.173420,312.558,14.58
1529025933,0.179535,319.095,9.25255
1529029546,0.179954,317.791,10.0162
1529033157,0.193982,320.145,12.6314
1529036769,0.204532,320.849,12.4669
1529040381,0.193982,309.836,10.3716
1529043994,0.191704,308.607,9.86855
1529047608,0.194641,311.136,10.7988
1529051219,0.191284,318.209,9.64982
1529054832,0.189606,326.416,4.31709
1529058452,0.180794,325.736,3.51164
1529062065,0.176178,330.731,3.71309
1529065678,0.179715,324.738,3.46625
1529069291,0.174320,319.004,2.96091
1529072903,0.168145,330.124,4.94945
1529076516,0.171382,333.116,5.01473
1529080126,0.169104,326.002,4.60411
1529083739,0.161252,321.275,4.62732
1529087365,0.152560,323.411,5.10527
1529090978,0.146445,319.418,5.12345
1529094590,0.130260,313.793,5.49273
1529098202,0.123007,305.755,5.97429
1529101813,0.118331,304.465,6.66345
1529105145,0.104903,301.475,6.71304
1529108764,0.099808,298.004,8.30964
1529112374,0.095672,292.469,9.86727
1529115988,0.095792,291.802,9.67268
1529119729,0.094833,294.625,10.8511
1529123340,0.094473,296.479,10.6455
1529126961,0.095432,294.989,7.16873
1529130574,0.093274,294.547,9.82164
1529134188,0.093754,298.342,10.6605
1529137801,0.088419,298.764,8.11857
1529141420,0.093934,304.387,3.62091
1529145033,0.094113,303.838,2.74164
1529148646,0.090037,303.078,2.96764
1529152260,0.087699,371.043,2.05446
1529155884,0.085002,297.991,2.30113
1529159498,0.083923,305.029,3.14418
1529163112,0.082424,302.013,3.23709
1529166725,0.080386,303.731,3.86127
1529170346,0.079307,304.873,3.546
1529173961,0.080386,305.545,3.29545
1529177575,0.078768,303.695,2.82571
1529181189,0.082065,430.111,1.54109
1529184809,0.084043,472.593,2.79945
1529188423,0.087759,303.084,2.59436
1529192037,0.088718,298.58,2.70375
1529195651,0.089258,0,0
1529199270,0.089498,339.98,5.29745
1529202884,0.092015,317.105,7.55679
1529206498,0.088658,321.514,9.36018
1529210112,0.089078,317.84,9.648
1529213731,0.088419,315.816,11.2558
1529217345,0.092015,308.818,10.2080
1529220958,0.091536,302.724,10.3225
1529224570,0.093814,304.504,10.9289
1529228183,0.094593,304.373,12.0664
1529231795,0.092255,301.911,11.9833
1529235407,0.095432,300.511,13.2638
1529239021,0.093994,300.795,14.5318
1529242640,0.095372,297.975,15.4396
1529246253,0.094893,299.187,14.9027
1529249869,0.095073,295.812,15.0707
1529253482,0.095132,297.134,17.3764
1529257107,0.095432,296.275,20.4231
1529260722,0.096451,313.418,14.2984
1529264333,0.094773,322.536,19.6098
1529267947,0.094533,323.716,21.35
1529271565,0.091236,325.78,20.5355
1529275178,0.089018,347.054,22.2662
1529278791,0.087699,375.547,16.9436
1529282406,0.086980,399.698,15.8222
1529286025,0.087220,402.451,12.7578
1529289639,0.085601,384.718,11.6185
1529293252,0.083683,374.302,15.5247
1529296866,0.082424,409.865,10.2511
1529300486,0.083923,452.867,11.8489
1529304099,0.082065,477.94,12.9736
1529307713,0.079427,476.505,12.6696
1529311327,0.076250,465.818,21.566
1529314946,0.075710,471.011,21.2996
1529318559,0.076130,494.164,20.2102
1529322172,0.076610,503.973,20.2927
1529325784,0.073372,505.047,18.5256
1529329405,0.074272,511.218,17.784
1529333026,0.074212,531.616,18.8196
1529336640,0.075650,512.084,14.0251
1529340254,0.075590,505.887,13.7796
1529343875,0.076610,487.551,11.1035
1529347487,0.079307,488.896,12.4671
1529351100,0.076010,502.482,15.2673
1529354715,0.076789,517.931,15.7482
1529358335,0.076729,508.434,14.0595
1529361948,0.074571,511.759,13.995
1529365560,0.074511,506.398,12.6866
1529369174,0.073133,508.156,13.8364
1529372794,0.075531,499.667,12.0762
1529376407,0.074212,499.496,13.275
1529380021,0.076490,491.384,12.6514
1529383635,0.075171,489.165,12.5373
1529387255,0.078048,505.371,15.0865
1529390869,0.081645,491.116,12.3846
1529394483,0.081825,494.011,12.0955
1529398097,0.080386,483.027,10.8164
1529401718,0.079487,496.311,14.602
1529405331,0.083263,510.102,15.5280
1529408945,0.082784,500.655,12.5758
1529412561,0.083743,495.322,12.0345
1529416175,0.089438,488.504,11.2096
1529419785,0.093574,488.607,12.4562
1529423396,0.101307,492.656,13.7153
1529427008,0.106042,491.944,13.4411
1529430620,0.115154,503.378,14.6656
1529434232,0.115993,499.349,14.0762
1529437842,0.124625,498.959,13.4788
1529441455,0.123247,496.577,13.1907
1529445065,0.129181,489.009,11.9444
1529448676,0.135955,468.271,8.42018
1529452287,0.143868,459.552,8.61196
1529455907,0.146865,449.741,10.7171
1529459529,0.152799,443.377,11.4329
1529463143,0.160772,445.693,13.4047
1529466758,0.175938,460.680,15.8088
1529470379,0.180434,469.766,16.0884
1529474001,0.188047,462.795,12.8705
1529477623,0.182892,454.424,12.1085
1529481244,0.180074,445.554,11.2761
1529484866,0.194881,441.389,12.8456
1529488488,0.207649,446.170,14.345
1529492109,0.210946,461.291,15.5032
1529495729,0.206450,442.398,11.0924
1529499351,0.198238,445.635,12.0353
1529502972,0.191044,434.473,8.73964
1529506587,0.183671,427.518,8.83182
1529510203,0.185889,418.918,9.64536
1529513815,0.190025,428.657,6.39643
1529517427,0.194401,463.92,3.65745
1529521040,0.192783,476.5,4.07255
1529524661,0.187867,435.782,11.9832
1529528274,0.186668,436.567,13.9789
1529531894,0.178096,432.609,12.6909
1529535516,0.176837,431.336,12.4138
1529539139,0.182412,430.757,12.2293
1529542754,0.171982,425.176,9.03273
1529546375,0.173001,416.967,8.62727
1529549992,0.180974,411.575,9.37268
1529553607,0.177317,409.04,9.17709
1529557223,0.176837,401.629,8.60109
1529560843,0.167306,425.844,3.02473
1529564459,0.167786,428.818,3.18655
1529568073,0.164069,404.041,8.94759
1529571688,0.157475,400.475,7.31268
1529575308,0.150222,400.778,6.87145
1529578922,0.159813,402.391,5.60389
1529582537,0.167366,399.18,4.90927
1529586151,0.152560,396.893,3.67714
1529589773,0.146445,406.596,2.216
1529593395,0.145966,390.527,1.62236
1529597009,0.140391,389.031,1.522
1529600625,0.132718,402.551,1.78218
1529604245,0.123067,387.038,1.91286
1529607860,0.115813,373.798,1.88509
1529611476,0.113536,368.748,1.52464
1529615091,0.108320,376.720,1.97804
1529618712,0.095372,376.887,1.92611
1529622326,0.099808,386.078,2.17909
1529625941,0.092555,379.847,2.746
1529629563,0.099029,377.120,2.83196
1529633184,0.093154,375.8,2.83236
1529636798,0.095132,374.979,2.71607
1529640413,0.096152,377.632,2.64929
1529644034,0.097111,371.74,3.51673
1529647656,0.088658,365.611,5.10018
1529651279,0.082065,362.667,7.66673
1529654902,0.076010,363.525,6.91818
1529658524,0.077089,358.582,6.54
1529662146,0.077089,349.923,6.63268
1529665769,0.077089,351.7,5.33309
1529669390,0.077089,346.812,5.00857
1529673006,0.076969,344.251,5.34164
1529676621,0.077149,341.1,6.83909
1529680236,0.076190,346.722,7.72491
1529683851,0.083323,345.223,9.40089
1529687474,0.084342,339.816,9.65911
1529691088,0.085661,332.209,8.99236
1529694709,0.077868,338.987,8.75436
1529698325,0.081285,339.296,9.85636
1529701939,0.078947,332.276,11.2582
1529705555,0.071394,333.48,13.38
1529709177,0.072413,330.827,12.0782
1529712792,0.076010,325.929,13.7142
1529716414,0.077569,333.839,11.5093
1529720036,0.087579,342.755,9.75036
1529723659,0.091895,362.124,12.2944
1529727279,0.094353,372.141,11.7336
1529730902,0.097051,361.739,10.4782
1529734525,0.099568,390.224,16.7196
1529738141,0.108920,391.907,16.5564
1529741757,0.113536,407.155,19.8085
1529745372,0.121208,420.747,16.5307
1529748988,0.131339,428.109,16.4347
1529752604,0.145666,438.334,17.7820
1529756226,0.149383,444.164,16.4491
1529759842,0.163050,436.993,14.9075
1529763462,0.161731,427.904,14.4314
1529767085,0.154897,421.807,14.1770
1529770708,0.144527,416.402,12.3404
1529774325,0.151181,431.76,13.8615
1529777940,0.157056,452.945,14.5268
1529781556,0.148543,476.275,14.7053
1529785179,0.151780,478.987,15.9404
1529788803,0.142729,489.127,15.0627
1529792426,0.141590,493.804,14.4516
1529796048,0.151241,492.446,11.8723
1529799671,0.157895,507.956,10.6882
1529803292,0.142309,499.78,8.96309
1529806906,0.127503,489.778,8.93509
1529810529,0.135895,481.1,8.94929
1529814145,0.137154,483.498,8.736
1529817765,0.131159,490.787,8.92018
1529821381,0.124026,485.924,8.61273
1529824995,0.120369,478.404,8.54145
1529828611,0.133197,480.873,8.57164
1529832227,0.131039,471.925,7.59143
1529835843,0.122587,471.655,7.96727
1529839459,0.105982,477.045,7.86145
1529843074,0.103165,489.105,7.88091
1529846684,0.109279,477.589,7.46554
1529850300,0.107961,478.902,7.18345
1529853917,0.107481,488.691,6.89164
1529857535,0.111138,475.629,6.18236
1529861151,0.109220,472.493,6.27691
1529864767,0.118871,470.038,6.40164
1529868384,0.106402,470.169,6.47582
1529871999,0.101846,463.295,6.20418
1529875615,0.107781,464.182,6.46482
1529879232,0.104903,463.493,6.32636
1529882849,0.103824,462.485,6.67691
1529886465,0.118751,452.907,6.19836
1529890082,0.126124,441.945,5.50089
1529893698,0.125704,456.416,7.50873
1529897314,0.133917,450.759,7.15661
1529900930,0.131639,450.246,7.18696
1529904546,0.134996,455.652,7.14426
1529908161,0.148543,462.093,4.94364
1529911778,0.115993,455.129,4.93618
1529915394,0.120969,435.484,5.86732
1529919010,0.130560,413.453,6.794
1529922626,0.140211,415.584,7.02091
1529926242,0.145966,419.146,6.26982
1529929857,0.150761,421.820,4.95661
1529933475,0.154478,421.371,5.80418
1529937091,0.152560,405.178,6.24909
1529940708,0.146146,399.262,6.53524
1529944324,0.143268,0,0
1529947941,0.145606,409.875,8.71849
1529951558,0.139672,416.521,12.8980
1529955173,0.145906,422.311,11.2633
1529958790,0.139072,426.124,12.6858
1529962406,0.132718,423.762,12.0377
1529966023,0.130979,416.74,14.8018
1529969639,0.127203,414.702,12.0017
1529973255,0.130080,406.813,13.6085
1529976871,0.128941,403.791,17.0291
1529980489,0.123606,405.284,13.1133
1529984105,0.120609,404.885,13.3296
1529987721,0.120669,415.171,11.5782
1529991338,0.123127,424.476,15.6525
1529994954,0.119530,416.115,15.4162
1529998570,0.117612,420.344,15.3051
1530002187,0.114555,434.871,16.284
1530005804,0.113775,443.066,18.0402
1530009420,0.111977,487.65,11.3907
1530013037,0.107421,511.455,8.83782
1530016655,0.103944,536.155,9.52286
1530020272,0.099628,564.834,10.7232
1530023889,0.095612,587.676,9.22836
1530027506,0.092615,594.777,8.20643
1530031122,0.087699,592.035,7.51145
1530034740,0.086620,567.588,7.33071
1530038356,0.086201,581.049,6.42164
1530041972,0.084702,579.643,6.88196
1530045587,0.083743,591.305,7.93321
1530049203,0.083623,623.173,8.17473
1530052819,0.085601,627.982,8.172
1530056437,0.084282,648.302,6.93873
1530060053,0.080626,638.515,7.91927
1530063670,0.078588,606.156,6.10278
1530067287,0.072893,599.227,6.14855
1530070903,0.074212,599.814,5.84607
1530074520,0.075650,580.027,5.53436
1530078136,0.077149,576.075,5.61873
1530081758,0.074392,569.889,5.53218
1530085375,0.076550,580.693,5.70518
1530088992,0.075770,576.778,5.57218
1530092608,0.077988,561.284,5.44182
1530096224,0.082544,558.504,5.45429
1530099841,0.078228,558.743,5.39196
1530103460,0.079187,569.685,5.544
1530107077,0.193382,556.261,5.34
1530110695,0.198238,553.604,5.37179
1530114312,0.198777,547.909,5.25455
1530117927,0.091236,541.707,5.15946
1530121541,0.088958,540.833,5.22327
1530125153,0.092075,542.568,5.25482
1530128766,0.098130,554.864,5.318
1530132379,0.097410,546.62,5.30745
1530135992,0.099389,540.087,5.38418
1530139605,0.099389,533.568,5.27857
1530143224,0.087280,530.52,5.43273
1530146846,0.099748,528.721,5.32161
1530150471,0.106342,520.434,5.33518
1530154094,0.121208,521.736,5.326
1530157719,0.117012,540.295,5.60218
1530161343,0.117012,525.154,5.56232
1530164979,0,521.38,5.68036
1530168603,0.117012,524.314,5.93536
1530172227,0.117012,507.582,6.37782
1530175850,0.117012,513.142,6.37055
1530179474,0.117012,518.844,6.03218
1530183099,0.117012,516.230,6.23768
1530186722,0.117012,502.146,6.59518
1530329165,0.183671,0,0
1530438088,0.062882,393.888,4.17661
1530441708,0.064081,393.229,4.57509
1530445323,0.064860,392.069,4.56073
1530448938,0.065340,391.756,4.82964
1530452553,0.068817,391.793,4.47073
1530456171,0.065340,385.129,4.25304
1530459789,0.068157,380.218,3.954
1530463407,0.069776,374.935,4.098
1530467022,0.073552,372.502,4.35071
1530470642,0.075111,372.418,4.10661
1530474258,0.078827,367.958,3.594
1530477882,0.084882,364.78,3.92455
1530481498,0.089977,364.505,4.11036
1530485116,0.097111,354.6,4.08782
1530488731,0.109100,360.775,4.52364
1530492354,0.123367,360.995,4.15179
1530495970,0.124745,361.373,3.94691
1530499593,0.121808,361.58,4.30418
1530503216,0.129181,363.202,3.68357
1530506840,0.125525,355.802,3.63473
1530509811,0.124266,354.241,4.04625
1530513425,0.127143,353.493,3.82455
1530517040,0.131219,350.753,4.57982
1530520659,0.120549,348.002,4.73768
1530524273,0.113955,344.156,4.98473
1530527886,0.107841,343.162,5.124
1530531501,0.100707,346.596,4.89273
1530535120,0.105683,348.336,4.98411
1530538733,0.105383,348.314,4.68161
1530542361,0.093094,346.107,4.87286
1530545976,0.090936,339.987,5.14891
1530549601,0.092315,335.686,5.505
1530553213,0.092075,332.976,5.60091
1530556829,0.096871,331.658,5.81527
1530560443,0.092135,327.455,6.17673
1530564065,0.087879,322.629,6.29071
1530567680,0.087100,321.468,6.37696
1530571296,0.084942,320.533,6.41855
1530574914,0.095432,317.673,6.23929
1530578536,0.092315,313.264,6.63509
1530582153,0.093934,309.845,6.80345
1530585767,0.094413,306.830,7.38696
1530589383,0.094053,303.071,9.07164
1530593005,0.093214,305.24,10.2929
1530596621,0.092615,303.134,10.2525
1530600233,0.090397,306.986,9.76321
1530603858,0.092015,304.451,11.0255
1530607490,0.092974,311.138,11.9980
1530611110,0.095192,315.694,10.2176
1530614723,0.093334,316.427,10.7324
1530618346,0.094713,312.367,11.2751
1530621968,0.094533,314.479,12.6505
1530625583,0.095432,319.76,10.3098
1530629200,0.098130,326.367,12.3445
1530632815,0.101547,329.295,13.6470
1530636428,0.100827,333.156,12.5718
1530640042,0.103585,325.935,10.7005
1530643656,0.109160,324.176,10.2304
1530647269,0.110059,323.620,10.8970
1530650884,0.106102,333.709,11.8427
1530654499,0.109579,333.580,11.2904
1530658111,0.108200,337.121,11.4425
1530661734,0.106822,333.829,12.0241
1530665356,0.108860,334.198,11.6233
1530668978,0.110119,338.436,10.1889
1530672602,0.107721,328.584,9.99491
1530676225,0.108021,330.518,10.2693
1530679848,0.105743,331.698,9.24564
1530683464,0.103585,333.869,12.2145
1530687080,0.100408,333.358,12.3429
1530690700,0.100108,326.331,11.4575
1530694315,0.093214,336.939,10.5636
1530697938,0.089198,330.707,9.83455
1530701562,0.088718,328.296,8.72727
1530705186,0.087939,328.091,7.89089
1530708808,0.083503,323.316,7.92164
1530712432,0.081345,325.714,8.23679
1530716049,0.078348,328.984,7.60018
1530719672,0.078468,329.336,8.05214
1530723285,0.074032,334.404,9.58382
1530726899,0.072713,334.718,9.12857
1530730513,0.073672,329.578,10.3311
1530734127,0.073372,323.687,11.3135
1530737741,0.068397,320.845,10.338
1530741365,0.067618,320.159,10.9730
1530744985,0.065280,318.62,10.3405
1530748602,0.063422,315.314,9.885
1530752218,0.081705,327.714,12.0066
1530755844,0.089438,330.367,13.7444
1530759460,0.082005,320.730,10.2289
1530763076,0.075950,316.389,7.48018
1530766698,0.071934,324.682,6.77655
1530770322,0.067738,333.524,6.10418
1530773945,0.065580,335.423,5.67446
1530777563,0.070675,329.884,6.11214
1530781185,0.069236,334.741,5.72982
1530784810,0.069656,345.032,7.35482
1530788434,0.069536,376.907,9.78073
1530792054,0.071874,396.496,11.2251
1530795669,0.072413,422.858,12.1024
1530799292,0.077149,432.471,17.8370
1530802908,0.077748,428.684,20.5830
1530806531,0.078528,427.1,21.145
1530810147,0.079727,429.427,11.4117
1530813772,0.094833,436.173,20.3209
1530817396,0.097890,431.425,8.22091
1530821019,0.089078,432.534,7.39964
1530824642,0.095132,438.864,19.0327
1530828267,0.088838,453.265,6.63764
1530831884,0.083323,442.061,6.44179
1530835499,0.078288,432.302,6.80214
1530839117,0.078708,429.871,5.58618
1530842740,0.075590,424.9,5.56236
1530846362,0.074032,419.295,5.75321
1530849978,0.068937,438.104,6.96364
1530853602,0.068337,415.375,9.83509
1530857235,0.067318,431.26,10.9329
1530860860,0.063841,442.416,10.648
1530864476,0.064441,432.009,14.6738
1530868100,0.061803,425.818,16.3553
1530871734,0.058806,432.261,12.3995
1530875352,0.058326,437.744,12.8024
1530878968,0.057067,448.022,15.1225
1530882593,0.053531,444.212,14.5473
1530886214,0.055269,450.233,14.5593
1530889839,0.051672,444.715,11.446
1530893462,0.049934,436.243,11.72
1530897086,0.047416,443.887,8.03727
1530900711,0.045318,460.667,5.66927
1530904336,0.047117,468.629,6.12527
1530907964,0.046997,477.770,6.46893
1530911583,0.046277,486.054,7.08071
1530915205,0.045678,481.253,7.08818
1530918826,0.045438,484.809,6.97732
1530922443,0.044299,482.196,6.78418
1530926068,0.044179,492.124,7.02582
1530929693,0.043700,495.412,6.50946
1530933309,0.043760,499.569,6.11291
1530936926,0.043460,509.762,5.47782
1530940552,0.044479,508.086,5.6025
1530944176,0.044659,510.62,5.42909
1530947801,0.043400,503.442,5.61255
1530951423,0.043400,503.596,5.21446
1530955048,0.043460,508.664,5.004
1530958672,0.043340,498.573,5.19321
1530962297,0.041842,492.48,5.10036
1530965920,0.041901,480.723,5.02839
1530969541,0.042321,457.346,4.67625
1530973166,0.041842,461.767,4.91291
1530976784,0.041961,454.709,4.71857
1530980402,0.042621,446.538,4.69143
1530984026,0.042201,450.522,5.01564
1530987651,0.041901,446.704,5.40182
1530991277,0.042381,467.251,5.60855
1530994895,0.042621,492.253,6.11673
1530998512,0.043100,488.784,6.29821
1531002137,0.042081,485.096,5.79836
1531005753,0.041842,480.802,5.55357
1531009378,0.038664,484.051,5.40255
1531013004,0.038065,483.278,5.57655
1531016626,0.037406,465.7,5.21291
1531020249,0.038724,452.484,6.01509
1531023875,0.036327,454.715,5.73636
1531027499,0.034109,469.795,6.11607
1531031117,0.036387,464.122,5.47164
1531034735,0.038724,469.571,5.44518
1531038353,0.039444,460.688,4.23
1531041970,0.040822,460.324,4.00364
1531045585,0.041422,461.562,4.006
1531049203,0.041842,453.002,3.81375
1531052821,0.042321,467.407,4.47286
1531056441,0.043820,487.353,5.18982
1531060059,0.044000,474.455,5.13018
1531063676,0.045079,453.559,4.72679
1531067293,0.045918,448.778,4.082
1531070912,0.047896,447.195,4.23589
1531074530,0.047416,445.709,4.02821
1531078147,0.048675,439.26,4.39491
1531081765,0.049455,445.762,3.97339
1531085382,0.049395,445.996,3.92946
1531088999,0.051792,446.852,3.91804
1531092616,0.052991,444.244,4.23691
1531096233,0.055029,442.6,4.29545
1531099849,0.053771,433.975,4.66625
1531103467,0.055209,417.856,4.77509
1531107084,0.055929,424.415,3.95891
1531110701,0.062283,419.493,3.37429
1531114326,0.065640,420.089,3.21732
1531117945,0.064201,417.769,3.03273
1531121561,0.061144,418.716,2.97164
1531125180,0.061803,432.793,2.67196
1531128806,0.060484,439.376,2.70782
1531132425,0.059885,435.411,2.63714
1531136042,0.061324,435.718,2.6625
1531139662,0.057008,410.233,2.77182
1531143289,0.053890,403.364,2.9925
1531146908,0.054490,400.676,2.79055
1531150530,0.055569,397.216,2.63236
1531154149,0.057127,393.209,2.55768
1531157773,0.056468,391.293,2.76473
1531161390,0.058626,389.653,2.89873
1531165008,0.062103,358.455,2.40857
1531168625,0.062163,355.467,2.57164
1531172251,0.066719,363.012,3.46089
1531175867,0.074751,379.513,4.52182
1531179485,0.075830,372.611,5.12455
1531183104,0.084282,367.264,6.24327
1531186730,0.088598,373.209,6.56527
1531190347,0.097470,376.653,7.92673
1531193965,0.096271,376.521,8.82321
1531197583,0.096931,379.704,9.25618
1531201209,0.092915,376.111,10.3082
1531204828,0.086141,379.578,12.4409
1531208450,0.083803,386.418,12.5121
1531212068,0.086081,381.238,13.6993
1531215693,0.090457,381.376,17.6755
1531219309,0.097710,371.359,26.8529
1531222925,0.098609,372.844,30.7737
1531226543,0.094173,348.558,17.2444
1531230170,0.105023,356.312,9.26768
1531233789,0.105443,354.451,7.68145
1531237408,0.094533,351.096,7.34946
1531241026,0.091296,344.348,7.59
1531244651,0.087579,349.544,6.82455
1531248269,0.081405,347.75,5.94339
1531251887,0.077629,344.167,5.91867
1531255505,0.073253,337.1,5.92938
1531259130,0.065700,335.745,5.99727
1531262748,0.059345,331.146,6.445
1531266368,0.052392,331.385,6.27855
1531269987,0.048136,331.538,3.99909
1531273612,0.040403,330.430,3.81571
1531277228,0.035727,322.113,10.2858
1531280847,0.032430,319.709,16.9709
1531284465,0.030872,312.343,15.7170
1531288093,0.030212,317.36,11.2544
1531291713,0.030032,325.235,17.4933
1531295331,0.032730,341.256,21.4513
1531298948,0.030212,335.662,13.3024
1531302575,0.030092,334.607,7.794
1531306193,0.029493,339.780,12.2325
1531309811,0.029013,344.536,15.9764
1531313428,0.028234,343.949,17.3262
1531317046,0.027275,344.036,18.6396
1531320660,0.028654,336.054,17.87
1531324275,0.028114,326.604,19.3173
1531327891,0.027814,325.1,12.7716
1531331506,0.027635,317.804,12.9562
1531335122,0.028354,329.347,14.9667
1531338740,0.027635,353.155,5.942
1531342371,0.029433,358.416,5.40727
1531345996,0.028953,375.156,5.52364
1531349858,0.029073,0,0
1531353485,0.029433,0,0
1531357103,0.030932,368.491,8.77782
1531360728,0.033269,369.869,9.90873
1531364353,0.033989,365.419,12.7556
1531367975,0.034408,389.613,14.6955
1531371601,0.034768,394.148,14.0238
1531375224,0.043340,405.784,10.0555
1531378848,0.047356,404.564,9.03891
1531382465,0.046517,411.556,8.61704
1531386092,0.050174,414.365,8.65564
1531389710,0.053411,428.684,8.22911
1531393328,0.053830,423.767,7.90127
1531396947,0.056948,423.616,7.014
1531400574,0.059705,433.85,6.18054
1531404193,0.061443,428.665,5.098
1531407817,0.060964,421.364,4.38291
1531411442,0.062882,413.270,4.45804
1531415070,0.061384,425.229,4.49636
1531418697,0.064261,444.184,5.98436
1531422319,0.064740,439.147,6.17455
1531425939,0.065220,434.725,6.54473
1531429566,0.066479,427.198,7.15455
1531433183,0.067438,461.194,6.99796
1531436800,0.067018,466.435,8.30055
1531440432,0.063422,457.525,6.83
1531444057,0.067198,458.591,6.06667
1531447683,0.070915,469.466,6.07768
1531451308,0.071394,461.613,6.53481
1531454932,0.072533,476.416,6.73364
1531458558,0.073133,487.046,6.32889
1531462183,0.074032,492.720,5.34574
1531465809,0.075171,491.264,5.71643
1531469429,0.075890,485.275,5.67727
1531473053,0.075051,484.502,5.64673
1531476672,0.075830,475.831,6.32745
1531480305,0.072713,449.736,5.33909
1531483929,0.070016,445.015,5.09655
1531487555,0.069176,471.0,5.45364
1531491181,0.067738,451.709,4.88214
1531494807,0.066419,458.198,5.57036
1531498433,0.065819,461.291,5.79
1531502059,0.067618,483.74,6.43
1531505677,0.068457,480.825,6.07073
1531509309,0.067438,483.116,6.14
1531512935,0.068757,488.967,6.24727
1531516560,0.069416,487.562,6.03727
1531520179,0.069896,491.153,5.77745
1531523805,0.069236,489.713,5.964
1531527430,0.069056,484.015,5.83473
1531531057,0.068697,488.822,5.87982
1531534679,0.067378,499.807,5.52145
1531538299,0.066958,493.849,5.79509
1531541925,0.065280,482.862,5.78
1531545553,0.065100,478.651,5.52164
1531549180,0.068397,478.655,5.47982
1531552805,0.064920,472.671,5.25768
1531556430,0.068217,453.635,4.53491
1531560046,0.068277,451.564,4.34782
1531563665,0.068877,451.120,4.12796
1531567293,0.069056,447.364,3.94509
1531570917,0.068577,442.982,4.02436
1531574537,0.067138,434.767,4.12891
1531578157,0.066599,433.015,3.93382
1531581783,0.063482,434.465,4.24018
1531585409,0.060185,441.589,4.67909
1531589035,0.060005,445.157,4.75982
1531592662,0.060424,442.087,3.48418
1531596289,0.059825,456.765,3.59527
1531599914,0.060185,459.413,3.44073
1531603541,0.058147,461.525,3.28236
1531607168,0.056948,447.867,2.54855
1531610788,0.056888,441.422,2.61127
1531614418,0.055509,433.627,3.07929
1531618039,0.055449,435.171,3.36382
1531621665,0.055629,446.529,3.89091
1531625293,0.055749,444.213,3.82309
1531628920,0.054370,429.736,3.17327
1531632539,0.053711,421.898,2.91709
1531636165,0.052032,414.855,2.77655
1531639793,0.052032,414.651,2.85382
1531643413,0.052751,413.047,3.10873
1531647034,0.052811,406.453,3.048
1531650652,0.052392,395.184,2.79821
1531654271,0.054370,397.644,2.75345
1531657897,0.054550,364.8,1.99582
1531661512,0.055389,358.620,2.44839
1531665130,0.053830,353.242,2.59636
1531668750,0.055629,340.6,3.46218
1531672375,0.057787,337.488,4.68089
1531675994,0.058866,335.516,4.89618
1531679614,0.058506,335.438,6.41509
1531683233,0.062163,334.407,7.04436
1531686860,0.067198,328.184,7.40382
1531690475,0.069596,325.529,7.98607
1531694092,0.073133,324.448,7.85054
1531697713,0.077329,321.529,8.04818
1531701339,0.084163,319.793,12.3362
1531704959,0.089737,317.393,15.0709
1531708579,0.099808,318.749,11.0013
1531712198,0.114015,324.446,7.51036
1531715827,0.112876,316.620,10.7214
1531719446,0.127143,335.429,14.4631
1531723064,0.127023,333.133,14.9625
1531726682,0.129541,0,0
1531730309,0.132778,340.206,14.3628
1531733929,0.139851,333.117,12.2371
1531737549,0.139312,0,0
1531741169,0.137513,321.337,4.64725
1531744797,0.133917,320.805,13.6280
1531748417,0.131519,315.893,14.0327
1531752035,0.130979,316.196,23.2536
1531755657,0.128342,316.962,20.8336
1531759294,0.128342,329.431,15.0837
1531762914,0.129841,344.295,13.2652
1531766533,0.133377,344.698,12.8924
1531770156,0.137094,352.716,17.9088
1531773783,0.136974,353.796,19.8254
1531777403,0.138772,343.875,24.4933
1531781024,0.139791,349.077,21.6575
1531784645,0.140930,343.909,18.3656
1531788272,0.140391,341.351,15.2193
1531791891,0.140091,343.644,13.7671
1531795511,0.136434,352.229,14.902
1531799134,0.131459,353.582,15.9369
1531802762,0.119470,360.984,12.2827
1531806381,0.116233,375.635,9.04309
1531810000,0.117132,392.98,9.08982
1531813621,0.112576,399.077,9.24179
1531817249,0.104424,408.244,7.98145
1531820870,0.100767,416.491,8.07875
1531824492,0.097830,415.378,7.45982
1531828111,0.096571,415.827,6.81214
1531831731,0.093754,420.030,6.69929
1531835350,0.089857,436.031,5.66927
1531838970,0.084163,440.168,6.23839
1531842589,0.081405,445.430,6.51089
1531846217,0.080566,445.122,6.67527
1531849835,0.080566,443.607,6.70167
1531853459,0.080985,451.565,6.19296
1531857080,0.081885,452.122,5.83382
1531860707,0.080026,444.875,5.64509
1531864327,0.081345,432.926,5.82963
1531867947,0.083263,429.589,6.05582
1531871567,0.085002,419.834,6.26464
1531875195,0.083203,422.898,6.17927
1531878815,0.088838,439.96,5.26818
1531882436,0.089198,446.268,4.82554
1531886057,0.089498,436.38,5.23218
1531889695,0.089618,425.752,5.33214
1531893320,0.090337,419.902,5.26109
1531896942,0.088958,419.644,5.25964
1531900565,0.089318,418.46,5.264
1531904191,0.091296,415.128,5.07370
1531907809,0.093454,419.036,5.02429
1531911429,0.096931,418.933,4.57927
1531915049,0.093274,416.947,4.29636
1531918676,0.095732,414.868,4.25732
1531922297,0.095013,413.998,4.14745
1531925916,0.103705,412.753,4.36091
1531929532,0.102446,409.332,4.17268
1531933158,0.112696,405.4,4.03927
1531936774,0.110778,405.130,4.09393
1531940391,0.110179,405.862,4.39893
1531944014,0.113775,401.682,4.41727
1531947649,0.108680,402.076,4.428
1531951270,0.107181,399.327,4.54182
1531954891,0.102086,397.949,4.48527
1531958510,0.107121,392.193,4.37357
1531962139,0.103525,371.051,4.92109
1531965760,0.101247,351.927,6.81509
1531969379,0.102506,351.5,7.02
1531972998,0.100947,0,0
1531976625,0.098489,346.573,10.026
1531980245,0.097051,344.622,8.40382
1531983865,0.094713,338.616,9.40364
1531987486,0.091356,337.355,9.68709
1531991113,0.092075,365.135,4.46091
1531994741,0.092255,363.407,4.57818
1531998362,0.091536,365.953,4.36855
1532001983,0.091116,372.338,4.44855
1532005608,0.092315,378.631,3.73727
1532009229,0.090157,377.909,3.62909
1532012847,0.086021,386.678,3.91691
1532016467,0.087819,387.430,4.05982
1532020098,0.086680,384.527,4.55
1532023725,0.080506,391.365,4.886
1532027353,0.082005,396.482,5.02782
1532030974,0.078168,400.564,5.38909
1532034601,0.076430,400.314,5.39893
1532038229,0.073133,395.495,5.86691
1532041850,0.071334,392.909,5.99018
1532045471,0.069236,396.031,6.58618
1532049095,0.068577,405.359,6.54732
1532052727,0.066299,411.933,7.32091
1532056348,0.064561,409.42,6.99491
1532059975,0.064081,404.347,6.57564
1532063599,0.063362,421.371,6.31455
1532067226,0.062822,421.330,7.36339
1532070846,0.062882,419.575,7.02891
1532074468,0.061923,421.878,6.84855
1532078096,0.061204,440.193,6.39327
1532081722,0.061683,463.115,6.76055
1532085345,0.061384,452.547,6.42527
1532088969,0.062522,455.653,6.30582
1532092595,0.063482,462.98,6.94491
1532096220,0.065939,460.3,6.62236
1532099856,0.070795,444.521,5.51429
1532103481,0.076849,433.934,6.13982
1532107109,0.082484,411.616,6.79909
1532110734,0.087939,401.641,8.09661
1532114356,0.099269,407.929,9.94327
1532117988,0.099988,398.871,10.3855
1532121618,0.125644,415.131,10.1120
1532125245,0.140571,405.3,9.79855
1532128867,0.149502,428.191,10.3744
1532132503,0.156036,466.988,8.60357
1532136130,0.167606,485.975,8.69509
1532138654,0.179295,482.122,8.71745
