2017-03-21 00:23,13.556666666666667
2017-03-21 00:24,13.442499999999999
2017-03-21 00:25,12.135
2017-03-21 00:26,12.223999999999998
2017-03-21 00:27,12.374999999999998
2017-03-21 00:28,14.915
2017-03-21 00:29,15.825
2017-03-21 00:30,16.79
2017-03-21 00:31,16.28
2017-03-21 00:32,16.5975
2017-03-21 00:33,15.715000000000002
2017-03-21 00:34,14.345
2017-03-21 00:35,13.645
2017-03-21 00:36,14.2125
2017-03-21 00:37,13.9175
2017-03-21 00:38,15.559999999999999
2017-03-21 00:39,13.442499999999999
2017-03-21 00:40,13.5075
2017-03-21 00:41,15.2
2017-03-21 00:42,12.7175
2017-03-21 00:43,13.535
2017-03-21 00:44,13.870000000000001
2017-03-21 00:45,14.542499999999999
2017-03-21 00:46,13.02
2017-03-21 00:47,10.8875
2017-03-21 00:48,12.155000000000001
2017-03-21 00:49,12.400000000000002
2017-03-21 00:50,13.605
2017-03-21 00:51,12.717500000000001
2017-03-21 00:52,10.365
2017-03-21 00:53,11.555000000000001
2017-03-21 00:54,11.332500000000001
2017-03-21 00:55,12.175
2017-03-21 00:56,12.37
2017-03-21 00:57,11.719999999999999
2017-03-21 00:58,14.31
2017-03-21 00:59,13.85
2017-03-21 01:00,14.857499999999998
2017-03-21 01:01,15.035
2017-03-21 01:02,18.0175
2017-03-21 01:03,18.8525
2017-03-21 01:04,19.295
2017-03-21 01:05,17.009999999999998
2017-03-21 01:06,17.15
2017-03-21 01:07,15.7225
2017-03-21 01:08,18.787499999999998
2017-03-21 01:09,19.8825
2017-03-21 01:10,21.235
2017-03-21 01:11,19.8625
2017-03-21 01:12,21.6375
2017-03-21 01:13,23.1025
2017-03-21 01:14,23.884999999999998
2017-03-21 01:15,23.3325
2017-03-21 01:16,23.185000000000002
2017-03-21 01:17,21.86
2017-03-21 01:18,22.4825
2017-03-21 01:19,20.927500000000002
2017-03-21 01:20,20.0625
2017-03-21 01:21,21.970000000000002
2017-03-21 01:22,21.42
2017-03-21 01:23,23.066000000000003
2017-03-21 01:24,26.3975
2017-03-21 01:25,28.97
2017-03-21 01:26,29.482499999999998
2017-03-21 01:27,28.767500000000002
2017-03-21 01:28,32.0825
2017-03-21 01:29,32.775
2017-03-21 01:30,29.835
2017-03-21 01:31,29.387500000000003
2017-03-21 01:32,28.302500000000002
2017-03-21 01:33,27.6475
2017-03-21 01:34,28.1675
2017-03-21 01:35,27.215
2017-03-21 01:36,29.4375
2017-03-21 01:37,31.3975
2017-03-21 01:38,32.510000000000005
2017-03-21 01:39,32.165
2017-03-21 01:40,29.0375
2017-03-21 01:41,26.7725
2017-03-21 01:42,27.4625
2017-03-21 01:43,25.7825
2017-03-21 01:44,25.855
2017-03-21 01:45,28.835
2017-03-21 01:46,28.115
2017-03-21 01:47,30.569999999999997
2017-03-21 01:48,30.369999999999997
2017-03-21 01:49,29.222500000000004
2017-03-21 01:50,28.085
2017-03-21 01:51,27.832499999999996
2017-03-21 01:52,27.3775
2017-03-21 01:53,28.36
2017-03-21 01:54,31.265
2017-03-21 01:55,30.240000000000002
2017-03-21 01:56,28.5775
2017-03-21 01:57,30.95
2017-03-21 01:58,31.265
2017-03-21 01:59,31.762500000000003
2017-03-21 02:00,32.7775
2017-03-21 02:01,32.5075
2017-03-21 02:02,33.06999999999999
2017-03-21 02:03,31.3875
2017-03-21 02:04,33.465
2017-03-21 02:05,34.292500000000004
2017-03-21 02:06,33.037499999999994
2017-03-21 02:07,33.575
2017-03-21 02:08,32.747499999999995
2017-03-21 02:09,35.822500000000005
2017-03-21 02:10,35.8
2017-03-21 02:11,35.52
2017-03-21 02:12,36.64
2017-03-21 02:13,36.435
2017-03-21 02:14,37.457499999999996
2017-03-21 02:15,38.8875
2017-03-21 02:16,34.935
2017-03-21 02:17,36.68
2017-03-21 02:18,38.38999999999999
2017-03-21 02:19,38.9475
2017-03-21 02:20,38.53
2017-03-21 02:21,35.6975
2017-03-21 02:22,32.65
2017-03-21 02:23,32.22
2017-03-21 02:24,35.24
2017-03-21 02:25,35.3675
2017-03-21 02:26,38.21
2017-03-21 02:27,39.845
2017-03-21 02:28,42.2225
2017-03-21 02:29,39.7025
2017-03-21 02:30,39.345
2017-03-21 02:31,41.2975
2017-03-21 02:32,40.3675
2017-03-21 02:33,40.815
2017-03-21 02:34,42.0775
2017-03-21 02:35,43.512499999999996
2017-03-21 02:36,43.5175
2017-03-21 02:37,42.265
2017-03-21 02:38,42.8525
2017-03-21 02:39,43.21
2017-03-21 02:40,46.195
2017-03-21 02:41,47.294999999999995
2017-03-21 02:42,45.8425
2017-03-21 02:43,45.72
2017-03-21 02:44,43.050000000000004
2017-03-21 02:45,43.095
2017-03-21 02:46,43.5325
2017-03-21 02:47,40.5225
2017-03-21 02:48,44.5825
2017-03-21 02:49,45.5025
2017-03-21 02:50,43.25000000000001
2017-03-21 02:51,41.4625
2017-03-21 02:52,40.125
2017-03-21 02:53,40.065999999999995
2017-03-21 02:54,38.645
2017-03-21 02:55,38.847500000000004
2017-03-21 02:56,38.2325
2017-03-21 02:57,39.324999999999996
2017-03-21 02:58,38.712500000000006
2017-03-21 02:59,38.575
2017-03-21 03:00,38.485
2017-03-21 03:01,40.5625
2017-03-21 03:02,41.5925
2017-03-21 03:03,46.445
2017-03-21 03:04,45.94500000000001
2017-03-21 03:05,45.1625
2017-03-21 03:06,46.822500000000005
2017-03-21 03:07,47.26
2017-03-21 03:08,48.355000000000004
2017-03-21 03:09,50.8925
2017-03-21 03:10,49.89
2017-03-21 03:11,50.29
2017-03-21 03:12,49.9225
2017-03-21 03:13,55.2875
2017-03-21 03:14,49.505
2017-03-21 03:15,48.084999999999994
2017-03-21 03:16,44.6875
2017-03-21 03:17,48.3425
2017-03-21 03:18,49.7975
2017-03-21 03:19,50.6625
2017-03-21 03:20,50.852500000000006
2017-03-21 03:21,52.2575
2017-03-21 03:22,51.1175
2017-03-21 03:23,50.01499999999999
2017-03-21 03:24,47.6525
2017-03-21 03:25,46.955
2017-03-21 03:26,47.9975
2017-03-21 03:27,45.92
2017-03-21 03:28,46.985
2017-03-21 03:29,47.5025
2017-03-21 03:30,47.4975
2017-03-21 03:31,49.155
2017-03-21 03:32,50.31
2017-03-21 03:33,50.315
2017-03-21 03:34,49.695
2017-03-21 03:35,52.355000000000004
2017-03-21 03:36,52.435
2017-03-21 03:37,52.62
2017-03-21 03:38,54.4275
2017-03-21 03:39,57.315000000000005
2017-03-21 03:40,60.685
2017-03-21 03:41,62.129999999999995
2017-03-21 03:42,65.31
2017-03-21 03:43,67.80000000000001
2017-03-21 03:44,66.8925
2017-03-21 03:45,70.4725
2017-03-21 03:46,68.9375
2017-03-21 03:47,67.78999999999999
2017-03-21 03:48,64.725
2017-03-21 03:49,66.92399999999999
2017-03-21 03:50,67.1225
2017-03-21 03:51,64.895
2017-03-21 03:52,64.0775
2017-03-21 03:53,60.832499999999996
2017-03-21 03:54,61.894999999999996
2017-03-21 03:55,63.107499999999995
2017-03-21 03:56,64.98
2017-03-21 03:57,66.5875
2017-03-21 03:58,64.19500000000001
2017-03-21 03:59,62.885
2017-03-21 04:00,61.537499999999994
2017-03-21 04:01,63.722500000000004
2017-03-21 04:02,62.115
2017-03-21 04:03,61.785
2017-03-21 04:04,59.11
2017-03-21 04:05,58.0
2017-03-21 04:06,54.7875
2017-03-21 04:07,51.660000000000004
2017-03-21 04:08,52.162499999999994
2017-03-21 04:09,49.2375
2017-03-21 04:10,50.74
2017-03-21 04:11,53.447500000000005
2017-03-21 04:12,54.6625
2017-03-21 04:13,54.5775
2017-03-21 04:14,54.925
2017-03-21 04:15,57.1575
2017-03-21 04:16,59.165
2017-03-21 04:17,63.217499999999994
2017-03-21 04:18,63.595
2017-03-21 04:19,63.23
2017-03-21 04:20,61.36
2017-03-21 04:21,60.4825
2017-03-21 04:22,59.099999999999994
2017-03-21 04:23,55.6075
2017-03-21 04:24,56.872499999999995
2017-03-21 04:25,58.095
2017-03-21 04:26,62.075
2017-03-21 04:27,66.2675
2017-03-21 04:28,65.57000000000001
2017-03-21 04:29,61.45
2017-03-21 04:30,62.974999999999994
2017-03-21 04:31,66.8425
2017-03-21 04:32,67.8725
2017-03-21 04:33,67.21000000000001
2017-03-21 04:34,64.2075
2017-03-21 04:35,62.019999999999996
2017-03-21 04:36,64.84750000000001
2017-03-21 04:37,66.1725
2017-03-21 04:38,65.345
2017-03-21 04:39,66.04249999999999
2017-03-21 04:40,65.3875
2017-03-21 04:41,65.465
2017-03-21 04:42,65.80749999999999
2017-03-21 04:43,65.3075
2017-03-21 04:44,66.9875
2017-03-21 04:45,65.434
2017-03-21 04:46,61.7425
2017-03-21 04:47,59.14249999999999
2017-03-21 04:48,60.3275
2017-03-21 04:49,61.205000000000005
2017-03-21 04:50,61.644999999999996
2017-03-21 04:51,60.215
2017-03-21 04:52,58.6525
2017-03-21 04:53,60.2
2017-03-21 04:54,57.974999999999994
2017-03-21 04:55,57.3725
2017-03-21 04:56,55.3625
2017-03-21 04:57,52.417500000000004
2017-03-21 04:58,51.525000000000006
2017-03-21 04:59,49.475
2017-03-21 05:00,48.75
2017-03-21 05:01,47.9
2017-03-21 05:02,48.61750000000001
2017-03-21 05:03,48.41
2017-03-21 05:04,47.730000000000004
2017-03-21 05:05,46.7775
2017-03-21 05:06,47.385000000000005
2017-03-21 05:07,44.72
2017-03-21 05:08,44.6725
2017-03-21 05:09,45.7625
2017-03-21 05:10,45.57
2017-03-21 05:11,43.785
2017-03-21 05:12,43.5575
2017-03-21 05:13,40.71
2017-03-21 05:14,40.425
2017-03-21 05:15,41.4525
2017-03-21 05:16,37.9775
2017-03-21 05:17,38.167500000000004
2017-03-21 05:18,41.199999999999996
2017-03-21 05:19,41.5075
2017-03-21 05:20,40.787499999999994
2017-03-21 05:21,40.515
2017-03-21 05:22,38.1575
2017-03-21 05:23,38.845
2017-03-21 05:24,40.44
2017-03-21 05:25,39.79
2017-03-21 05:26,38.192499999999995
2017-03-21 05:27,36.980000000000004
2017-03-21 05:28,32.6225
2017-03-21 05:29,32.5125
2017-03-21 05:30,34.955
2017-03-21 05:31,35.045
2017-03-21 05:32,36.9075
2017-03-21 05:33,37.315000000000005
2017-03-21 05:34,35.6325
2017-03-21 05:35,35.545
2017-03-21 05:36,34.775
2017-03-21 05:37,35.775
2017-03-21 05:38,37.2375
2017-03-21 05:39,37.53
2017-03-21 05:40,37.5
2017-03-21 05:41,38.986
2017-03-21 05:42,38.72
2017-03-21 05:43,38.605000000000004
2017-03-21 05:44,37.64
2017-03-21 05:45,37.875
2017-03-21 05:46,41.540000000000006
2017-03-21 05:47,43.6175
2017-03-21 05:48,37.29
2017-03-21 05:49,40.18
2017-03-21 05:50,44.067499999999995
2017-03-21 05:51,43.5625
2017-03-21 05:52,44.2725
2017-03-21 05:53,45.644999999999996
2017-03-21 05:54,43.995000000000005
2017-03-21 05:55,43.0625
2017-03-21 05:56,42.36
2017-03-21 05:57,41.447500000000005
2017-03-21 05:58,41.6575
2017-03-21 05:59,40.105
2017-03-21 06:00,46.615
2017-03-21 06:01,42.96
2017-03-21 06:02,33.285
2017-03-21 06:03,39.35
2017-03-21 06:04,33.525
2017-03-21 06:05,29.107499999999998
2017-03-21 06:06,29.4725
2017-03-21 06:07,33.675000000000004
2017-03-21 06:08,35.9975
2017-03-21 06:09,34.54
2017-03-21 06:10,36.525
2017-03-21 06:11,33.8775
2017-03-21 06:12,31.59
2017-03-21 06:13,30.7725
2017-03-21 06:14,31.042500000000004
2017-03-21 06:15,28.8875
2017-03-21 06:16,29.975
2017-03-21 06:17,31.6125
2017-03-21 06:18,33.3
2017-03-21 06:19,33.5725
2017-03-21 06:20,34.4325
2017-03-21 06:21,33.845000000000006
2017-03-21 06:22,33.3625
2017-03-21 06:23,33.614999999999995
2017-03-21 06:24,36.1675
2017-03-21 06:25,35.7925
2017-03-21 06:26,36.17
2017-03-21 06:27,34.845
2017-03-21 06:28,32.865
2017-03-21 06:29,34.5775
2017-03-21 06:30,35.07
2017-03-21 06:31,35.902499999999996
2017-03-21 06:32,37.8925
2017-03-21 06:33,39.46
2017-03-21 06:34,36.3575
2017-03-21 06:35,36.022499999999994
2017-03-21 06:36,39.5875
2017-03-21 06:37,38.568
2017-03-21 06:38,37.79
2017-03-21 06:39,38.5075
2017-03-21 06:40,42.265
2017-03-21 06:41,43.9425
2017-03-21 06:42,45.41
2017-03-21 06:43,45.03
2017-03-21 06:44,44.7625
2017-03-21 06:45,42.755
2017-03-21 06:46,40.7825
2017-03-21 06:47,47.197500000000005
2017-03-21 06:48,47.735
2017-03-21 06:49,47.4625
2017-03-21 06:50,45.0
2017-03-21 06:51,42.715
2017-03-21 06:52,41.167500000000004
2017-03-21 06:53,40.277499999999996
2017-03-21 06:54,38.9025
2017-03-21 06:55,37.685
2017-03-21 06:56,39.3775
2017-03-21 06:57,39.775
2017-03-21 06:58,40.224999999999994
2017-03-21 06:59,40.58
2017-03-21 07:00,38.605000000000004
2017-03-21 07:01,35.357499999999995
2017-03-21 07:02,35.7125
2017-03-21 07:03,39.272499999999994
2017-03-21 07:04,38.165
2017-03-21 07:05,40.7625
2017-03-21 07:06,45.7175
2017-03-21 07:07,44.48500000000001
2017-03-21 07:08,44.09
2017-03-21 07:09,44.337500000000006
2017-03-21 07:10,45.095
2017-03-21 07:11,43.885000000000005
2017-03-21 07:12,42.815
2017-03-21 07:13,40.68
2017-03-21 07:14,40.265
2017-03-21 07:15,38.442499999999995
2017-03-21 07:16,37.019999999999996
2017-03-21 07:17,38.735
2017-03-21 07:18,38.0675
2017-03-21 07:19,35.5775
2017-03-21 07:20,33.195
2017-03-21 07:21,29.595
2017-03-21 07:22,28.177500000000002
2017-03-21 07:23,25.9825
2017-03-21 07:24,21.92
2017-03-21 07:25,19.78
2017-03-21 07:26,19.19
2017-03-21 07:27,20.605
2017-03-21 07:28,21.384999999999998
2017-03-21 07:29,21.3975
2017-03-21 07:30,20.555
2017-03-21 07:31,20.2475
2017-03-21 07:32,21.1
2017-03-21 07:33,19.915
2017-03-21 07:34,18.092499999999998
2017-03-21 07:35,18.3275
2017-03-21 07:36,17.435000000000002
2017-03-21 07:37,15.7275
2017-03-21 07:38,15.615000000000002
2017-03-21 07:39,13.8
2017-03-21 07:40,11.5775
2017-03-21 07:41,11.5175
2017-03-21 07:42,11.17
2017-03-21 07:43,10.0425
2017-03-21 07:44,13.57
2017-03-21 07:45,13.12
2017-03-21 07:46,15.905000000000001
2017-03-21 07:47,18.2975
2017-03-21 07:48,16.9325
2017-03-21 07:49,18.65
2017-03-21 07:50,19.475
2017-03-21 07:51,20.9025
2017-03-21 07:52,19.822499999999998
2017-03-21 07:53,18.3325
2017-03-21 07:54,18.884999999999998
2017-03-21 07:55,16.7575
2017-03-21 07:56,16.6575
2017-03-21 07:57,12.950000000000001
2017-03-21 07:58,10.96
2017-03-21 07:59,11.9675
2017-03-21 08:00,9.1825
2017-03-21 08:01,8.965
2017-03-21 08:02,9.787500000000001
2017-03-21 08:03,6.9125
2017-03-21 08:04,6.3525
2017-03-21 08:05,5.172499999999999
2017-03-21 08:06,8.1025
2017-03-21 08:07,7.612499999999999
2017-03-21 08:08,6.8025
2017-03-21 08:09,8.9525
2017-03-21 08:10,8.807500000000001
2017-03-21 08:11,6.335
2017-03-21 08:12,8.21
2017-03-21 08:13,10.67
2017-03-21 08:14,8.4925
2017-03-21 08:15,9.0975
2017-03-21 08:16,8.98
2017-03-21 08:17,7.41
2017-03-21 08:18,7.880000000000001
2017-03-21 08:19,9.642500000000002
2017-03-21 08:20,11.5875
2017-03-21 08:21,9.4175
2017-03-21 08:22,5.907500000000001
2017-03-21 08:23,8.675
2017-03-21 08:24,11.182500000000001
2017-03-21 08:25,11.8525
2017-03-21 08:26,10.7575
2017-03-21 08:27,12.3275
2017-03-21 08:28,12.01
2017-03-21 08:29,12.8775
2017-03-21 08:30,14.49
2017-03-21 08:31,15.190000000000001
2017-03-21 08:32,14.857499999999998
2017-03-21 08:33,16.060000000000002
2017-03-21 08:34,16.975
2017-03-21 08:35,17.990000000000002
2017-03-21 08:36,17.46
2017-03-21 08:37,18.0625
2017-03-21 08:38,16.33
2017-03-21 08:39,17.395
2017-03-21 08:40,16.115000000000002
2017-03-21 08:41,17.185
2017-03-21 08:42,16.935000000000002
2017-03-21 08:43,20.07
2017-03-21 08:44,20.509999999999998
2017-03-21 08:45,20.0
2017-03-21 08:46,20.585
2017-03-21 08:47,20.052500000000002
2017-03-21 08:48,20.88
2017-03-21 08:49,20.685000000000002
2017-03-21 08:50,19.5325
2017-03-21 08:51,16.93
2017-03-21 08:52,14.682500000000001
2017-03-21 08:53,15.985
2017-03-21 08:54,17.107499999999998
2017-03-21 08:55,15.684999999999999
2017-03-21 08:56,16.2425
2017-03-21 08:57,15.3575
2017-03-21 08:58,16.895
2017-03-21 08:59,16.8275
2017-03-21 09:00,15.989999999999998
2017-03-21 09:01,15.28
2017-03-21 09:02,15.745000000000001
2017-03-21 09:03,16.365
2017-03-21 09:04,18.3425
2017-03-21 09:05,17.03
2017-03-21 09:06,14.935000000000002
2017-03-21 09:07,15.44
2017-03-21 09:08,15.36
2017-03-21 09:09,18.924999999999997
2017-03-21 09:10,18.432499999999997
2017-03-21 09:11,19.965
2017-03-21 09:12,19.395
2017-03-21 09:13,20.005
2017-03-21 09:14,19.8075
2017-03-21 09:15,19.9725
2017-03-21 09:16,19.9025
2017-03-21 09:17,20.39
2017-03-21 09:18,21.447499999999998
2017-03-21 09:19,22.96
2017-03-21 09:20,21.4775
2017-03-21 09:21,20.4025
2017-03-21 09:22,18.0
2017-03-21 09:23,17.0
2017-03-21 09:24,16.4225
2017-03-21 09:25,16.9625
2017-03-21 09:26,17.86
2017-03-21 09:27,18.115
2017-03-21 09:28,17.5275
2017-03-21 09:29,18.5475
2017-03-21 09:30,18.3775
2017-03-21 09:31,16.4825
2017-03-21 09:32,15.24
2017-03-21 09:33,14.467500000000001
2017-03-21 09:34,15.06
2017-03-21 09:35,13.170000000000002
2017-03-21 09:36,13.0
2017-03-21 09:37,12.4375
2017-03-21 09:38,11.5525
2017-03-21 09:39,12.81
2017-03-21 09:40,12.3175
2017-03-21 09:41,11.919999999999998
2017-03-21 09:42,11.89
2017-03-21 09:43,13.067499999999999
2017-03-21 09:44,14.89
2017-03-21 09:45,15.37
2017-03-21 09:46,13.8475
2017-03-21 09:47,15.695
2017-03-21 09:48,16.9175
2017-03-21 09:49,18.975
2017-03-21 09:50,19.595
2017-03-21 09:51,18.9225
2017-03-21 09:52,18.2075
2017-03-21 09:53,20.025
2017-03-21 09:54,17.2575
2017-03-21 09:55,18.1725
2017-03-21 09:56,16.35
2017-03-21 09:57,15.145
2017-03-21 09:58,15.955
2017-03-21 09:59,13.5275
2017-03-21 10:00,15.8
2017-03-21 10:01,15.1425
2017-03-21 10:02,15.39
2017-03-21 10:03,17.7875
2017-03-21 10:04,18.415
2017-03-21 10:05,19.252499999999998
2017-03-21 10:06,18.6
2017-03-21 10:07,19.3075
2017-03-21 10:08,18.580000000000002
2017-03-21 10:09,18.630000000000003
2017-03-21 10:10,17.9275
2017-03-21 10:11,15.46
2017-03-21 10:12,19.115
2017-03-21 10:13,19.42
2017-03-21 10:14,19.335
2017-03-21 10:15,18.64
2017-03-21 10:16,17.41
2017-03-21 10:17,16.4425
2017-03-21 10:18,16.5475
2017-03-21 10:19,16.494999999999997
2017-03-21 10:20,15.68
2017-03-21 10:21,15.53
2017-03-21 10:22,16.18
2017-03-21 10:23,17.2425
2017-03-21 10:24,17.765
2017-03-21 10:25,18.2125
2017-03-21 10:26,17.0775
2017-03-21 10:27,16.487499999999997
2017-03-21 10:28,15.085
2017-03-21 10:29,13.545
2017-03-21 10:30,15.0425
2017-03-21 10:31,13.4475
2017-03-21 10:32,11.6525
2017-03-21 10:33,11.4025
2017-03-21 10:34,12.342500000000001
2017-03-21 10:35,9.645
2017-03-21 10:36,10.02
2017-03-21 10:37,10.74
2017-03-21 10:38,9.997499999999999
2017-03-21 10:39,9.7875
2017-03-21 10:40,10.5975
2017-03-21 10:41,9.23
2017-03-21 10:42,10.29
2017-03-21 10:43,10.7625
2017-03-21 10:44,9.1875
2017-03-21 10:45,8.1
2017-03-21 10:46,9.4125
2017-03-21 10:47,11.629999999999999
2017-03-21 10:48,10.1075
2017-03-21 10:49,10.71
2017-03-21 10:50,10.142500000000002
2017-03-21 10:51,10.445
2017-03-21 10:52,11.795000000000002
2017-03-21 10:53,14.2975
2017-03-21 10:54,12.92
2017-03-21 10:55,13.4875
2017-03-21 10:56,11.92
2017-03-21 10:57,10.8725
2017-03-21 10:58,8.78
2017-03-21 10:59,9.595
2017-03-21 11:00,11.205000000000002
2017-03-21 11:01,10.115
2017-03-21 11:02,12.3325
2017-03-21 11:03,11.34
2017-03-21 11:04,13.385000000000002
2017-03-21 11:05,13.9475
2017-03-21 11:06,10.409999999999998
2017-03-21 11:07,10.1175
2017-03-21 11:08,9.43
2017-03-21 11:09,8.922
2017-03-21 11:10,7.425
2017-03-21 11:11,7.595000000000001
2017-03-21 11:12,6.142499999999999
2017-03-21 11:13,7.140000000000001
2017-03-21 11:14,6.8975
2017-03-21 11:15,5.8500000000000005
2017-03-21 11:16,4.2125
2017-03-21 11:17,2.36
2017-03-21 11:18,1.6675
2017-03-21 11:19,1.495
2017-03-21 11:20,2.42
2017-03-21 11:21,2.5775
2017-03-21 11:22,1.32
2017-03-21 11:23,0.655
2017-03-21 11:24,0.9025000000000001
2017-03-21 11:25,2.24
2017-03-21 11:26,1.3575000000000002
2017-03-21 11:27,1.395
2017-03-21 11:28,-0.45999999999999996
2017-03-21 11:29,0.53
2017-03-21 11:30,4.1875
2017-03-21 11:31,5.3500000000000005
2017-03-21 11:32,2.5225
2017-03-21 11:33,-0.6625000000000001
2017-03-21 11:34,0.47
2017-03-21 11:35,3.3825
2017-03-21 11:36,3.8775000000000004
2017-03-21 11:37,4.545000000000001
2017-03-21 11:38,5.5125
2017-03-21 11:39,5.4375
2017-03-21 11:40,4.3999999999999995
2017-03-21 11:41,1.96
2017-03-21 11:42,1.44
2017-03-21 11:43,2.365
2017-03-21 11:44,1.1725
2017-03-21 11:45,0.7825
2017-03-21 11:46,2.4524999999999997
2017-03-21 11:47,3.0425000000000004
2017-03-21 11:48,0.915
2017-03-21 11:49,2.3099999999999996
2017-03-21 11:50,2.1425
2017-03-21 11:51,2.8674999999999997
2017-03-21 11:52,0.8699999999999999
2017-03-21 11:53,-0.165
2017-03-21 11:54,1.7125
2017-03-21 11:55,2.4274999999999998
2017-03-21 11:56,4.467499999999999
2017-03-21 11:57,9.3475
2017-03-21 11:58,6.8275
2017-03-21 11:59,5.5725
2017-03-21 12:00,4.08
2017-03-21 12:01,4.05
2017-03-21 12:02,5.635
2017-03-21 12:03,5.74
2017-03-21 12:04,5.635
2017-03-21 12:05,6.795000000000001
2017-03-21 12:06,4.43
2017-03-21 12:07,5.532500000000001
2017-03-21 12:08,4.415
2017-03-21 12:09,3.3425
2017-03-21 12:10,2.7399999999999998
2017-03-21 12:11,3.02
2017-03-21 12:12,4.4975
2017-03-21 12:13,5.3325
2017-03-21 12:14,5.165
2017-03-21 12:15,5.3475
2017-03-21 12:16,6.365
2017-03-21 12:17,4.8475
2017-03-21 12:18,2.4825
2017-03-21 12:19,1.4925000000000002
2017-03-21 12:20,1.9225
2017-03-21 12:21,1.4674999999999998
2017-03-21 12:22,1.2774999999999999
2017-03-21 12:23,4.32
2017-03-21 12:24,4.2625
2017-03-21 12:25,4.17
2017-03-21 12:26,2.695
2017-03-21 12:27,0.9524999999999999
2017-03-21 12:28,0.5275
2017-03-21 12:29,0.42499999999999993
2017-03-21 12:30,0.26999999999999996
2017-03-21 12:31,1.5375
2017-03-21 12:32,0.9075000000000001
2017-03-21 12:33,0.35000000000000003
2017-03-21 12:34,1.8900000000000001
2017-03-21 12:35,2.375
2017-03-21 12:36,3.2824999999999998
2017-03-21 12:37,1.8099999999999998
2017-03-21 12:38,2.1100000000000003
2017-03-21 12:39,2.9324999999999997
2017-03-21 12:40,3.7379999999999995
2017-03-21 12:41,3.74
2017-03-21 12:42,1.6999999999999997
2017-03-21 12:43,1.7225000000000001
2017-03-21 12:44,1.73
2017-03-21 12:45,1.9725000000000001
2017-03-21 12:46,1.7000000000000002
2017-03-21 12:47,2.26
2017-03-21 12:48,-0.4675
2017-03-21 12:49,1.625
2017-03-21 12:50,3.1775
2017-03-21 12:51,2.1900000000000004
2017-03-21 12:52,2.25
2017-03-21 12:53,0.3325
2017-03-21 12:54,1.15
2017-03-21 12:55,1.755
2017-03-21 12:56,-0.9125000000000001
2017-03-21 12:57,-2.8649999999999998
2017-03-21 12:58,-3.0825
2017-03-21 12:59,-3.03
2017-03-21 13:00,-3.6
2017-03-21 13:01,-3.2074999999999996
2017-03-21 13:02,-5.4625
2017-03-21 13:03,-5.7059999999999995
2017-03-21 13:04,-4.295
2017-03-21 13:05,-5.425000000000001
2017-03-21 13:06,-5.965
2017-03-21 13:07,-5.890000000000001
2017-03-21 13:08,-4.720000000000001
2017-03-21 13:09,-5.0125
2017-03-21 13:10,-6.2
2017-03-21 13:11,-3.8375
2017-03-21 13:12,-3.9225
2017-03-21 13:13,-5.3100000000000005
2017-03-21 13:14,-7.425
2017-03-21 13:15,-6.265
2017-03-21 13:16,-2.8975
2017-03-21 13:17,-2.9825
2017-03-21 13:18,-3.87
2017-03-21 13:19,-7.1000000000000005
2017-03-21 13:20,-7.58
2017-03-21 13:21,-8.4425
2017-03-21 13:22,-10.3125
2017-03-21 13:23,-8.932500000000001
2017-03-21 13:24,-7.3
2017-03-21 13:25,-7.102499999999999
2017-03-21 13:26,-6.275
2017-03-21 13:27,-6.465
2017-03-21 13:28,-5.6674999999999995
2017-03-21 13:29,-3.3675
2017-03-21 13:30,-0.4075
2017-03-21 13:31,-0.48
2017-03-21 13:32,-1.7200000000000002
2017-03-21 13:33,-0.30499999999999994
2017-03-21 13:34,-0.385
2017-03-21 13:35,-1.8599999999999999
2017-03-21 13:36,-2.6425
2017-03-21 13:37,-1.135
2017-03-21 13:38,-2.5
2017-03-21 13:39,-2.0575
2017-03-21 13:40,-5.5600000000000005
2017-03-21 13:41,-5.657500000000001
2017-03-21 13:42,-7.567500000000001
2017-03-21 13:43,-6.565
2017-03-21 13:44,-5.210000000000001
2017-03-21 13:45,-6.01
2017-03-21 13:46,-7.8125
2017-03-21 13:47,-7.3275
2017-03-21 13:48,-6.68
2017-03-21 13:49,-7.6975
2017-03-21 13:50,-7.74
2017-03-21 13:51,-8.925
2017-03-21 13:52,-9.4425
2017-03-21 13:53,-8.84
2017-03-21 13:54,-7.744999999999999
2017-03-21 13:55,-7.862499999999999
2017-03-21 13:56,-9.965
2017-03-21 13:57,-11.8
2017-03-21 13:58,-9.6675
2017-03-21 13:59,-9.945
2017-03-21 14:00,-9.845
2017-03-21 14:01,-9.065
2017-03-21 14:02,-9.11
2017-03-21 14:03,-8.45
2017-03-21 14:04,-12.192499999999999
2017-03-21 14:05,-13.255
2017-03-21 14:06,-11.732499999999998
2017-03-21 14:07,-14.844999999999999
2017-03-21 14:08,-16.982499999999998
2017-03-21 14:09,-17.587500000000002
2017-03-21 14:10,-16.197499999999998
2017-03-21 14:11,-14.7575
2017-03-21 14:12,-14.842500000000001
2017-03-21 14:13,-15.065
2017-03-21 14:14,-13.344999999999999
2017-03-21 14:15,-14.3275
2017-03-21 14:16,-12.0025
2017-03-21 14:17,-10.6725
2017-03-21 14:18,-10.042499999999999
2017-03-21 14:19,-11.080000000000002
2017-03-21 14:20,-10.3725
2017-03-21 14:21,-11.274999999999999
2017-03-21 14:22,-9.8625
2017-03-21 14:23,-10.866000000000001
2017-03-21 14:24,-9.41
2017-03-21 14:25,-9.16
2017-03-21 14:26,-11.335
2017-03-21 14:27,-12.977500000000001
2017-03-21 14:28,-11.9925
2017-03-21 14:29,-11.307500000000001
2017-03-21 14:30,-9.915
2017-03-21 14:31,-7.914999999999999
2017-03-21 14:32,-8.68
2017-03-21 14:33,-9.4125
2017-03-21 14:34,-11.817499999999999
2017-03-21 14:35,-11.155000000000001
2017-03-21 14:36,-10.035
2017-03-21 14:37,-12.360000000000001
2017-03-21 14:38,-12.7375
2017-03-21 14:39,-14.65
2017-03-21 14:40,-15.997499999999999
2017-03-21 14:41,-15.642499999999998
2017-03-21 14:42,-16.1075
2017-03-21 14:43,-15.594999999999999
2017-03-21 14:44,-18.175
2017-03-21 14:45,-19.8275
2017-03-21 14:46,-17.925
2017-03-21 14:47,-16.37
2017-03-21 14:48,-16.7275
2017-03-21 14:49,-17.784999999999997
2017-03-21 14:50,-17.78
2017-03-21 14:51,-17.685
2017-03-21 14:52,-16.4775
2017-03-21 14:53,-16.655
2017-03-21 14:54,-16.865000000000002
2017-03-21 14:55,-15.72
2017-03-21 14:56,-12.785
2017-03-21 14:57,-10.7475
2017-03-21 14:58,-8.17
2017-03-21 14:59,-5.8325
2017-03-21 15:00,-5.682499999999999
2017-03-21 15:01,-5.825
2017-03-21 15:02,-5.04
2017-03-21 15:03,-3.0125
2017-03-21 15:04,-3.0425000000000004
2017-03-21 15:05,-3.6225
2017-03-21 15:06,-5.3475
2017-03-21 15:07,-7.145
2017-03-21 15:08,-7.3925
2017-03-21 15:09,-10.27
2017-03-21 15:10,-11.505
2017-03-21 15:11,-12.83
2017-03-21 15:12,-13.3125
2017-03-21 15:13,-13.0875
2017-03-21 15:14,-13.4975
2017-03-21 15:15,-13.3125
2017-03-21 15:16,-13.049999999999999
2017-03-21 15:17,-14.49
2017-03-21 15:18,-15.799999999999997
2017-03-21 15:19,-15.035
2017-03-21 15:20,-14.625
2017-03-21 15:21,-16.0625
2017-03-21 15:22,-19.345
2017-03-21 15:23,-20.695
2017-03-21 15:24,-20.212500000000002
2017-03-21 15:25,-20.9975
2017-03-21 15:26,-20.75
2017-03-21 15:27,-20.4375
2017-03-21 15:28,-23.8675
2017-03-21 15:29,-21.974999999999998
2017-03-21 15:30,-22.045
2017-03-21 15:31,-19.3525
2017-03-21 15:32,-19.405
2017-03-21 15:33,-22.16
2017-03-21 15:34,-24.910000000000004
2017-03-21 15:35,-24.8675
2017-03-21 15:36,-24.784999999999997
2017-03-21 15:37,-24.6875
2017-03-21 15:38,-26.264999999999997
2017-03-21 15:39,-25.0375
2017-03-21 15:40,-28.3275
2017-03-21 15:41,-27.762500000000003
2017-03-21 15:42,-28.68
2017-03-21 15:43,-26.662
2017-03-21 15:44,-27.82
2017-03-21 15:45,-30.66
2017-03-21 15:46,-31.075
2017-03-21 15:47,-29.18
2017-03-21 15:48,-27.487499999999997
2017-03-21 15:49,-28.8875
2017-03-21 15:50,-31.697499999999998
2017-03-21 15:51,-30.975
2017-03-21 15:52,-31.215
2017-03-21 15:53,-35.410000000000004
2017-03-21 15:54,-35.775
2017-03-21 15:55,-35.387499999999996
2017-03-21 15:56,-35.8975
2017-03-21 15:57,-34.72
2017-03-21 15:58,-34.2475
2017-03-21 15:59,-34.975
2017-03-21 16:00,-35.605000000000004
2017-03-21 16:01,-36.9775
2017-03-21 16:02,-40.849999999999994
2017-03-21 16:03,-39.465
2017-03-21 16:04,-44.897499999999994
2017-03-21 16:05,-46.675
2017-03-21 16:06,-48.89
2017-03-21 16:07,-47.5325
2017-03-21 16:08,-48.3125
2017-03-21 16:09,-52.85
2017-03-21 16:10,-53.55499999999999
2017-03-21 16:11,-51.4275
2017-03-21 16:12,-51.96
2017-03-21 16:13,-52.7825
2017-03-21 16:14,-53.14
2017-03-21 16:15,-54.7
2017-03-21 16:16,-51.477500000000006
2017-03-21 16:17,-49.27
2017-03-21 16:18,-52.1225
2017-03-21 16:19,-50.1175
2017-03-21 16:20,-48.185
2017-03-21 16:21,-45.705
2017-03-21 16:22,-42.31
2017-03-21 16:23,-44.025
2017-03-21 16:24,-41.12
2017-03-21 16:25,-38.43000000000001
2017-03-21 16:26,-36.667500000000004
2017-03-21 16:27,-35.7725
2017-03-21 16:28,-35.6375
2017-03-21 16:29,-29.54
2017-03-21 16:30,-30.4375
2017-03-21 16:31,-27.9625
2017-03-21 16:32,-25.4075
2017-03-21 16:33,-25.7975
2017-03-21 16:34,-23.884999999999998
2017-03-21 16:35,-23.5525
2017-03-21 16:36,-21.7975
2017-03-21 16:37,-24.802500000000002
2017-03-21 16:38,-22.6325
2017-03-21 16:39,-20.98
2017-03-21 16:40,-18.994999999999997
2017-03-21 16:41,-19.7825
2017-03-21 16:42,-18.5975
2017-03-21 16:43,-17.88
2017-03-21 16:44,-15.675
2017-03-21 16:45,-15.864999999999998
2017-03-21 16:46,-14.667499999999999
2017-03-21 16:47,-14.5425
2017-03-21 16:48,-12.5425
2017-03-21 16:49,-11.4525
2017-03-21 16:50,-9.325
2017-03-21 16:51,-7.42
2017-03-21 16:52,-5.72
2017-03-21 16:53,-6.467499999999999
2017-03-21 16:54,-10.045000000000002
2017-03-21 16:55,-13.0975
2017-03-21 16:56,-10.905
2017-03-21 16:57,-8.625
2017-03-21 16:58,-8.7925
2017-03-21 16:59,-9.375
2017-03-21 17:00,-9.645
2017-03-21 17:01,-8.0575
2017-03-21 17:02,-5.9275
2017-03-21 17:03,-5.17
2017-03-21 17:04,-6.737500000000001
2017-03-21 17:05,-8.915
2017-03-21 17:06,-10.495000000000001
2017-03-21 17:07,-6.609999999999999
2017-03-21 17:08,-5.56
2017-03-21 17:09,-6.1975
2017-03-21 17:10,-6.845
2017-03-21 17:11,-6.565
2017-03-21 17:12,-6.9275
2017-03-21 17:13,-7.86
2017-03-21 17:14,-6.3275
2017-03-21 17:15,-6.57
2017-03-21 17:16,-6.545
2017-03-21 17:17,-5.050000000000001
2017-03-21 17:18,-5.615
2017-03-21 17:19,-4.885
2017-03-21 17:20,-8.865
2017-03-21 17:21,-10.907499999999999
2017-03-21 17:22,-12.125
2017-03-21 17:23,-12.715
2017-03-21 17:24,-13.947500000000002
2017-03-21 17:25,-13.692499999999999
2017-03-21 17:26,-15.61
2017-03-21 17:27,-14.76
2017-03-21 17:28,-14.365
2017-03-21 17:29,-13.4625
2017-03-21 17:30,-10.325
2017-03-21 17:31,-13.14
2017-03-21 17:32,-13.782499999999999
2017-03-21 17:33,-14.035
2017-03-21 17:34,-15.725000000000001
2017-03-21 17:35,-14.735000000000001
2017-03-21 17:36,-11.125
2017-03-21 17:37,-9.592500000000001
2017-03-21 17:38,-9.2625
2017-03-21 17:39,-6.855
2017-03-21 17:40,-4.0475
2017-03-21 17:41,-6.23
2017-03-21 17:42,-10.6275
2017-03-21 17:43,-10.8525
2017-03-21 17:44,-8.84
2017-03-21 17:45,-8.555
2017-03-21 17:46,-4.3925
2017-03-21 17:47,-3.8674999999999997
2017-03-21 17:48,-3.91
2017-03-21 17:49,-5.9275
2017-03-21 17:50,-8.774999999999999
2017-03-21 17:51,-6.317500000000001
2017-03-21 17:52,-7.2875000000000005
2017-03-21 17:53,-3.785
2017-03-21 17:54,-2.525
2017-03-21 17:55,-6.260000000000001
2017-03-21 17:56,-7.52
2017-03-21 17:57,-7.22
2017-03-21 17:58,-6.705
2017-03-21 17:59,-7.0975
2017-03-21 18:00,-7.734999999999999
2017-03-21 18:01,-11.2775
2017-03-21 18:02,-10.032499999999999
2017-03-21 18:03,-12.055
2017-03-21 18:04,-11.7775
2017-03-21 18:05,-11.62
2017-03-21 18:06,-13.505
2017-03-21 18:07,-15.705
2017-03-21 18:08,-15.342500000000001
2017-03-21 18:09,-16.43
2017-03-21 18:10,-17.45
2017-03-21 18:11,-17.11
2017-03-21 18:12,-16.395
2017-03-21 18:13,-15.702499999999999
2017-03-21 18:14,-18.82
2017-03-21 18:15,-20.8275
2017-03-21 18:16,-23.492500000000003
2017-03-21 18:17,-24.73
2017-03-21 18:18,-26.635
2017-03-21 18:19,-26.445
2017-03-21 18:20,-26.259999999999998
2017-03-21 18:21,-27.490000000000002
2017-03-21 18:22,-25.3025
2017-03-21 18:23,-25.363999999999997
2017-03-21 18:24,-24.7625
2017-03-21 18:25,-27.6725
2017-03-21 18:26,-29.189999999999998
2017-03-21 18:27,-32.614999999999995
2017-03-21 18:28,-34.035
2017-03-21 18:29,-36.035000000000004
2017-03-21 18:30,-37.682500000000005
2017-03-21 18:31,-39.52
2017-03-21 18:32,-41.665
2017-03-21 18:33,-41.565
2017-03-21 18:34,-41.5575
2017-03-21 18:35,-43.357499999999995
2017-03-21 18:36,-41.7275
2017-03-21 18:37,-43.2475
2017-03-21 18:38,-42.2775
2017-03-21 18:39,-45.8275
2017-03-21 18:40,-48.587500000000006
2017-03-21 18:41,-48.9375
2017-03-21 18:42,-48.905
2017-03-21 18:43,-52.8625
2017-03-21 18:44,-52.120000000000005
2017-03-21 18:45,-53.62
2017-03-21 18:46,-53.7025
2017-03-21 18:47,-54.9625
2017-03-21 18:48,-55.72
2017-03-21 18:49,-52.322500000000005
2017-03-21 18:50,-52.7425
2017-03-21 18:51,-54.2775
2017-03-21 18:52,-51.765
2017-03-21 18:53,-51.285000000000004
2017-03-21 18:54,-51.637499999999996
2017-03-21 18:55,-51.5325
2017-03-21 18:56,-54.120000000000005
2017-03-21 18:57,-50.855000000000004
2017-03-21 18:58,-50.915
2017-03-21 18:59,-48.459999999999994
2017-03-21 19:00,-49.13250000000001
2017-03-21 19:01,-50.095000000000006
2017-03-21 19:02,-48.345
2017-03-21 19:03,-49.029999999999994
2017-03-21 19:04,-50.322500000000005
2017-03-21 19:05,-51.195
2017-03-21 19:06,-51.5475
2017-03-21 19:07,-51.125
2017-03-21 19:08,-52.3125
2017-03-21 19:09,-53.040000000000006
2017-03-21 19:10,-52.58
2017-03-21 19:11,-50.585
2017-03-21 19:12,-51.152499999999996
2017-03-21 19:13,-52.53
2017-03-21 19:14,-53.5125
2017-03-21 19:15,-55.38
2017-03-21 19:16,-53.987500000000004
2017-03-21 19:17,-52.707499999999996
2017-03-21 19:18,-51.5625
2017-03-21 19:19,-50.72
2017-03-21 19:20,-51.118
2017-03-21 19:21,-48.82
2017-03-21 19:22,-49.7725
2017-03-21 19:23,-49.9225
2017-03-21 19:24,-47.2425
2017-03-21 19:25,-46.53
2017-03-21 19:26,-48.157500000000006
2017-03-21 19:27,-46.129999999999995
2017-03-21 19:28,-44.64
2017-03-21 19:29,-41.7025
2017-03-21 19:30,-43.24
2017-03-21 19:31,-40.129999999999995
2017-03-21 19:32,-37.6425
2017-03-21 19:33,-41.307500000000005
2017-03-21 19:34,-40.6325
2017-03-21 19:35,-42.1175
2017-03-21 19:36,-39.0
2017-03-21 19:37,-38.235
2017-03-21 19:38,-38.37
2017-03-21 19:39,-38.655
2017-03-21 19:40,-39.79
2017-03-21 19:41,-39.762499999999996
2017-03-21 19:42,-35.765
2017-03-21 19:43,-34.0625
2017-03-21 19:44,-37.6725
2017-03-21 19:45,-39.3475
2017-03-21 19:46,-40.517500000000005
2017-03-21 19:47,-41.785
2017-03-21 19:48,-41.605000000000004
2017-03-21 19:49,-37.385000000000005
2017-03-21 19:50,-35.0325
2017-03-21 19:51,-37.025
2017-03-21 19:52,-39.4175
2017-03-21 19:53,-43.1175
2017-03-21 19:54,-45.866
2017-03-21 19:55,-46.745000000000005
2017-03-21 19:56,-44.732499999999995
2017-03-21 19:57,-39.5625
2017-03-21 19:58,-41.802499999999995
2017-03-21 19:59,-41.0625
2017-03-21 20:00,-42.2675
2017-03-21 20:01,-45.565
2017-03-21 20:02,-41.5775
2017-03-21 20:03,-40.767500000000005
2017-03-21 20:04,-42.3275
2017-03-21 20:05,-39.31
2017-03-21 20:06,-38.5
2017-03-21 20:07,-42.5375
2017-03-21 20:08,-43.5325
2017-03-21 20:09,-43.9075
2017-03-21 20:10,-45.72
2017-03-21 20:11,-46.10000000000001
2017-03-21 20:12,-44.065
2017-03-21 20:13,-41.9775
2017-03-21 20:14,-39.870000000000005
2017-03-21 20:15,-37.864999999999995
2017-03-21 20:16,-34.787499999999994
2017-03-21 20:17,-33.7875
2017-03-21 20:18,-34.65
2017-03-21 20:19,-34.78
2017-03-21 20:20,-34.61
2017-03-21 20:21,-35.260000000000005
2017-03-21 20:22,-37.3975
2017-03-21 20:23,-36.805
2017-03-21 20:24,-36.7575
2017-03-21 20:25,-35.4475
2017-03-21 20:26,-37.1275
2017-03-21 20:27,-35.165
2017-03-21 20:28,-37.56600000000001
2017-03-21 20:29,-40.2225
2017-03-21 20:30,-41.535
2017-03-21 20:31,-40.89
2017-03-21 20:32,-41.8325
2017-03-21 20:33,-42.035
2017-03-21 20:34,-42.165
2017-03-21 20:35,-43.375
2017-03-21 20:36,-43.525000000000006
2017-03-21 20:37,-45.527499999999996
2017-03-21 20:38,-43.865
2017-03-21 20:39,-44.417500000000004
2017-03-21 20:40,-43.9725
2017-03-21 20:41,-46.4725
2017-03-21 20:42,-47.019999999999996
2017-03-21 20:43,-41.417500000000004
2017-03-21 20:44,-40.0225
2017-03-21 20:45,-43.55
2017-03-21 20:46,-46.205
2017-03-21 20:47,-45.5975
2017-03-21 20:48,-43.75000000000001
2017-03-21 20:49,-41.0225
2017-03-21 20:50,-43.295
2017-03-21 20:51,-45.645
2017-03-21 20:52,-49.525
2017-03-21 20:53,-48.5875
2017-03-21 20:54,-46.57
2017-03-21 20:55,-48.34
2017-03-21 20:56,-47.337500000000006
2017-03-21 20:57,-48.09
2017-03-21 20:58,-47.052499999999995
2017-03-21 20:59,-45.0775
2017-03-21 21:00,-47.089999999999996
2017-03-21 21:01,-44.115
2017-03-21 21:02,-42.125
2017-03-21 21:03,-41.5675
2017-03-21 21:04,-45.144999999999996
2017-03-21 21:05,-44.8825
2017-03-21 21:06,-46.24250000000001
2017-03-21 21:07,-47.97
2017-03-21 21:08,-47.795
2017-03-21 21:09,-47.612500000000004
2017-03-21 21:10,-47.155
2017-03-21 21:11,-46.435
2017-03-21 21:12,-48.1225
2017-03-21 21:13,-47.837500000000006
2017-03-21 21:14,-44.3425
2017-03-21 21:15,-45.787499999999994
2017-03-21 21:16,-44.7075
2017-03-21 21:17,-43.412499999999994
2017-03-21 21:18,-42.055
2017-03-21 21:19,-42.345
2017-03-21 21:20,-42.8125
2017-03-21 21:21,-43.8725
2017-03-21 21:22,-47.447500000000005
2017-03-21 21:23,-45.435
2017-03-21 21:24,-44.9525
2017-03-21 21:25,-42.53
2017-03-21 21:26,-43.635000000000005
2017-03-21 21:27,-44.0275
2017-03-21 21:28,-46.042500000000004
2017-03-21 21:29,-48.212500000000006
2017-03-21 21:30,-47.92
2017-03-21 21:31,-46.935
2017-03-21 21:32,-43.82
2017-03-21 21:33,-43.275000000000006
2017-03-21 21:34,-44.5475
2017-03-21 21:35,-46.260000000000005
2017-03-21 21:36,-44.0225
2017-03-21 21:37,-42.31249999999999
2017-03-21 21:38,-45.265
2017-03-21 21:39,-44.475
2017-03-21 21:40,-45.4375
2017-03-21 21:41,-42.705
2017-03-21 21:42,-42.735
2017-03-21 21:43,-41.8725
2017-03-21 21:44,-42.3125
2017-03-21 21:45,-42.25999999999999
2017-03-21 21:46,-42.8825
2017-03-21 21:47,-42.72
2017-03-21 21:48,-46.285
2017-03-21 21:49,-46.665000000000006
2017-03-21 21:50,-46.442499999999995
2017-03-21 21:51,-44.7275
2017-03-21 21:52,-44.14
2017-03-21 21:53,-42.730000000000004
2017-03-21 21:54,-43.7475
2017-03-21 21:55,-43.955
2017-03-21 21:56,-44.33500000000001
2017-03-21 21:57,-45.2575
2017-03-21 21:58,-44.7525
2017-03-21 21:59,-43.034000000000006
2017-03-21 22:00,-42.4925
2017-03-21 22:01,-45.645
2017-03-21 22:02,-42.614999999999995
2017-03-21 22:03,-40.6025
2017-03-21 22:04,-39.4
2017-03-21 22:05,-46.675
2017-03-21 22:06,-52.3375
2017-03-21 22:07,-54.3575
2017-03-21 22:08,-53.394999999999996
2017-03-21 22:09,-48.1275
2017-03-21 22:10,-47.044999999999995
2017-03-21 22:11,-45.89
2017-03-21 22:12,-46.407500000000006
2017-03-21 22:13,-46.7475
2017-03-21 22:14,-46.44500000000001
2017-03-21 22:15,-44.1025
2017-03-21 22:16,-42.3375
2017-03-21 22:17,-44.777499999999996
2017-03-21 22:18,-45.8725
2017-03-21 22:19,-45.4675
2017-03-21 22:20,-41.63
2017-03-21 22:21,-41.725
2017-03-21 22:22,-41.4225
2017-03-21 22:23,-44.81
2017-03-21 22:24,-49.88999999999999
2017-03-21 22:25,-48.8475
2017-03-21 22:26,-48.2725
2017-03-21 22:27,-48.61
2017-03-21 22:28,-49.432500000000005
2017-03-21 22:29,-46.905
2017-03-21 22:30,-45.45
2017-03-21 22:31,-48.065000000000005
2017-03-21 22:32,-45.665
2017-03-21 22:33,-43.244
2017-03-21 22:34,-43.765
2017-03-21 22:35,-48.4225
2017-03-21 22:36,-50.0775
2017-03-21 22:37,-50.755
2017-03-21 22:38,-46.885000000000005
2017-03-21 22:39,-42.724999999999994
2017-03-21 22:40,-43.709999999999994
2017-03-21 22:41,-47.6025
2017-03-21 22:42,-47.805
2017-03-21 22:43,-45.4
2017-03-21 22:44,-42.834999999999994
2017-03-21 22:45,-43.595
2017-03-21 22:46,-43.50500000000001
2017-03-21 22:47,-44.415
2017-03-21 22:48,-44.64
2017-03-21 22:49,-46.7825
2017-03-21 22:50,-47.567499999999995
2017-03-21 22:51,-45.947500000000005
2017-03-21 22:52,-44.9475
2017-03-21 22:53,-44.23
2017-03-21 22:54,-41.4625
2017-03-21 22:55,-45.287499999999994
2017-03-21 22:56,-42.6375
2017-03-21 22:57,-43.072500000000005
2017-03-21 22:58,-43.834999999999994
2017-03-21 22:59,-45.067499999999995
2017-03-21 23:00,-48.03
2017-03-21 23:01,-50.49
2017-03-21 23:02,-50.230000000000004
2017-03-21 23:03,-52.332499999999996
2017-03-21 23:04,-54.864999999999995
2017-03-21 23:05,-54.94499999999999
2017-03-21 23:06,-52.64750000000001
2017-03-21 23:07,-49.9175
2017-03-21 23:08,-50.239999999999995
2017-03-21 23:09,-53.68749999999999
2017-03-21 23:10,-56.795
2017-03-21 23:11,-54.525
2017-03-21 23:12,-53.212500000000006
2017-03-21 23:13,-51.125
2017-03-21 23:14,-47.925
2017-03-21 23:15,-47.7025
2017-03-21 23:16,-48.6425
2017-03-21 23:17,-50.080000000000005
2017-03-21 23:18,-48.555
2017-03-21 23:19,-49.285000000000004
2017-03-21 23:20,-49.5475
2017-03-21 23:21,-49.510000000000005
2017-03-21 23:22,-49.4575
2017-03-21 23:23,-49.5225
2017-03-21 23:24,-47.237500000000004
2017-03-21 23:25,-44.582499999999996
2017-03-21 23:26,-45.9875
2017-03-21 23:27,-46.9375
2017-03-21 23:28,-51.455
2017-03-21 23:29,-53.2625
2017-03-21 23:30,-50.75
2017-03-21 23:31,-51.605
2017-03-21 23:32,-49.730000000000004
2017-03-21 23:33,-48.337500000000006
2017-03-21 23:34,-50.3575
2017-03-21 23:35,-51.692499999999995
2017-03-21 23:36,-50.072500000000005
2017-03-21 23:37,-49.65
2017-03-21 23:38,-52.574999999999996
2017-03-21 23:39,-56.03
2017-03-21 23:40,-53.9125
2017-03-21 23:41,-47.6875
2017-03-21 23:42,-51.052499999999995
2017-03-21 23:43,-45.065
2017-03-21 23:44,-44.2325
2017-03-21 23:45,-43.3
2017-03-21 23:46,-43.557500000000005
2017-03-21 23:47,-44.605000000000004
2017-03-21 23:48,-46.480000000000004
2017-03-21 23:49,-47.4
2017-03-21 23:50,-48.972500000000004
2017-03-21 23:51,-46.94
