2018-04-23 21:58,
2018-04-23 21:59,
2018-04-23 22:00,
2018-04-23 22:01,
2018-04-23 22:02,
2018-04-23 22:03,
2018-04-23 22:04,
2018-04-23 22:05,
2018-04-23 22:06,
2018-04-23 22:07,
2018-04-23 22:08,
2018-04-23 22:09,
2018-04-23 22:10,
2018-04-23 22:11,
2018-04-23 22:12,
2018-04-23 22:13,
2018-04-23 22:14,
2018-04-23 22:15,
2018-04-23 22:16,
2018-04-23 22:17,
2018-04-23 22:18,
2018-04-23 22:19,
2018-04-23 22:20,
2018-04-23 22:21,
2018-04-23 22:22,
2018-04-23 22:23,
2018-04-23 22:24,
2018-04-23 22:25,
2018-04-23 22:26,
2018-04-23 22:27,
2018-04-23 22:28,
2018-04-23 22:29,
2018-04-23 22:30,
2018-04-23 22:31,
2018-04-23 22:32,
2018-04-23 22:33,
2018-04-23 22:34,
2018-04-23 22:35,
2018-04-23 22:36,
2018-04-23 22:37,
2018-04-23 22:38,
2018-04-23 22:39,
2018-04-23 22:40,
2018-04-23 22:41,
2018-04-23 22:42,
2018-04-23 22:43,
2018-04-23 22:44,
2018-04-23 22:45,
2018-04-23 22:46,
2018-04-23 22:47,
2018-04-23 22:48,
2018-04-23 22:49,
2018-04-23 22:50,
2018-04-23 22:51,
2018-04-23 22:52,
2018-04-23 22:53,
2018-04-23 22:54,
2018-04-23 22:55,
2018-04-23 22:56,
2018-04-23 22:57,
2018-04-23 22:58,
2018-04-23 22:59,
2018-04-23 23:00,
2018-04-23 23:01,
2018-04-23 23:02,
2018-04-23 23:03,
2018-04-23 23:04,
2018-04-23 23:05,
2018-04-23 23:06,
2018-04-23 23:07,
2018-04-23 23:08,
2018-04-23 23:09,
2018-04-23 23:10,
2018-04-23 23:11,
2018-04-23 23:12,
2018-04-23 23:13,
2018-04-23 23:14,
2018-04-23 23:15,
2018-04-23 23:16,
2018-04-23 23:17,
2018-04-23 23:18,
2018-04-23 23:19,
2018-04-23 23:20,
2018-04-23 23:21,
2018-04-23 23:22,
2018-04-23 23:23,
2018-04-23 23:24,
2018-04-23 23:25,
2018-04-23 23:26,
2018-04-23 23:27,
2018-04-23 23:28,
2018-04-23 23:29,
2018-04-23 23:30,
2018-04-23 23:31,
2018-04-23 23:32,
2018-04-23 23:33,
2018-04-23 23:34,
2018-04-23 23:35,
2018-04-23 23:36,
2018-04-23 23:37,
2018-04-23 23:38,
2018-04-23 23:39,
2018-04-23 23:40,
2018-04-23 23:41,
2018-04-23 23:42,
2018-04-23 23:43,
2018-04-23 23:44,
2018-04-23 23:45,
2018-04-23 23:46,
2018-04-23 23:47,
2018-04-23 23:48,
2018-04-23 23:49,
2018-04-23 23:50,
2018-04-23 23:51,
2018-04-23 23:52,
2018-04-23 23:53,
2018-04-23 23:54,
2018-04-23 23:55,
2018-04-23 23:56,
2018-04-23 23:57,
2018-04-23 23:58,
2018-04-23 23:59,
2018-04-24 00:00,
2018-04-24 00:01,
2018-04-24 00:02,
2018-04-24 00:03,
2018-04-24 00:04,
2018-04-24 00:05,
2018-04-24 00:06,
2018-04-24 00:07,
2018-04-24 00:08,
2018-04-24 00:09,
2018-04-24 00:10,
2018-04-24 00:11,
2018-04-24 00:12,
2018-04-24 00:13,
2018-04-24 00:14,
2018-04-24 00:15,
2018-04-24 00:16,
2018-04-24 00:17,
2018-04-24 00:18,
2018-04-24 00:19,
2018-04-24 00:20,
2018-04-24 00:21,
2018-04-24 00:22,
2018-04-24 00:23,
2018-04-24 00:24,
2018-04-24 00:25,
2018-04-24 00:26,
2018-04-24 00:27,
2018-04-24 00:28,
2018-04-24 00:29,
2018-04-24 00:30,
2018-04-24 00:31,
2018-04-24 00:32,
2018-04-24 00:33,
2018-04-24 00:34,
2018-04-24 00:35,
2018-04-24 00:36,
2018-04-24 00:37,
2018-04-24 00:38,
2018-04-24 00:39,
2018-04-24 00:40,
2018-04-24 00:41,
2018-04-24 00:42,
2018-04-24 00:43,
2018-04-24 00:44,
2018-04-24 00:45,
2018-04-24 00:46,
2018-04-24 00:47,
2018-04-24 00:48,
2018-04-24 00:49,
2018-04-24 00:50,
2018-04-24 00:51,
2018-04-24 00:52,
2018-04-24 00:53,
2018-04-24 00:54,
2018-04-24 00:55,
2018-04-24 00:56,
2018-04-24 00:57,
2018-04-24 00:58,
2018-04-24 00:59,
2018-04-24 01:00,
2018-04-24 01:01,
2018-04-24 01:02,
2018-04-24 01:03,
2018-04-24 01:04,
2018-04-24 01:05,
2018-04-24 01:06,
2018-04-24 01:07,
2018-04-24 01:08,
2018-04-24 01:09,
2018-04-24 01:10,
2018-04-24 01:11,
2018-04-24 01:12,
2018-04-24 01:13,
2018-04-24 01:14,
2018-04-24 01:15,
2018-04-24 01:16,
2018-04-24 01:17,
2018-04-24 01:18,
2018-04-24 01:19,
2018-04-24 01:20,
2018-04-24 01:21,
2018-04-24 01:22,
2018-04-24 01:23,
2018-04-24 01:24,
2018-04-24 01:25,
2018-04-24 01:26,
2018-04-24 01:27,
2018-04-24 01:28,
2018-04-24 01:29,
2018-04-24 01:30,
2018-04-24 01:31,
2018-04-24 01:32,
2018-04-24 01:33,
2018-04-24 01:34,
2018-04-24 01:35,
2018-04-24 01:36,
2018-04-24 01:37,
2018-04-24 01:38,
2018-04-24 01:39,
2018-04-24 01:40,
2018-04-24 01:41,
2018-04-24 01:42,
2018-04-24 01:43,
2018-04-24 01:44,
2018-04-24 01:45,
2018-04-24 01:46,
2018-04-24 01:47,
2018-04-24 01:48,
2018-04-24 01:49,
2018-04-24 01:50,
2018-04-24 01:51,
2018-04-24 01:52,
2018-04-24 01:53,
2018-04-24 01:54,
2018-04-24 01:55,
2018-04-24 01:56,
2018-04-24 01:57,
2018-04-24 01:58,
2018-04-24 01:59,
2018-04-24 02:00,
2018-04-24 02:01,
2018-04-24 02:02,
2018-04-24 02:03,
2018-04-24 02:04,
2018-04-24 02:05,
2018-04-24 02:06,
2018-04-24 02:07,
2018-04-24 02:08,
2018-04-24 02:09,
2018-04-24 02:10,
2018-04-24 02:11,
2018-04-24 02:12,
2018-04-24 02:13,
2018-04-24 02:14,
2018-04-24 02:15,
2018-04-24 02:16,
2018-04-24 02:17,
2018-04-24 02:18,
2018-04-24 02:19,
2018-04-24 02:20,
2018-04-24 02:21,
2018-04-24 02:22,
2018-04-24 02:23,
2018-04-24 02:24,
2018-04-24 02:25,
2018-04-24 02:26,
2018-04-24 02:27,
2018-04-24 02:28,
2018-04-24 02:29,
2018-04-24 02:30,
2018-04-24 02:31,
2018-04-24 02:32,
2018-04-24 02:33,
2018-04-24 02:34,
2018-04-24 02:35,
2018-04-24 02:36,
2018-04-24 02:37,
2018-04-24 02:38,
2018-04-24 02:39,
2018-04-24 02:40,
2018-04-24 02:41,
2018-04-24 02:42,
2018-04-24 02:43,
2018-04-24 02:44,
2018-04-24 02:45,
2018-04-24 02:46,
2018-04-24 02:47,
2018-04-24 02:48,
2018-04-24 02:49,
2018-04-24 02:50,
2018-04-24 02:51,
2018-04-24 02:52,
2018-04-24 02:53,
2018-04-24 02:54,
2018-04-24 02:55,
2018-04-24 02:56,
2018-04-24 02:57,
2018-04-24 02:58,
2018-04-24 02:59,
2018-04-24 03:00,
2018-04-24 03:01,
2018-04-24 03:02,
2018-04-24 03:03,
2018-04-24 03:04,
2018-04-24 03:05,
2018-04-24 03:06,
2018-04-24 03:07,
2018-04-24 03:08,
2018-04-24 03:09,
2018-04-24 03:10,
2018-04-24 03:11,
2018-04-24 03:12,
2018-04-24 03:13,
2018-04-24 03:14,
2018-04-24 03:15,
2018-04-24 03:16,
2018-04-24 03:17,
2018-04-24 03:18,
2018-04-24 03:19,
2018-04-24 03:20,
2018-04-24 03:21,
2018-04-24 03:22,
2018-04-24 03:23,
2018-04-24 03:24,
2018-04-24 03:25,
2018-04-24 03:26,
2018-04-24 03:27,
2018-04-24 03:28,
2018-04-24 03:29,
2018-04-24 03:30,
2018-04-24 03:31,
2018-04-24 03:32,
2018-04-24 03:33,
2018-04-24 03:34,
2018-04-24 03:35,
2018-04-24 03:36,
2018-04-24 03:37,
2018-04-24 03:38,
2018-04-24 03:39,
2018-04-24 03:40,
2018-04-24 03:41,
2018-04-24 03:42,
2018-04-24 03:43,
2018-04-24 03:44,
2018-04-24 03:45,
2018-04-24 03:46,
2018-04-24 03:47,
2018-04-24 03:48,
2018-04-24 03:49,
2018-04-24 03:50,
2018-04-24 03:51,
2018-04-24 03:52,
2018-04-24 03:53,
2018-04-24 03:54,
2018-04-24 03:55,
2018-04-24 03:56,
2018-04-24 03:57,
2018-04-24 03:58,
2018-04-24 03:59,
2018-04-24 04:00,
2018-04-24 04:01,
2018-04-24 04:02,
2018-04-24 04:03,
2018-04-24 04:04,
2018-04-24 04:05,
2018-04-24 04:06,
2018-04-24 04:07,
2018-04-24 04:08,
2018-04-24 04:09,
2018-04-24 04:10,
2018-04-24 04:11,
2018-04-24 04:12,
2018-04-24 04:13,
2018-04-24 04:14,
2018-04-24 04:15,
2018-04-24 04:16,
2018-04-24 04:17,
2018-04-24 04:18,
2018-04-24 04:19,
2018-04-24 04:20,
2018-04-24 04:21,
2018-04-24 04:22,
2018-04-24 04:23,
2018-04-24 04:24,
2018-04-24 04:25,
2018-04-24 04:26,
2018-04-24 04:27,
2018-04-24 04:28,
2018-04-24 04:29,
2018-04-24 04:30,
2018-04-24 04:31,
2018-04-24 04:32,
2018-04-24 04:33,
2018-04-24 04:34,
2018-04-24 04:35,
2018-04-24 04:36,
2018-04-24 04:37,
2018-04-24 04:38,
2018-04-24 04:39,
2018-04-24 04:40,
2018-04-24 04:41,
2018-04-24 04:42,
2018-04-24 04:43,
2018-04-24 04:44,
2018-04-24 04:45,
2018-04-24 04:46,
2018-04-24 04:47,
2018-04-24 04:48,
2018-04-24 04:49,
2018-04-24 04:50,
2018-04-24 04:51,
2018-04-24 04:52,
2018-04-24 04:53,
2018-04-24 04:54,
2018-04-24 04:55,
2018-04-24 04:56,
2018-04-24 04:57,
2018-04-24 04:58,
2018-04-24 04:59,
2018-04-24 05:00,
2018-04-24 05:01,
2018-04-24 05:02,
2018-04-24 05:03,
2018-04-24 05:04,
2018-04-24 05:05,
2018-04-24 05:06,
2018-04-24 05:07,
2018-04-24 05:08,
2018-04-24 05:09,
2018-04-24 05:10,
2018-04-24 05:11,
2018-04-24 05:12,
2018-04-24 05:13,
2018-04-24 05:14,
2018-04-24 05:15,
2018-04-24 05:16,
2018-04-24 05:17,
2018-04-24 05:18,
2018-04-24 05:19,
2018-04-24 05:20,
2018-04-24 05:21,
2018-04-24 05:22,
2018-04-24 05:23,
2018-04-24 05:24,
2018-04-24 05:25,
2018-04-24 05:26,
2018-04-24 05:27,
2018-04-24 05:28,
2018-04-24 05:29,
2018-04-24 05:30,
2018-04-24 05:31,
2018-04-24 05:32,
2018-04-24 05:33,
2018-04-24 05:34,
2018-04-24 05:35,
2018-04-24 05:36,
2018-04-24 05:37,
2018-04-24 05:38,
2018-04-24 05:39,
2018-04-24 05:40,
2018-04-24 05:41,
2018-04-24 05:42,
2018-04-24 05:43,
2018-04-24 05:44,
2018-04-24 05:45,
2018-04-24 05:46,
2018-04-24 05:47,
2018-04-24 05:48,
2018-04-24 05:49,
2018-04-24 05:50,
2018-04-24 05:51,
2018-04-24 05:52,
2018-04-24 05:53,
2018-04-24 05:54,
2018-04-24 05:55,
2018-04-24 05:56,
2018-04-24 05:57,
2018-04-24 05:58,
2018-04-24 05:59,
2018-04-24 06:00,
2018-04-24 06:01,
2018-04-24 06:02,
2018-04-24 06:03,
2018-04-24 06:04,
2018-04-24 06:05,
2018-04-24 06:06,
2018-04-24 06:07,
2018-04-24 06:08,
2018-04-24 06:09,
2018-04-24 06:10,
2018-04-24 06:11,
2018-04-24 06:12,
2018-04-24 06:13,
2018-04-24 06:14,
2018-04-24 06:15,
2018-04-24 06:16,
2018-04-24 06:17,
2018-04-24 06:18,
2018-04-24 06:19,
2018-04-24 06:20,
2018-04-24 06:21,
2018-04-24 06:22,
2018-04-24 06:23,
2018-04-24 06:24,
2018-04-24 06:25,
2018-04-24 06:26,
2018-04-24 06:27,
2018-04-24 06:28,
2018-04-24 06:29,
2018-04-24 06:30,
2018-04-24 06:31,
2018-04-24 06:32,
2018-04-24 06:33,
2018-04-24 06:34,
2018-04-24 06:35,
2018-04-24 06:36,
2018-04-24 06:37,
2018-04-24 06:38,
2018-04-24 06:39,
2018-04-24 06:40,
2018-04-24 06:41,
2018-04-24 06:42,
2018-04-24 06:43,
2018-04-24 06:44,
2018-04-24 06:45,
2018-04-24 06:46,
2018-04-24 06:47,
2018-04-24 06:48,
2018-04-24 06:49,
2018-04-24 06:50,
2018-04-24 06:51,
2018-04-24 06:52,
2018-04-24 06:53,
2018-04-24 06:54,
2018-04-24 06:55,
2018-04-24 06:56,
2018-04-24 06:57,
2018-04-24 06:58,
2018-04-24 06:59,
2018-04-24 07:00,
2018-04-24 07:01,
2018-04-24 07:02,
2018-04-24 07:03,
2018-04-24 07:04,
2018-04-24 07:05,
2018-04-24 07:06,
2018-04-24 07:07,
2018-04-24 07:08,
2018-04-24 07:09,
2018-04-24 07:10,
2018-04-24 07:11,
2018-04-24 07:12,
2018-04-24 07:13,
2018-04-24 07:14,
2018-04-24 07:15,
2018-04-24 07:16,
2018-04-24 07:17,
2018-04-24 07:18,
2018-04-24 07:19,
2018-04-24 07:20,
2018-04-24 07:21,
2018-04-24 07:22,
2018-04-24 07:23,
2018-04-24 07:24,
2018-04-24 07:25,
2018-04-24 07:26,
2018-04-24 07:27,
2018-04-24 07:28,
2018-04-24 07:29,
2018-04-24 07:30,
2018-04-24 07:31,
2018-04-24 07:32,
2018-04-24 07:33,
2018-04-24 07:34,
2018-04-24 07:35,
2018-04-24 07:36,
2018-04-24 07:37,
2018-04-24 07:38,
2018-04-24 07:39,
2018-04-24 07:40,
2018-04-24 07:41,
2018-04-24 07:42,
2018-04-24 07:43,
2018-04-24 07:44,
2018-04-24 07:45,
2018-04-24 07:46,
2018-04-24 07:47,
2018-04-24 07:48,
2018-04-24 07:49,
2018-04-24 07:50,
2018-04-24 07:51,
2018-04-24 07:52,
2018-04-24 07:53,
2018-04-24 07:54,
2018-04-24 07:55,
2018-04-24 07:56,
2018-04-24 07:57,
2018-04-24 07:58,
2018-04-24 07:59,
2018-04-24 08:00,
2018-04-24 08:01,
2018-04-24 08:02,
2018-04-24 08:03,
2018-04-24 08:04,
2018-04-24 08:05,
2018-04-24 08:06,
2018-04-24 08:07,
2018-04-24 08:08,
2018-04-24 08:09,
2018-04-24 08:10,
2018-04-24 08:11,
2018-04-24 08:12,
2018-04-24 08:13,
2018-04-24 08:14,
2018-04-24 08:15,
2018-04-24 08:16,
2018-04-24 08:17,
2018-04-24 08:18,
2018-04-24 08:19,
2018-04-24 08:20,
2018-04-24 08:21,
2018-04-24 08:22,
2018-04-24 08:23,
2018-04-24 08:24,
2018-04-24 08:25,
2018-04-24 08:26,
2018-04-24 08:27,
2018-04-24 08:28,
2018-04-24 08:29,
2018-04-24 08:30,
2018-04-24 08:31,
2018-04-24 08:32,
2018-04-24 08:33,
2018-04-24 08:34,
2018-04-24 08:35,
2018-04-24 08:36,
2018-04-24 08:37,
2018-04-24 08:38,
2018-04-24 08:39,
2018-04-24 08:40,
2018-04-24 08:41,
2018-04-24 08:42,
2018-04-24 08:43,
2018-04-24 08:44,
2018-04-24 08:45,
2018-04-24 08:46,
2018-04-24 08:47,
2018-04-24 08:48,
2018-04-24 08:49,
2018-04-24 08:50,
2018-04-24 08:51,
2018-04-24 08:52,
2018-04-24 08:53,
2018-04-24 08:54,
2018-04-24 08:55,
2018-04-24 08:56,
2018-04-24 08:57,
2018-04-24 08:58,
2018-04-24 08:59,
2018-04-24 09:00,
2018-04-24 09:01,
2018-04-24 09:02,
2018-04-24 09:03,
2018-04-24 09:04,
2018-04-24 09:05,
2018-04-24 09:06,
2018-04-24 09:07,
2018-04-24 09:08,
2018-04-24 09:09,
2018-04-24 09:10,
2018-04-24 09:11,
2018-04-24 09:12,
2018-04-24 09:13,
2018-04-24 09:14,
2018-04-24 09:15,
2018-04-24 09:16,
2018-04-24 09:17,
2018-04-24 09:18,
2018-04-24 09:19,
2018-04-24 09:20,
2018-04-24 09:21,
2018-04-24 09:22,
2018-04-24 09:23,
2018-04-24 09:24,
2018-04-24 09:25,
2018-04-24 09:26,
2018-04-24 09:27,
2018-04-24 09:28,
2018-04-24 09:29,
2018-04-24 09:30,
2018-04-24 09:31,
2018-04-24 09:32,
2018-04-24 09:33,
2018-04-24 09:34,
2018-04-24 09:35,
2018-04-24 09:36,
2018-04-24 09:37,
2018-04-24 09:38,
2018-04-24 09:39,
2018-04-24 09:40,
2018-04-24 09:41,
2018-04-24 09:42,
2018-04-24 09:43,
2018-04-24 09:44,
2018-04-24 09:45,
2018-04-24 09:46,
2018-04-24 09:47,
2018-04-24 09:48,
2018-04-24 09:49,
2018-04-24 09:50,
2018-04-24 09:51,
2018-04-24 09:52,
2018-04-24 09:53,
2018-04-24 09:54,
2018-04-24 09:55,
2018-04-24 09:56,
2018-04-24 09:57,
2018-04-24 09:58,
2018-04-24 09:59,
2018-04-24 10:00,
2018-04-24 10:01,
2018-04-24 10:02,
2018-04-24 10:03,
2018-04-24 10:04,
2018-04-24 10:05,
2018-04-24 10:06,
2018-04-24 10:07,
2018-04-24 10:08,
2018-04-24 10:09,
2018-04-24 10:10,27.945
2018-04-24 10:11,27.92588888888889
2018-04-24 10:12,27.918518518518518
2018-04-24 10:13,27.88844444444445
2018-04-24 10:14,27.889631578947377
2018-04-24 10:15,27.863185185185188
2018-04-24 10:16,27.876923076923074
2018-04-24 10:17,27.8461
2018-04-24 10:18,27.897187500000005
2018-04-24 10:19,27.874555555555556
2018-04-24 10:20,27.861037037037047
2018-04-24 10:21,27.83636
2018-04-24 10:22,
2018-04-24 10:23,
2018-04-24 10:24,27.7575
2018-04-24 10:25,27.756461538461544
2018-04-24 10:26,27.74374074074074
2018-04-24 10:27,27.73981481481481
2018-04-24 10:28,27.75144444444444
2018-04-24 10:29,27.742407407407413
2018-04-24 10:30,27.749259259259265
2018-04-24 10:31,27.771703703703697
2018-04-24 10:32,27.786851851851853
2018-04-24 10:33,27.819962962962958
2018-04-24 10:34,27.843666666666664
2018-04-24 10:35,27.868153846153845
2018-04-24 10:36,27.91003703703704
2018-04-24 10:37,27.95933333333333
2018-04-24 10:38,27.97537037037037
2018-04-24 10:39,28.01174074074074
2018-04-24 10:40,28.00022222222222
2018-04-24 10:41,28.056962962962963
2018-04-24 10:42,28.05451851851852
2018-04-24 10:43,28.096555555555554
2018-04-24 10:44,28.113185185185184
2018-04-24 10:45,28.302222222222227
2018-04-24 10:46,28.352625000000007
2018-04-24 10:47,28.192941176470583
2018-04-24 10:48,28.191185185185184
2018-04-24 10:49,28.211629629629623
2018-04-24 10:50,28.22933333333333
2018-04-24 10:51,28.266851851851857
2018-04-24 10:52,28.275444444444453
2018-04-24 10:53,28.302
2018-04-24 10:54,28.325296296296298
2018-04-24 10:55,28.33748148148148
2018-04-24 10:56,28.364592592592597
2018-04-24 10:57,28.394777777777783
2018-04-24 10:58,28.433370370370373
2018-04-24 10:59,28.461370370370364
2018-04-24 11:00,28.476944444444445
2018-04-24 11:01,28.491692307692304
2018-04-24 11:02,28.5255925925926
2018-04-24 11:03,28.526962962962962
2018-04-24 11:04,28.543851851851855
2018-04-24 11:05,28.56048148148148
2018-04-24 11:06,28.586444444444442
2018-04-24 11:07,28.608407407407412
2018-04-24 11:08,28.63551851851852
2018-04-24 11:09,28.662148148148155
2018-04-24 11:10,28.67318518518518
2018-04-24 11:11,28.703481481481482
2018-04-24 11:12,28.72837037037037
2018-04-24 11:13,28.721222222222213
2018-04-24 11:14,28.778037037037027
2018-04-24 11:15,28.796592592592592
2018-04-24 11:16,28.78496296296296
2018-04-24 11:17,28.82333333333334
2018-04-24 11:18,28.834333333333333
2018-04-24 11:19,28.84544444444444
2018-04-24 11:20,28.86859259259259
2018-04-24 11:21,28.886230769230767
2018-04-24 11:22,28.90481481481482
2018-04-24 11:23,28.925000000000004
2018-04-24 11:24,28.948703703703703
2018-04-24 11:25,28.999074074074073
2018-04-24 11:26,29.011407407407408
2018-04-24 11:27,29.046666666666663
2018-04-24 11:28,29.057333333333336
2018-04-24 11:29,29.07185185185185
2018-04-24 11:30,29.10577777777777
2018-04-24 11:31,29.137555555555554
2018-04-24 11:32,29.148259259259255
2018-04-24 11:33,29.15213043478261
2018-04-24 11:34,29.1987037037037
2018-04-24 11:35,29.22811111111112
2018-04-24 11:36,29.239333333333338
2018-04-24 11:37,29.26766666666666
2018-04-24 11:38,29.27437037037037
2018-04-24 11:39,29.326407407407412
2018-04-24 11:40,29.340370370370366
2018-04-24 11:41,29.4035925925926
2018-04-24 11:42,29.429777777777776
2018-04-24 11:43,29.442346153846152
2018-04-24 11:44,29.496296296296304
2018-04-24 11:45,29.50296296296296
2018-04-24 11:46,29.531518518518524
2018-04-24 11:47,29.561687499999998
2018-04-24 11:48,29.579259259259256
2018-04-24 11:49,29.58892592592592
2018-04-24 11:50,29.64411111111111
2018-04-24 11:51,29.657222222222227
2018-04-24 11:52,29.665703703703702
2018-04-24 11:53,29.687518518518527
2018-04-24 11:54,29.723333333333333
2018-04-24 11:55,29.741481481481483
2018-04-24 11:56,29.75688461538461
2018-04-24 11:57,29.778407407407403
2018-04-24 11:58,29.81585185185185
2018-04-24 11:59,29.84918518518518
2018-04-24 12:00,29.873666666666665
2018-04-24 12:01,29.904851851851845
2018-04-24 12:02,29.93485185185185
2018-04-24 12:03,29.926740740740748
2018-04-24 12:04,29.913629629629625
2018-04-24 12:05,29.947888888888883
2018-04-24 12:06,29.960629629629626
2018-04-24 12:07,29.957370370370366
2018-04-24 12:08,29.960111111111114
2018-04-24 12:09,29.990407407407407
2018-04-24 12:10,29.979769230769232
2018-04-24 12:11,29.99955555555555
2018-04-24 12:12,30.002000000000013
2018-04-24 12:13,30.02751851851852
2018-04-24 12:14,30.059222222222225
2018-04-24 12:15,30.106222222222218
2018-04-24 12:16,30.1007037037037
2018-04-24 12:17,30.12477777777778
2018-04-24 12:18,30.17177777777777
2018-04-24 12:19,30.18833333333333
2018-04-24 12:20,30.220851851851855
2018-04-24 12:21,30.27166666666668
2018-04-24 12:22,30.279884615384614
2018-04-24 12:23,30.29011111111111
2018-04-24 12:24,30.323851851851845
2018-04-24 12:25,30.340333333333334
2018-04-24 12:26,30.392481481481486
2018-04-24 12:27,30.389296296296294
2018-04-24 12:28,30.427851851851848
2018-04-24 12:29,30.436296296296295
2018-04-24 12:30,30.439777777777774
2018-04-24 12:31,30.487148148148147
2018-04-24 12:32,30.501153846153848
2018-04-24 12:33,30.511703703703702
2018-04-24 12:34,30.560851851851854
2018-04-24 12:35,30.59185185185185
2018-04-24 12:36,30.592518518518524
2018-04-24 12:37,30.643666666666665
2018-04-24 12:38,30.646037037037033
2018-04-24 12:39,30.67525925925926
2018-04-24 12:40,30.71137037037037
2018-04-24 12:41,30.675000000000004
2018-04-24 12:42,30.70380769230769
2018-04-24 12:43,30.716740740740743
2018-04-24 12:44,30.711296296296297
2018-04-24 12:45,30.73044444444444
2018-04-24 12:46,30.748333333333335
2018-04-24 12:47,30.72555555555555
2018-04-24 12:48,30.752
2018-04-24 12:49,30.78385185185185
2018-04-24 12:50,30.773518518518518
2018-04-24 12:51,30.782962962962962
2018-04-24 12:52,30.79122222222222
2018-04-24 12:53,30.770576923076923
2018-04-24 12:54,30.795074074074073
2018-04-24 12:55,30.771962962962956
2018-04-24 12:56,30.78285185185185
2018-04-24 12:57,30.79666666666667
2018-04-24 12:58,30.767629629629617
2018-04-24 12:59,30.811444444444444
2018-04-24 13:00,30.815333333333328
2018-04-24 13:01,30.824407407407403
2018-04-24 13:02,30.837666666666657
2018-04-24 13:03,30.865962962962957
2018-04-24 13:04,30.891000000000005
2018-04-24 13:05,30.88942307692308
2018-04-24 13:06,30.901592592592596
2018-04-24 13:07,30.932592592592588
2018-04-24 13:08,30.95362962962963
2018-04-24 13:09,30.990629629629638
2018-04-24 13:10,31.014074074074074
2018-04-24 13:11,31.049444444444443
2018-04-24 13:12,31.058851851851845
2018-04-24 13:13,31.067222222222224
2018-04-24 13:14,31.09603703703704
2018-04-24 13:15,31.097925925925924
2018-04-24 13:16,31.10700000000001
2018-04-24 13:17,31.11477777777778
2018-04-24 13:18,31.147576923076926
2018-04-24 13:19,31.17177777777777
2018-04-24 13:20,31.168925925925937
2018-04-24 13:21,31.18992592592593
2018-04-24 13:22,31.202185185185183
2018-04-24 13:23,31.22985185185184
2018-04-24 13:24,31.22288888888889
2018-04-24 13:25,31.239925925925927
2018-04-24 13:26,31.251777777777782
2018-04-24 13:27,31.214444444444442
2018-04-24 13:28,31.192074074074068
2018-04-24 13:29,31.156370370370364
2018-04-24 13:30,31.13296296296296
2018-04-24 13:31,31.06281481481482
2018-04-24 13:32,31.03192592592593
2018-04-24 13:33,30.988518518518518
2018-04-24 13:34,30.96930769230769
2018-04-24 13:35,30.977444444444448
2018-04-24 13:36,30.91855555555556
2018-04-24 13:37,30.92866666666667
2018-04-24 13:38,30.911740740740743
2018-04-24 13:39,30.907999999999998
2018-04-24 13:40,30.930296296296294
2018-04-24 13:41,30.94777777777777
2018-04-24 13:42,30.960481481481484
2018-04-24 13:43,30.98666666666667
2018-04-24 13:44,31.00748148148148
2018-04-24 13:45,31.042888888888882
2018-04-24 13:46,31.055629629629628
2018-04-24 13:47,31.09422222222223
2018-04-24 13:48,31.11473076923077
2018-04-24 13:49,31.142555555555553
2018-04-24 13:50,31.192777777777774
2018-04-24 13:51,31.21781481481482
2018-04-24 13:52,31.24525925925926
2018-04-24 13:53,31.286148148148154
2018-04-24 13:54,31.312296296296292
2018-04-24 13:55,31.354333333333333
2018-04-24 13:56,31.375666666666664
2018-04-24 13:57,31.394185185185187
2018-04-24 13:58,31.432333333333325
2018-04-24 13:59,31.455851851851858
2018-04-24 14:00,31.46940740740741
2018-04-24 14:01,31.5062962962963
2018-04-24 14:02,31.53318518518518
2018-04-24 14:03,31.541777777777785
2018-04-24 14:04,31.557444444444446
2018-04-24 14:05,31.573666666666664
2018-04-24 14:06,31.602814814814817
2018-04-24 14:07,31.61203703703704
2018-04-24 14:08,31.64748148148148
2018-04-24 14:09,31.653777777777776
2018-04-24 14:10,31.675259259259263
2018-04-24 14:11,31.698259259259256
2018-04-24 14:12,31.741777777777777
2018-04-24 14:13,31.751000000000005
2018-04-24 14:14,31.771407407407406
2018-04-24 14:15,31.795148148148147
2018-04-24 14:16,31.819000000000003
2018-04-24 14:17,31.83866666666667
2018-04-24 14:18,31.861074074074068
2018-04-24 14:19,31.87537037037037
2018-04-24 14:20,31.902925925925928
2018-04-24 14:21,31.921148148148152
2018-04-24 14:22,31.927444444444436
2018-04-24 14:23,31.951074074074068
2018-04-24 14:24,31.941259259259255
2018-04-24 14:25,31.949703703703705
2018-04-24 14:26,31.96192592592592
2018-04-24 14:27,31.96033333333333
2018-04-24 14:28,31.977740740740746
2018-04-24 14:29,31.978703703703697
2018-04-24 14:30,31.99192592592592
2018-04-24 14:31,32.00540740740741
2018-04-24 14:32,32.02411111111111
2018-04-24 14:33,32.03703703703703
2018-04-24 14:34,32.05437037037037
2018-04-24 14:35,32.053851851851846
2018-04-24 14:36,32.08262962962963
2018-04-24 14:37,32.08740740740741
2018-04-24 14:38,32.091222222222214
2018-04-24 14:39,32.137
2018-04-24 14:40,32.1502962962963
2018-04-24 14:41,32.16288888888889
2018-04-24 14:42,32.19629629629629
2018-04-24 14:43,32.20022222222222
2018-04-24 14:44,32.22574074074074
2018-04-24 14:45,32.251185185185186
2018-04-24 14:46,32.275962962962964
2018-04-24 14:47,32.28237037037037
2018-04-24 14:48,32.29822222222223
2018-04-24 14:49,32.30051851851852
2018-04-24 14:50,32.32059259259259
2018-04-24 14:51,32.34151851851852
2018-04-24 14:52,32.353185185185175
2018-04-24 14:53,32.367
2018-04-24 14:54,32.370407407407406
2018-04-24 14:55,32.37937037037037
2018-04-24 14:56,32.36688888888889
2018-04-24 14:57,32.379999999999995
2018-04-24 14:58,32.38959259259259
2018-04-24 14:59,32.38051851851852
2018-04-24 15:00,32.37603703703704
2018-04-24 15:01,32.37959259259259
2018-04-24 15:02,32.3925
2018-04-24 15:03,32.41244444444445
2018-04-24 15:04,32.440814814814814
2018-04-24 15:05,32.46359259259259
2018-04-24 15:06,32.4642962962963
2018-04-24 15:07,32.474962962962955
2018-04-24 15:08,32.50151851851852
2018-04-24 15:09,32.52359259259259
2018-04-24 15:10,32.52111111111111
2018-04-24 15:11,32.55837037037037
2018-04-24 15:12,32.55185185185186
2018-04-24 15:13,32.575629629629624
2018-04-24 15:14,32.59648148148148
2018-04-24 15:15,32.629592592592594
2018-04-24 15:16,32.6632962962963
2018-04-24 15:17,32.683370370370376
2018-04-24 15:18,32.685518518518506
2018-04-24 15:19,32.723666666666674
2018-04-24 15:20,32.71055555555555
2018-04-24 15:21,32.753629629629636
2018-04-24 15:22,32.77503703703704
2018-04-24 15:23,32.75577777777777
2018-04-24 15:24,32.757370370370374
2018-04-24 15:25,32.76866666666667
2018-04-24 15:26,32.75981481481482
2018-04-24 15:27,32.768518518518526
2018-04-24 15:28,32.790888888888894
2018-04-24 15:29,32.80603571428572
2018-04-24 15:30,32.82392592592593
2018-04-24 15:31,32.83603703703703
2018-04-24 15:32,32.842740740740744
2018-04-24 15:33,32.86281481481482
2018-04-24 15:34,32.867518518518516
2018-04-24 15:35,32.88740740740741
2018-04-24 15:36,32.872037037037046
2018-04-24 15:37,32.910666666666664
2018-04-24 15:38,32.90603703703704
2018-04-24 15:39,32.92437037037037
2018-04-24 15:40,32.915592592592596
2018-04-24 15:41,32.94085185185185
2018-04-24 15:42,32.95159259259259
2018-04-24 15:43,32.98603703703704
2018-04-24 15:44,32.995962962962956
2018-04-24 15:45,33.020111111111106
2018-04-24 15:46,33.062703703703704
2018-04-24 15:47,33.078074074074074
2018-04-24 15:48,33.06870370370371
2018-04-24 15:49,33.09148148148148
2018-04-24 15:50,33.11581481481481
2018-04-24 15:51,33.13022222222222
2018-04-24 15:52,33.13666666666667
2018-04-24 15:53,33.154851851851845
2018-04-24 15:54,33.17396296296295
2018-04-24 15:55,33.17374074074075
2018-04-24 15:56,33.18281481481482
2018-04-24 15:57,33.179370370370364
2018-04-24 15:58,33.16392592592593
2018-04-24 15:59,33.19544444444444
2018-04-24 16:00,33.19407407407408
2018-04-24 16:01,33.19481481481481
2018-04-24 16:02,33.20685185185186
2018-04-24 16:03,33.232259259259266
2018-04-24 16:04,33.255629629629624
2018-04-24 16:05,33.27946428571429
2018-04-24 16:06,33.29155555555556
2018-04-24 16:07,33.3132962962963
2018-04-24 16:08,33.32292592592592
2018-04-24 16:09,33.31696296296296
2018-04-24 16:10,33.3107037037037
2018-04-24 16:11,33.32711111111111
2018-04-24 16:12,33.33862962962963
2018-04-24 16:13,33.34288888888889
2018-04-24 16:14,33.33325925925925
2018-04-24 16:15,33.33596296296297
2018-04-24 16:16,33.32537037037038
2018-04-24 16:17,33.317333333333345
2018-04-24 16:18,33.317925925925934
2018-04-24 16:19,33.31748148148149
2018-04-24 16:20,33.33492592592592
2018-04-24 16:21,33.32711111111111
2018-04-24 16:22,33.34
2018-04-24 16:23,33.330148148148155
2018-04-24 16:24,33.34185185185185
2018-04-24 16:25,33.345740740740744
2018-04-24 16:26,33.35440740740741
2018-04-24 16:27,33.31292592592592
2018-04-24 16:28,33.32703703703704
2018-04-24 16:29,33.33137037037037
2018-04-24 16:30,33.32425925925925
2018-04-24 16:31,33.34125925925926
2018-04-24 16:32,33.33855555555556
2018-04-24 16:33,33.35666666666667
2018-04-24 16:34,33.345037037037045
2018-04-24 16:35,33.33722222222223
2018-04-24 16:36,33.34807407407408
2018-04-24 16:37,33.354629629629635
2018-04-24 16:38,33.346999999999994
2018-04-24 16:39,33.318333333333335
2018-04-24 16:40,33.30437037037037
2018-04-24 16:41,33.30237037037037
2018-04-24 16:42,33.28740740740741
2018-04-24 16:43,33.26281481481482
2018-04-24 16:44,33.28688888888889
2018-04-24 16:45,33.28289285714286
2018-04-24 16:46,33.269999999999996
2018-04-24 16:47,33.23962962962964
2018-04-24 16:48,33.22866666666667
2018-04-24 16:49,33.213407407407416
2018-04-24 16:50,33.227222222222224
2018-04-24 16:51,33.206851851851845
2018-04-24 16:52,33.22681481481482
2018-04-24 16:53,33.20266666666667
2018-04-24 16:54,33.2225925925926
2018-04-24 16:55,33.21948148148148
2018-04-24 16:56,33.19481481481481
2018-04-24 16:57,33.16118518518518
2018-04-24 16:58,33.1467037037037
2018-04-24 16:59,33.1424074074074
2018-04-24 17:00,33.10655555555555
2018-04-24 17:01,33.10737037037037
2018-04-24 17:02,33.10740740740741
2018-04-24 17:03,33.12888888888888
2018-04-24 17:04,33.168481481481486
2018-04-24 17:05,33.20433333333334
2018-04-24 17:06,33.25637037037038
2018-04-24 17:07,33.26522222222223
2018-04-24 17:08,33.26692592592592
2018-04-24 17:09,33.268962962962966
2018-04-24 17:10,33.236333333333334
2018-04-24 17:11,33.19474074074074
2018-04-24 17:12,33.190518518518516
2018-04-24 17:13,33.141814814814815
2018-04-24 17:14,33.11555555555555
2018-04-24 17:15,33.083703703703705
2018-04-24 17:16,33.092703703703705
2018-04-24 17:17,33.102629629629625
2018-04-24 17:18,33.107
2018-04-24 17:19,33.110740740740745
2018-04-24 17:20,33.116
2018-04-24 17:21,33.102407407407405
2018-04-24 17:22,33.10081481481482
2018-04-24 17:23,33.08948148148148
2018-04-24 17:24,33.09133333333333
2018-04-24 17:25,33.07681481481482
2018-04-24 17:26,33.08866666666667
2018-04-24 17:27,33.123777777777775
2018-04-24 17:28,33.148185185185184
2018-04-24 17:29,33.166148148148146
2018-04-24 17:30,33.18448148148149
2018-04-24 17:31,33.187111111111115
2018-04-24 17:32,33.19451851851853
2018-04-24 17:33,33.18
2018-04-24 17:34,33.17596296296296
2018-04-24 17:35,33.17111111111111
2018-04-24 17:36,33.17637037037038
2018-04-24 17:37,33.17248148148148
2018-04-24 17:38,33.190444444444445
2018-04-24 17:39,33.19651851851852
2018-04-24 17:40,33.20140740740741
2018-04-24 17:41,33.229629629629635
2018-04-24 17:42,33.22044444444444
2018-04-24 17:43,33.22196296296296
2018-04-24 17:44,33.23218518518519
2018-04-24 17:45,33.23425925925926
2018-04-24 17:46,33.27511111111111
2018-04-24 17:47,33.27517857142856
2018-04-24 17:48,33.30981481481482
2018-04-24 17:49,33.31685185185185
2018-04-24 17:50,33.32037037037036
2018-04-24 17:51,33.30111111111111
2018-04-24 17:52,33.31362962962963
2018-04-24 17:53,33.33525925925926
2018-04-24 17:54,33.333592592592595
2018-04-24 17:55,33.31192592592593
2018-04-24 17:56,33.2897037037037
2018-04-24 17:57,33.25277777777779
2018-04-24 17:58,33.23233333333334
2018-04-24 17:59,33.24688888888889
2018-04-24 18:00,33.2834074074074
2018-04-24 18:01,33.28985185185186
2018-04-24 18:02,33.324962962962964
2018-04-24 18:03,33.322851851851844
2018-04-24 18:04,33.34214814814815
2018-04-24 18:05,33.33340740740741
2018-04-24 18:06,33.33025925925925
2018-04-24 18:07,33.332888888888895
2018-04-24 18:08,33.345
2018-04-24 18:09,33.383814814814805
2018-04-24 18:10,33.39707407407407
2018-04-24 18:11,33.4152962962963
2018-04-24 18:12,33.42237037037038
2018-04-24 18:13,33.405296296296285
2018-04-24 18:14,33.381518518518526
2018-04-24 18:15,33.38251851851852
2018-04-24 18:16,33.40129629629629
2018-04-24 18:17,33.41125925925926
2018-04-24 18:18,33.395999999999994
2018-04-24 18:19,33.40118518518518
2018-04-24 18:20,33.40918518518519
2018-04-24 18:21,33.425
2018-04-24 18:22,33.422259259259256
2018-04-24 18:23,33.41196296296297
2018-04-24 18:24,33.44092592592592
2018-04-24 18:25,33.467111111111116
2018-04-24 18:26,33.502407407407404
2018-04-24 18:27,33.45314814814815
2018-04-24 18:28,33.41840740740741
2018-04-24 18:29,33.42774074074074
2018-04-24 18:30,33.434074074074076
2018-04-24 18:31,33.41222222222222
2018-04-24 18:32,33.47596296296296
2018-04-24 18:33,33.45137037037036
2018-04-24 18:34,33.45874074074074
2018-04-24 18:35,33.43725925925925
2018-04-24 18:36,33.45659259259259
2018-04-24 18:37,33.47759259259259
2018-04-24 18:38,33.499703703703695
2018-04-24 18:39,33.472444444444456
2018-04-24 18:40,33.452185185185186
2018-04-24 18:41,33.43744444444444
2018-04-24 18:42,33.41440740740741
2018-04-24 18:43,33.388407407407406
2018-04-24 18:44,33.373740740740736
2018-04-24 18:45,33.39092592592593
2018-04-24 18:46,33.37474074074074
2018-04-24 18:47,33.334296296296294
2018-04-24 18:48,33.33044444444444
2018-04-24 18:49,33.29707407407407
2018-04-24 18:50,33.29889285714286
2018-04-24 18:51,33.29503703703704
2018-04-24 18:52,33.27751851851852
2018-04-24 18:53,33.24414814814815
2018-04-24 18:54,33.25162962962963
2018-04-24 18:55,33.257
2018-04-24 18:56,33.25270370370371
2018-04-24 18:57,33.22325925925926
2018-04-24 18:58,33.22814814814814
2018-04-24 18:59,33.193296296296296
2018-04-24 19:00,33.182259259259254
2018-04-24 19:01,33.181888888888885
2018-04-24 19:02,33.20322222222222
2018-04-24 19:03,33.21866666666667
2018-04-24 19:04,33.211444444444446
2018-04-24 19:05,33.200962962962954
2018-04-24 19:06,33.20040740740741
2018-04-24 19:07,33.20437037037038
2018-04-24 19:08,33.21559259259259
2018-04-24 19:09,33.228814814814804
2018-04-24 19:10,33.240148148148144
2018-04-24 19:11,33.24440740740741
2018-04-24 19:12,33.24322222222223
2018-04-24 19:13,33.20177777777777
2018-04-24 19:14,33.24651851851851
2018-04-24 19:15,33.27559259259259
2018-04-24 19:16,33.28603703703704
2018-04-24 19:17,33.30892592592592
2018-04-24 19:18,33.31029629629629
2018-04-24 19:19,33.29914814814815
2018-04-24 19:20,33.28988888888888
2018-04-24 19:21,33.286370370370385
2018-04-24 19:22,33.28707407407407
2018-04-24 19:23,33.29029629629629
2018-04-24 19:24,33.27403703703704
2018-04-24 19:25,33.26962962962963
2018-04-24 19:26,33.25933333333334
2018-04-24 19:27,33.248074074074076
2018-04-24 19:28,33.2678888888889
2018-04-24 19:29,33.248518518518516
2018-04-24 19:30,33.270703703703695
2018-04-24 19:31,33.257629629629626
2018-04-24 19:32,33.2407037037037
2018-04-24 19:33,33.229740740740745
2018-04-24 19:34,33.2622962962963
2018-04-24 19:35,33.25844444444445
2018-04-24 19:36,33.28425925925925
2018-04-24 19:37,33.28344444444445
2018-04-24 19:38,33.282666666666664
2018-04-24 19:39,33.27288888888888
2018-04-24 19:40,33.27103703703704
2018-04-24 19:41,33.269925925925925
2018-04-24 19:42,33.281481481481485
2018-04-24 19:43,33.27529629629629
2018-04-24 19:44,33.306185185185186
2018-04-24 19:45,33.2887037037037
2018-04-24 19:46,33.30611111111111
2018-04-24 19:47,33.327518518518524
2018-04-24 19:48,33.33333333333333
2018-04-24 19:49,33.32359259259259
2018-04-24 19:50,33.356074074074066
2018-04-24 19:51,33.315
2018-04-24 19:52,33.32888888888888
2018-04-24 19:53,33.33377777777776
2018-04-24 19:54,33.36322222222222
2018-04-24 19:55,33.37603703703704
2018-04-24 19:56,33.38355555555555
2018-04-24 19:57,33.357814814814816
2018-04-24 19:58,33.36717857142857
2018-04-24 19:59,33.36029629629629
2018-04-24 20:00,33.340666666666664
2018-04-24 20:01,33.35055555555555
2018-04-24 20:02,33.35148148148148
2018-04-24 20:03,33.33785185185185
2018-04-24 20:04,33.34133333333333
2018-04-24 20:05,33.33211111111111
2018-04-24 20:06,33.30088888888889
2018-04-24 20:07,33.28614814814814
2018-04-24 20:08,33.29248148148148
2018-04-24 20:09,33.284148148148155
2018-04-24 20:10,33.273407407407404
2018-04-24 20:11,33.27422222222223
2018-04-24 20:12,33.2864074074074
2018-04-24 20:13,33.33148148148148
2018-04-24 20:14,33.3368148148148
2018-04-24 20:15,33.33781481481482
2018-04-24 20:16,33.33559259259259
2018-04-24 20:17,33.31692592592593
2018-04-24 20:18,33.304148148148144
2018-04-24 20:19,33.26511111111111
2018-04-24 20:20,33.27118518518519
2018-04-24 20:21,33.273666666666664
2018-04-24 20:22,33.23462962962964
2018-04-24 20:23,33.1831111111111
2018-04-24 20:24,33.17988888888889
2018-04-24 20:25,33.1657037037037
2018-04-24 20:26,33.147518518518524
2018-04-24 20:27,33.14092592592592
2018-04-24 20:28,33.154074074074074
2018-04-24 20:29,33.12174074074074
2018-04-24 20:30,33.147666666666666
2018-04-24 20:31,
2018-04-24 20:32,
2018-04-24 20:33,
2018-04-24 20:34,
2018-04-24 20:35,
2018-04-24 20:36,
2018-04-24 20:37,
2018-04-24 20:38,
2018-04-24 20:39,
2018-04-24 20:40,
2018-04-24 20:41,
2018-04-24 20:42,
2018-04-24 20:43,
2018-04-24 20:44,
2018-04-24 20:45,
2018-04-24 20:46,
2018-04-24 20:47,
2018-04-24 20:48,
2018-04-24 20:49,
2018-04-24 20:50,
2018-04-24 20:51,
2018-04-24 20:52,
2018-04-24 20:53,
2018-04-24 20:54,
2018-04-24 20:55,
2018-04-24 20:56,
2018-04-24 20:57,
2018-04-24 20:58,
2018-04-24 20:59,
2018-04-24 21:00,
2018-04-24 21:01,
2018-04-24 21:02,
2018-04-24 21:03,
2018-04-24 21:04,
2018-04-24 21:05,
2018-04-24 21:06,
2018-04-24 21:07,
2018-04-24 21:08,
2018-04-24 21:09,
2018-04-24 21:10,
2018-04-24 21:11,
2018-04-24 21:12,
2018-04-24 21:13,
2018-04-24 21:14,
2018-04-24 21:15,
2018-04-24 21:16,
2018-04-24 21:17,
2018-04-24 21:18,
2018-04-24 21:19,
2018-04-24 21:20,
2018-04-24 21:21,
2018-04-24 21:22,
2018-04-24 21:23,
2018-04-24 21:24,
2018-04-24 21:25,
2018-04-24 21:26,
2018-04-24 21:27,
2018-04-24 21:28,
2018-04-24 21:29,
2018-04-24 21:30,
2018-04-24 21:31,
2018-04-24 21:32,
2018-04-24 21:33,
2018-04-24 21:34,
2018-04-24 21:35,
2018-04-24 21:36,
2018-04-24 21:37,
2018-04-24 21:38,
2018-04-24 21:39,
2018-04-24 21:40,
2018-04-24 21:41,
2018-04-24 21:42,
2018-04-24 21:43,
2018-04-24 21:44,
2018-04-24 21:45,
2018-04-24 21:46,
2018-04-24 21:47,
2018-04-24 21:48,
2018-04-24 21:49,
2018-04-24 21:50,
2018-04-24 21:51,
2018-04-24 21:52,
2018-04-24 21:53,
2018-04-24 21:54,
2018-04-24 21:55,
2018-04-24 21:56,
2018-04-24 21:57,
