2017-08-11 21:33,-121.69666666666667
2017-08-11 21:34,-121.8125
2017-08-11 21:35,-122.11333333333334
2017-08-11 21:36,-119.62333333333333
2017-08-11 21:37,-119.36
2017-08-11 21:38,-120.57333333333334
2017-08-11 21:39,-121.145
2017-08-11 21:40,-121.52666666666666
2017-08-11 21:41,-122.33999999999999
2017-08-11 21:42,-122.0925
2017-08-11 21:43,-120.13
2017-08-11 21:44,-121.8725
2017-08-11 21:45,-123.13333333333333
2017-08-11 21:46,-123.3575
2017-08-11 21:47,-122.115
2017-08-11 21:48,-123.58999999999999
2017-08-11 21:49,-122.8925
2017-08-11 21:50,-123.02333333333333
2017-08-11 21:51,-124.3825
2017-08-11 21:52,-124.52666666666666
2017-08-11 21:53,-126.66666666666667
2017-08-11 21:54,-126.265
2017-08-11 21:55,-124.80333333333333
2017-08-11 21:56,-124.205
2017-08-11 21:57,-126.01
2017-08-11 21:58,-127.0
2017-08-11 21:59,-130.545
2017-08-11 22:00,-129.04333333333332
2017-08-11 22:01,-128.4075
2017-08-11 22:02,-126.35333333333334
2017-08-11 22:03,-129.7225
2017-08-11 22:04,-129.70999999999998
2017-08-11 22:05,-128.22666666666666
2017-08-11 22:06,-126.92750000000001
2017-08-11 22:07,-127.24000000000001
2017-08-11 22:08,-127.64500000000001
2017-08-11 22:09,-125.20333333333333
2017-08-11 22:10,-126.985
2017-08-11 22:11,-126.825
2017-08-11 22:12,-126.44333333333334
2017-08-11 22:13,-127.3375
2017-08-11 22:14,-126.92333333333333
2017-08-11 22:15,-126.555
2017-08-11 22:16,-126.78
2017-08-11 22:17,-126.16000000000001
2017-08-11 22:18,-128.2075
2017-08-11 22:19,-129.89666666666668
2017-08-11 22:20,-128.89000000000001
2017-08-11 22:21,-127.88999999999999
2017-08-11 22:22,-127.59333333333332
2017-08-11 22:23,-127.735
2017-08-11 22:24,-128.23333333333335
2017-08-11 22:25,-128.25
2017-08-11 22:26,-130.76
2017-08-11 22:27,-131.45000000000002
2017-08-11 22:28,-130.5125
2017-08-11 22:29,-129.48666666666668
2017-08-11 22:30,-129.71499999999997
2017-08-11 22:31,-131.4466666666667
2017-08-11 22:32,-130.43
2017-08-11 22:33,-131.3375
2017-08-11 22:34,-129.60000000000002
2017-08-11 22:35,-128.3475
2017-08-11 22:36,-128.66666666666666
2017-08-11 22:37,-130.2825
2017-08-11 22:38,-132.34
2017-08-11 22:39,-131.86333333333334
2017-08-11 22:40,-131.3775
2017-08-11 22:41,-131.23333333333335
2017-08-11 22:42,-131.76
2017-08-11 22:43,-130.47333333333333
2017-08-11 22:44,-130.89499999999998
2017-08-11 22:45,-131.82999999999998
2017-08-11 22:46,-131.31
2017-08-11 22:47,-131.54999999999998
2017-08-11 22:48,-130.81666666666666
2017-08-11 22:49,-131.20999999999998
2017-08-11 22:50,-130.365
2017-08-11 22:51,-130.62
2017-08-11 22:52,-132.585
2017-08-11 22:53,-131.70666666666668
2017-08-11 22:54,-134.07250000000002
2017-08-11 22:55,-132.35666666666668
2017-08-11 22:56,-132.26666666666668
2017-08-11 22:57,-133.42
2017-08-11 22:58,-132.97333333333333
2017-08-11 22:59,-132.14249999999998
2017-08-11 23:00,-131.33
2017-08-11 23:01,-129.6175
2017-08-11 23:02,-128.94
2017-08-11 23:03,-130.49666666666667
2017-08-11 23:04,-129.79749999999999
2017-08-11 23:05,-130.04333333333332
2017-08-11 23:06,-130.7875
2017-08-11 23:07,-128.2475
2017-08-11 23:08,-126.84333333333335
2017-08-11 23:09,-128.14
2017-08-11 23:10,-129.66333333333333
2017-08-11 23:11,-131.71249999999998
2017-08-11 23:12,-130.04333333333332
2017-08-11 23:13,-127.98333333333335
2017-08-11 23:14,-127.4625
2017-08-11 23:15,-126.73333333333333
2017-08-11 23:16,-127.03750000000001
2017-08-11 23:17,-126.33
2017-08-11 23:18,-126.08
2017-08-11 23:19,-125.885
2017-08-11 23:20,-127.29
2017-08-11 23:21,-126.685
2017-08-11 23:22,-126.38999999999999
2017-08-11 23:23,-124.845
2017-08-11 23:24,-124.42999999999999
2017-08-11 23:25,-125.19
2017-08-11 23:26,-125.8
2017-08-11 23:27,-125.71666666666665
2017-08-11 23:28,-124.2475
2017-08-11 23:29,-122.38666666666667
2017-08-11 23:30,-123.3125
2017-08-11 23:31,-123.355
2017-08-11 23:32,-122.27333333333333
2017-08-11 23:33,-119.97
2017-08-11 23:34,-117.79
2017-08-11 23:35,-118.07750000000001
2017-08-11 23:36,-118.31
2017-08-11 23:37,-116.88
2017-08-11 23:38,-115.355
2017-08-11 23:39,-113.94666666666666
2017-08-11 23:40,-114.14999999999999
2017-08-11 23:41,-115.42
2017-08-11 23:42,-113.63
2017-08-11 23:43,-110.83
2017-08-11 23:44,-111.85666666666667
2017-08-11 23:45,-112.63
2017-08-11 23:46,-113.65333333333332
2017-08-11 23:47,-114.995
2017-08-11 23:48,-106.5715
2017-08-11 23:49,-97.98633333333333
2017-08-11 23:50,-94.61325
2017-08-11 23:51,-95.09100000000001
2017-08-11 23:52,-95.6875
2017-08-11 23:53,-91.05400000000002
2017-08-11 23:54,-91.97500000000001
2017-08-11 23:55,-93.11249999999998
2017-08-11 23:56,-90.59933333333333
2017-08-11 23:57,-89.727
2017-08-11 23:58,-90.22033333333333
2017-08-11 23:59,-88.85175000000001
2017-08-12 00:00,-89.8265
2017-08-12 00:01,-87.63333333333334
2017-08-12 00:02,-85.9855
2017-08-12 00:03,-86.39333333333333
2017-08-12 00:04,-85.3495
2017-08-12 00:05,-82.07549999999999
2017-08-12 00:06,-82.32166666666667
2017-08-12 00:07,-81.34
2017-08-12 00:08,-77.537
2017-08-12 00:09,-78.34375
2017-08-12 00:10,-77.27166666666666
2017-08-12 00:11,-76.43866666666666
2017-08-12 00:12,-74.562
2017-08-12 00:13,-72.99066666666668
2017-08-12 00:14,-70.383
2017-08-12 00:15,-69.78566666666667
2017-08-12 00:16,-69.4685
2017-08-12 00:17,-70.2985
2017-08-12 00:18,-72.30966666666667
2017-08-12 00:19,-69.4685
2017-08-12 00:20,-67.68833333333333
2017-08-12 00:21,-70.2865
2017-08-12 00:22,-69.6235
2017-08-12 00:23,-65.801
2017-08-12 00:24,-65.30824999999999
2017-08-12 00:25,-64.32933333333334
2017-08-12 00:26,-63.83725
2017-08-12 00:27,-65.417
2017-08-12 00:28,-62.37966666666667
2017-08-12 00:29,-63.31175
2017-08-12 00:30,-62.31666666666666
2017-08-12 00:31,-63.1255
2017-08-12 00:32,-64.33566666666667
2017-08-12 00:33,-64.83275
2017-08-12 00:34,-61.57675
2017-08-12 00:35,-63.693000000000005
2017-08-12 00:36,-64.24825
2017-08-12 00:37,-62.07933333333333
2017-08-12 00:38,-61.176
2017-08-12 00:39,-59.63799999999999
2017-08-12 00:40,-57.71333333333333
2017-08-12 00:41,-54.75275
2017-08-12 00:42,-54.422
2017-08-12 00:43,-52.05275
2017-08-12 00:44,-51.296
2017-08-12 00:45,-52.24825
2017-08-12 00:46,-54.355250000000005
2017-08-12 00:47,-53.845
2017-08-12 00:48,-53.42275
2017-08-12 00:49,-52.221000000000004
2017-08-12 00:50,-53.51325
2017-08-12 00:51,-53.29675
2017-08-12 00:52,-52.54833333333334
2017-08-12 00:53,-52.271249999999995
2017-08-12 00:54,-52.656666666666666
2017-08-12 00:55,-51.428000000000004
2017-08-12 00:56,-52.165
2017-08-12 00:57,-52.10733333333334
2017-08-12 00:58,-50.64
2017-08-12 00:59,-49.01066666666667
2017-08-12 01:00,-47.51875
2017-08-12 01:01,-49.17733333333333
2017-08-12 01:02,-49.10525
2017-08-12 01:03,-47.94075000000001
2017-08-12 01:04,-50.858666666666664
2017-08-12 01:05,-50.97149999999999
2017-08-12 01:06,-52.23733333333333
2017-08-12 01:07,-52.25875
2017-08-12 01:08,-53.17499999999999
2017-08-12 01:09,-51.877
2017-08-12 01:10,-47.870999999999995
2017-08-12 01:11,-46.92066666666667
2017-08-12 01:12,-48.01025
2017-08-12 01:13,-52.35333333333333
2017-08-12 01:14,-52.12025
2017-08-12 01:15,-53.68325
2017-08-12 01:16,-56.602000000000004
2017-08-12 01:17,-58.51775
2017-08-12 01:18,-59.276
2017-08-12 01:19,-60.1185
2017-08-12 01:20,-62.324250000000006
2017-08-12 01:21,-64.50966666666666
2017-08-12 01:22,-64.136
2017-08-12 01:23,-62.61566666666667
2017-08-12 01:24,-64.09775
2017-08-12 01:25,-63.98166666666666
2017-08-12 01:26,-62.619249999999994
2017-08-12 01:27,-62.28574999999999
2017-08-12 01:28,-63.858
2017-08-12 01:29,-64.9545
2017-08-12 01:30,-63.22366666666667
2017-08-12 01:31,-63.143
2017-08-12 01:32,-63.878249999999994
2017-08-12 01:33,-66.10199999999999
2017-08-12 01:34,-68.06925000000001
2017-08-12 01:35,-69.73333333333333
2017-08-12 01:36,-69.78899999999999
2017-08-12 01:37,-68.857
2017-08-12 01:38,-69.58800000000001
2017-08-12 01:39,-67.9135
2017-08-12 01:40,-67.72133333333333
2017-08-12 01:41,-64.62675
2017-08-12 01:42,-64.726
2017-08-12 01:43,-61.5145
2017-08-12 01:44,-60.858000000000004
2017-08-12 01:45,-61.15833333333334
2017-08-12 01:46,-59.785
2017-08-12 01:47,-59.029666666666664
2017-08-12 01:48,-55.947
2017-08-12 01:49,-56.7525
2017-08-12 01:50,-52.853
2017-08-12 01:51,-52.043
2017-08-12 01:52,-49.976
2017-08-12 01:53,-49.898
2017-08-12 01:54,-47.79266666666666
2017-08-12 01:55,-46.86775
2017-08-12 01:56,-45.522749999999995
2017-08-12 01:57,-46.909
2017-08-12 01:58,-47.1525
2017-08-12 01:59,-48.17166666666666
2017-08-12 02:00,-46.908
2017-08-12 02:01,-46.62925
2017-08-12 02:02,-46.65366666666666
2017-08-12 02:03,-47.372749999999996
2017-08-12 02:04,-48.080999999999996
2017-08-12 02:05,-45.5255
2017-08-12 02:06,-44.300333333333334
2017-08-12 02:07,-44.725666666666676
2017-08-12 02:08,-44.17425
2017-08-12 02:09,-43.068999999999996
2017-08-12 02:10,-39.46875
2017-08-12 02:11,-33.154333333333334
2017-08-12 02:12,-31.028
2017-08-12 02:13,-31.47475
2017-08-12 02:14,-31.647666666666666
2017-08-12 02:15,-28.881
2017-08-12 02:16,-26.983333333333334
2017-08-12 02:17,-24.400750000000002
2017-08-12 02:18,-24.957666666666668
2017-08-12 02:19,-26.46666666666667
2017-08-12 02:20,-30.256
2017-08-12 02:21,-28.624
2017-08-12 02:22,-26.6215
2017-08-12 02:23,-21.796999999999997
2017-08-12 02:24,-22.675
2017-08-12 02:25,-22.874499999999998
2017-08-12 02:26,-20.748666666666665
2017-08-12 02:27,-24.016250000000003
2017-08-12 02:28,-25.527333333333335
2017-08-12 02:29,-24.66975
2017-08-12 02:30,-24.28125
2017-08-12 02:31,-25.994
2017-08-12 02:32,-29.817999999999998
2017-08-12 02:33,-32.366
2017-08-12 02:34,-37.9835
2017-08-12 02:35,-41.15566666666667
2017-08-12 02:36,-42.089666666666666
2017-08-12 02:37,-44.295
2017-08-12 02:38,-45.92600000000001
2017-08-12 02:39,-43.06774999999999
2017-08-12 02:40,-42.648666666666664
2017-08-12 02:41,-34.23075
2017-08-12 02:42,-39.34425
2017-08-12 02:43,-36.556333333333335
2017-08-12 02:44,-37.260000000000005
2017-08-12 02:45,-36.418
2017-08-12 02:46,-40.167
2017-08-12 02:47,-46.004
2017-08-12 02:48,-47.88933333333333
2017-08-12 02:49,-48.88249999999999
2017-08-12 02:50,-50.038999999999994
2017-08-12 02:51,-53.07975
2017-08-12 02:52,-54.32433333333333
2017-08-12 02:53,-56.55499999999999
2017-08-12 02:54,-59.18475
2017-08-12 02:55,-57.513666666666666
2017-08-12 02:56,-59.92475
2017-08-12 02:57,-63.635333333333335
2017-08-12 02:58,-64.339
2017-08-12 02:59,-68.6345
2017-08-12 03:00,-67.44066666666667
2017-08-12 03:01,-67.62725
2017-08-12 03:02,-69.45866666666666
2017-08-12 03:03,-71.3125
2017-08-12 03:04,-69.87533333333333
2017-08-12 03:05,-71.47566666666667
2017-08-12 03:06,-75.73125
2017-08-12 03:07,-76.21666666666668
2017-08-12 03:08,-77.28975
2017-08-12 03:09,-75.98
2017-08-12 03:10,-74.8815
2017-08-12 03:11,-75.318
2017-08-12 03:12,-73.21133333333334
2017-08-12 03:13,-73.72925000000001
2017-08-12 03:14,-72.15333333333332
2017-08-12 03:15,-75.27425
2017-08-12 03:16,-72.92625
2017-08-12 03:17,-71.50833333333334
2017-08-12 03:18,-73.226
2017-08-12 03:19,-72.391
2017-08-12 03:20,-73.92525
2017-08-12 03:21,-73.68333333333332
2017-08-12 03:22,-72.459
2017-08-12 03:23,-68.83550000000001
2017-08-12 03:24,-69.361
2017-08-12 03:25,-71.32675
2017-08-12 03:26,-73.82199999999999
2017-08-12 03:27,-72.34025
2017-08-12 03:28,-72.58924999999999
2017-08-12 03:29,-69.68933333333334
2017-08-12 03:30,-67.51775
2017-08-12 03:31,-67.82166666666666
2017-08-12 03:32,-70.88075
2017-08-12 03:33,-72.89966666666668
2017-08-12 03:34,-72.707
2017-08-12 03:35,-72.87575000000001
2017-08-12 03:36,-73.32633333333332
2017-08-12 03:37,-74.62125
2017-08-12 03:38,-72.84766666666667
2017-08-12 03:39,-74.1515
2017-08-12 03:40,-75.5425
2017-08-12 03:41,-70.57833333333333
2017-08-12 03:42,-65.57375
2017-08-12 03:43,-66.26866666666666
2017-08-12 03:44,-68.0695
2017-08-12 03:45,-68.46950000000001
2017-08-12 03:46,-69.42933333333333
2017-08-12 03:47,-69.65275
2017-08-12 03:48,-68.52733333333333
2017-08-12 03:49,-67.84275
2017-08-12 03:50,-66.62233333333333
2017-08-12 03:51,-68.58966666666667
2017-08-12 03:52,-71.7475
2017-08-12 03:53,-72.07133333333333
2017-08-12 03:54,-69.91499999999999
2017-08-12 03:55,-66.35366666666665
2017-08-12 03:56,-67.1065
2017-08-12 03:57,-62.408750000000005
2017-08-12 03:58,-63.29066666666666
2017-08-12 03:59,-64.26024999999998
2017-08-12 04:00,-61.577666666666666
2017-08-12 04:01,-62.39725
2017-08-12 04:02,-64.22274999999999
2017-08-12 04:03,-58.33833333333334
2017-08-12 04:04,-58.479499999999994
2017-08-12 04:05,-58.11633333333333
2017-08-12 04:06,-60.3945
2017-08-12 04:07,-63.255
2017-08-12 04:08,-61.39375
2017-08-12 04:09,-61.92225
2017-08-12 04:10,-61.580333333333336
2017-08-12 04:11,-62.31925
2017-08-12 04:12,-58.324999999999996
2017-08-12 04:13,-58.11375
2017-08-12 04:14,-57.719
2017-08-12 04:15,-56.34033333333334
2017-08-12 04:16,-54.471
2017-08-12 04:17,-54.47
2017-08-12 04:18,-54.283
2017-08-12 04:19,-52.910666666666664
2017-08-12 04:20,-53.23133333333334
2017-08-12 04:21,-51.942750000000004
2017-08-12 04:22,-51.638666666666666
2017-08-12 04:23,-50.44225
2017-08-12 04:24,-49.96966666666666
2017-08-12 04:25,-46.2675
2017-08-12 04:26,-44.40675
2017-08-12 04:27,-44.135
2017-08-12 04:28,-43.752
2017-08-12 04:29,-45.73233333333334
2017-08-12 04:30,-44.925
2017-08-12 04:31,-43.34425
2017-08-12 04:32,-47.145999999999994
2017-08-12 04:33,-48.227250000000005
2017-08-12 04:34,-49.12366666666667
2017-08-12 04:35,-46.7015
2017-08-12 04:36,-42.11933333333334
2017-08-12 04:37,-42.10475
2017-08-12 04:38,-41.630250000000004
2017-08-12 04:39,-42.708333333333336
2017-08-12 04:40,-43.64075
2017-08-12 04:41,-44.181000000000004
2017-08-12 04:42,-41.748999999999995
2017-08-12 04:43,-40.08375
2017-08-12 04:44,-39.954
2017-08-12 04:45,-39.13775
2017-08-12 04:46,-39.117
2017-08-12 04:47,-36.047000000000004
2017-08-12 04:48,-34.65133333333333
2017-08-12 04:49,-35.72533333333333
2017-08-12 04:50,-37.60175
2017-08-12 04:51,-35.022
2017-08-12 04:52,-34.1725
2017-08-12 04:53,-34.77666666666667
2017-08-12 04:54,-34.45175
2017-08-12 04:55,-34.00525
2017-08-12 04:56,-33.034
2017-08-12 04:57,-34.29600000000001
2017-08-12 04:58,-33.445
2017-08-12 04:59,-32.51475
2017-08-12 05:00,-33.279
2017-08-12 05:01,-34.699666666666666
2017-08-12 05:02,-33.46375
2017-08-12 05:03,-33.092333333333336
2017-08-12 05:04,-30.041249999999998
2017-08-12 05:05,-27.486
2017-08-12 05:06,-28.37675
2017-08-12 05:07,-27.51925
2017-08-12 05:08,-26.692999999999998
2017-08-12 05:09,-26.8865
2017-08-12 05:10,-25.658666666666665
2017-08-12 05:11,-23.99625
2017-08-12 05:12,-22.724
2017-08-12 05:13,-21.489
2017-08-12 05:14,-24.84675
2017-08-12 05:15,-25.038
2017-08-12 05:16,-24.55275
2017-08-12 05:17,-23.834
2017-08-12 05:18,-23.385
2017-08-12 05:19,-26.447249999999997
2017-08-12 05:20,-27.273
2017-08-12 05:21,-28.32
2017-08-12 05:22,-25.671333333333337
2017-08-12 05:23,-25.9965
2017-08-12 05:24,-25.902
2017-08-12 05:25,-27.977
2017-08-12 05:26,-29.4955
2017-08-12 05:27,-27.03033333333333
2017-08-12 05:28,-27.333499999999997
2017-08-12 05:29,-26.641000000000002
2017-08-12 05:30,-25.50066666666667
2017-08-12 05:31,-25.794249999999998
2017-08-12 05:32,-23.694666666666667
2017-08-12 05:33,-23.3175
2017-08-12 05:34,-24.985666666666663
2017-08-12 05:35,-27.07675
2017-08-12 05:36,-26.314999999999998
2017-08-12 05:37,-25.241333333333333
2017-08-12 05:38,-24.27775
2017-08-12 05:39,-23.05033333333333
2017-08-12 05:40,-21.1385
2017-08-12 05:41,-20.59675
2017-08-12 05:42,-20.330333333333332
2017-08-12 05:43,-18.6065
2017-08-12 05:44,-19.125
2017-08-12 05:45,-19.9645
2017-08-12 05:46,-20.118
2017-08-12 05:47,-17.558333333333334
2017-08-12 05:48,-15.9435
2017-08-12 05:49,-14.859333333333334
2017-08-12 05:50,-15.00625
2017-08-12 05:51,-12.896333333333333
2017-08-12 05:52,-13.087
2017-08-12 05:53,-12.666
2017-08-12 05:54,-13.006666666666668
2017-08-12 05:55,-13.491249999999999
2017-08-12 05:56,-12.410333333333334
2017-08-12 05:57,-11.6535
2017-08-12 05:58,-12.219
2017-08-12 05:59,-15.220999999999998
2017-08-12 06:00,-16.251
2017-08-12 06:01,-16.652666666666665
2017-08-12 06:02,-14.013
2017-08-12 06:03,-13.971333333333334
2017-08-12 06:04,-13.252
2017-08-12 06:05,-13.33575
2017-08-12 06:06,-13.559333333333333
2017-08-12 06:07,-15.1585
2017-08-12 06:08,-14.383666666666668
2017-08-12 06:09,-12.754749999999998
2017-08-12 06:10,-11.346333333333334
2017-08-12 06:11,-12.442666666666668
2017-08-12 06:12,-13.824
2017-08-12 06:13,-14.096333333333334
2017-08-12 06:14,-13.026
2017-08-12 06:15,-13.896333333333333
2017-08-12 06:16,-15.663499999999999
2017-08-12 06:17,-14.719000000000001
2017-08-12 06:18,-13.835999999999999
2017-08-12 06:19,-12.53575
2017-08-12 06:20,-10.781
2017-08-12 06:21,-14.380999999999998
2017-08-12 06:22,-16.00175
2017-08-12 06:23,-15.035333333333334
2017-08-12 06:24,-15.6095
2017-08-12 06:25,-16.521
2017-08-12 06:26,-16.3825
2017-08-12 06:27,-17.94
2017-08-12 06:28,-19.007666666666665
2017-08-12 06:29,-19.7615
2017-08-12 06:30,-19.438
2017-08-12 06:31,-20.13325
2017-08-12 06:32,-21.121333333333336
2017-08-12 06:33,-20.26025
2017-08-12 06:34,-20.0555
2017-08-12 06:35,-18.52633333333333
2017-08-12 06:36,-19.332
2017-08-12 06:37,-19.288
2017-08-12 06:38,-21.307
2017-08-12 06:39,-22.155999999999995
2017-08-12 06:40,-20.706666666666667
2017-08-12 06:41,-19.451
2017-08-12 06:42,-19.627
2017-08-12 06:43,-18.777
2017-08-12 06:44,-17.264666666666667
2017-08-12 06:45,-17.60925
2017-08-12 06:46,-18.85
2017-08-12 06:47,-20.509666666666664
2017-08-12 06:48,-18.70325
2017-08-12 06:49,-20.555
2017-08-12 06:50,-22.33225
2017-08-12 06:51,-21.55375
2017-08-12 06:52,-20.65
2017-08-12 06:53,-20.776
2017-08-12 06:54,-21.22366666666667
2017-08-12 06:55,-21.2
2017-08-12 06:56,-22.322666666666663
2017-08-12 06:57,-23.266000000000002
2017-08-12 06:58,-24.0045
2017-08-12 06:59,-22.507
2017-08-12 07:00,-21.731749999999998
2017-08-12 07:01,-19.800666666666668
2017-08-12 07:02,-19.733
2017-08-12 07:03,-20.65225
2017-08-12 07:04,-21.227666666666668
2017-08-12 07:05,-21.60275
2017-08-12 07:06,-20.405
2017-08-12 07:07,-22.64925
2017-08-12 07:08,-24.020333333333337
2017-08-12 07:09,-24.071
2017-08-12 07:10,-25.246250000000003
2017-08-12 07:11,-24.189999999999998
2017-08-12 07:12,-24.295250000000003
2017-08-12 07:13,-24.420333333333335
2017-08-12 07:14,-27.220499999999998
2017-08-12 07:15,-28.768
2017-08-12 07:16,-29.452
2017-08-12 07:17,-27.02325
2017-08-12 07:18,-28.243
2017-08-12 07:19,-29.168000000000003
2017-08-12 07:20,-29.41
2017-08-12 07:21,-32.49466666666667
2017-08-12 07:22,-33.00125
2017-08-12 07:23,-30.596333333333334
2017-08-12 07:24,-30.881249999999998
2017-08-12 07:25,-28.421333333333337
2017-08-12 07:26,-30.949499999999997
2017-08-12 07:27,-33.3975
2017-08-12 07:28,-33.65966666666667
2017-08-12 07:29,-32.576499999999996
2017-08-12 07:30,-33.63966666666666
2017-08-12 07:31,-33.056000000000004
2017-08-12 07:32,-32.049499999999995
2017-08-12 07:33,-32.776666666666664
2017-08-12 07:34,-32.652
2017-08-12 07:35,-33.478
2017-08-12 07:36,-34.799749999999996
2017-08-12 07:37,-37.178333333333335
2017-08-12 07:38,-38.08233333333333
2017-08-12 07:39,-40.275
2017-08-12 07:40,-40.805
2017-08-12 07:41,-40.856
2017-08-12 07:42,-41.24966666666666
2017-08-12 07:43,-43.45075
2017-08-12 07:44,-45.58325
2017-08-12 07:45,-47.830000000000005
2017-08-12 07:46,-51.059
2017-08-12 07:47,-49.839
2017-08-12 07:48,-51.1215
2017-08-12 07:49,-54.49699999999999
2017-08-12 07:50,-54.85233333333333
2017-08-12 07:51,-56.605000000000004
2017-08-12 07:52,-56.57033333333334
2017-08-12 07:53,-55.205
2017-08-12 07:54,-53.71066666666667
2017-08-12 07:55,-53.98049999999999
2017-08-12 07:56,-55.414249999999996
2017-08-12 07:57,-53.80533333333333
2017-08-12 07:58,-56.274499999999996
2017-08-12 07:59,-57.02733333333333
2017-08-12 08:00,-57.15975
2017-08-12 08:01,-56.35525
2017-08-12 08:02,-57.208
2017-08-12 08:03,-56.803999999999995
2017-08-12 08:04,-57.086999999999996
2017-08-12 08:05,-56.5375
2017-08-12 08:06,-54.669666666666664
2017-08-12 08:07,-52.185333333333325
2017-08-12 08:08,-50.99
2017-08-12 08:09,-50.839999999999996
2017-08-12 08:10,-50.429
2017-08-12 08:11,-49.95333333333334
2017-08-12 08:12,-49.2285
2017-08-12 08:13,-51.270250000000004
2017-08-12 08:14,-49.26466666666666
2017-08-12 08:15,-50.670500000000004
2017-08-12 08:16,-50.536
2017-08-12 08:17,-49.289500000000004
2017-08-12 08:18,-49.17766666666666
2017-08-12 08:19,-48.87633333333333
2017-08-12 08:20,-49.1395
2017-08-12 08:21,-49.75133333333334
2017-08-12 08:22,-48.728249999999996
2017-08-12 08:23,-48.34199999999999
2017-08-12 08:24,-47.059
2017-08-12 08:25,-46.783
2017-08-12 08:26,-47.951
2017-08-12 08:27,-46.36449999999999
2017-08-12 08:28,-46.46533333333333
2017-08-12 08:29,-45.379
2017-08-12 08:30,-43.9135
2017-08-12 08:31,-42.34466666666666
2017-08-12 08:32,-41.268750000000004
2017-08-12 08:33,-41.91433333333333
2017-08-12 08:34,-39.2325
2017-08-12 08:35,-38.77266666666666
2017-08-12 08:36,-38.24333333333333
2017-08-12 08:37,-42.114250000000006
2017-08-12 08:38,-41.36566666666667
2017-08-12 08:39,-40.56525
2017-08-12 08:40,-38.893
2017-08-12 08:41,-38.226499999999994
2017-08-12 08:42,-35.84925
2017-08-12 08:43,-34.812666666666665
2017-08-12 08:44,-35.731500000000004
2017-08-12 08:45,-35.258
2017-08-12 08:46,-36.5545
2017-08-12 08:47,-35.675000000000004
2017-08-12 08:48,-32.95766666666666
2017-08-12 08:49,-33.64175
2017-08-12 08:50,-33.42666666666666
2017-08-12 08:51,-33.075250000000004
2017-08-12 08:52,-31.837
2017-08-12 08:53,-31.897
2017-08-12 08:54,-32.274
2017-08-12 08:55,-32.72233333333333
2017-08-12 08:56,-31.90425
2017-08-12 08:57,-32.367333333333335
2017-08-12 08:58,-33.94525
2017-08-12 08:59,-34.37125
2017-08-12 09:00,-29.558999999999997
2017-08-12 09:01,-32.921499999999995
2017-08-12 09:02,-33.18833333333333
2017-08-12 09:03,-31.459250000000004
2017-08-12 09:04,-33.077
2017-08-12 09:05,-32.16775
2017-08-12 09:06,-32.805
2017-08-12 09:07,-32.05533333333333
2017-08-12 09:08,-30.985249999999997
2017-08-12 09:09,-29.36433333333333
2017-08-12 09:10,-32.1025
2017-08-12 09:11,-32.219
2017-08-12 09:12,-33.305
2017-08-12 09:13,-33.37475
2017-08-12 09:14,-34.01833333333334
2017-08-12 09:15,-33.085
2017-08-12 09:16,-30.592666666666663
2017-08-12 09:17,-32.81433333333334
2017-08-12 09:18,-33.40575
2017-08-12 09:19,-33.368
2017-08-12 09:20,-32.34575
2017-08-12 09:21,-34.312999999999995
2017-08-12 09:22,-35.337
2017-08-12 09:23,-33.32275
2017-08-12 09:24,-31.032333333333337
2017-08-12 09:25,-31.96775
2017-08-12 09:26,-29.44333333333333
2017-08-12 09:27,-28.6815
2017-08-12 09:28,-29.784000000000002
2017-08-12 09:29,-27.639666666666667
2017-08-12 09:30,-25.996750000000002
2017-08-12 09:31,-28.69633333333333
2017-08-12 09:32,-25.241
2017-08-12 09:33,-23.67233333333333
2017-08-12 09:34,-23.8455
2017-08-12 09:35,-26.79075
2017-08-12 09:36,-28.515
2017-08-12 09:37,-28.458
2017-08-12 09:38,-26.81566666666667
2017-08-12 09:39,-25.90975
2017-08-12 09:40,-26.2125
2017-08-12 09:41,-29.27333333333333
2017-08-12 09:42,-30.198749999999997
2017-08-12 09:43,-29.339
2017-08-12 09:44,-30.6215
2017-08-12 09:45,-33.39366666666666
2017-08-12 09:46,-34.008
2017-08-12 09:47,-32.493
2017-08-12 09:48,-33.56733333333333
2017-08-12 09:49,-34.4855
2017-08-12 09:50,-34.49566666666667
2017-08-12 09:51,-31.6865
2017-08-12 09:52,-31.150249999999996
2017-08-12 09:53,-30.433999999999997
2017-08-12 09:54,-32.589
2017-08-12 09:55,-30.459999999999997
2017-08-12 09:56,-30.230999999999998
2017-08-12 09:57,-28.10766666666667
2017-08-12 09:58,-27.621
2017-08-12 09:59,-29.35275
2017-08-12 10:00,-30.010333333333335
2017-08-12 10:01,-30.1895
2017-08-12 10:02,-32.60866666666667
2017-08-12 10:03,-33.023
2017-08-12 10:04,-32.90025
2017-08-12 10:05,-33.162
2017-08-12 10:06,-31.849999999999994
2017-08-12 10:07,-33.655
2017-08-12 10:08,-32.90075
2017-08-12 10:09,-33.170500000000004
2017-08-12 10:10,-31.05966666666667
2017-08-12 10:11,-26.872499999999995
2017-08-12 10:12,-28.05
2017-08-12 10:13,-28.591499999999996
2017-08-12 10:14,-28.06533333333333
2017-08-12 10:15,-28.857499999999998
2017-08-12 10:16,-30.211000000000002
2017-08-12 10:17,-29.261333333333337
2017-08-12 10:18,-30.89075
2017-08-12 10:19,-32.208333333333336
2017-08-12 10:20,-33.16425
2017-08-12 10:21,-32.83725
2017-08-12 10:22,-33.86233333333333
2017-08-12 10:23,-30.85125
2017-08-12 10:24,-31.771
2017-08-12 10:25,-30.76075
2017-08-12 10:26,-28.968
2017-08-12 10:27,-30.532333333333337
2017-08-12 10:28,-31.109499999999997
2017-08-12 10:29,-31.322999999999997
2017-08-12 10:30,-30.402499999999996
2017-08-12 10:31,-30.73466666666667
2017-08-12 10:32,-28.71225
2017-08-12 10:33,-28.681749999999997
2017-08-12 10:34,-31.061333333333334
2017-08-12 10:35,-29.4165
2017-08-12 10:36,-29.019666666666666
2017-08-12 10:37,-29.03525
2017-08-12 10:38,-27.387666666666664
2017-08-12 10:39,-26.288
2017-08-12 10:40,-27.37825
2017-08-12 10:41,-27.667666666666666
2017-08-12 10:42,-26.52025
2017-08-12 10:43,-28.188666666666666
2017-08-12 10:44,-27.9945
2017-08-12 10:45,-29.85175
2017-08-12 10:46,-27.29733333333333
2017-08-12 10:47,-26.349500000000003
2017-08-12 10:48,-26.770333333333337
2017-08-12 10:49,-27.39275
2017-08-12 10:50,-28.356250000000003
2017-08-12 10:51,-27.703666666666663
2017-08-12 10:52,-28.42675
2017-08-12 10:53,-29.454666666666668
2017-08-12 10:54,-27.686
2017-08-12 10:55,-26.535
2017-08-12 10:56,-26.392666666666667
2017-08-12 10:57,-26.927249999999997
2017-08-12 10:58,-26.402
2017-08-12 10:59,-25.813499999999998
2017-08-12 11:00,-26.784000000000002
2017-08-12 11:01,-26.11875
2017-08-12 11:02,-23.826
2017-08-12 11:03,-22.487666666666666
2017-08-12 11:04,-23.117749999999997
2017-08-12 11:05,-23.17233333333333
2017-08-12 11:06,-22.662
2017-08-12 11:07,-22.659666666666666
2017-08-12 11:08,-23.925
2017-08-12 11:09,-24.31975
2017-08-12 11:10,-23.57133333333333
2017-08-12 11:11,-23.26925
2017-08-12 11:12,-21.373
2017-08-12 11:13,-17.936750000000004
2017-08-12 11:14,-16.682000000000002
2017-08-12 11:15,-19.456666666666667
2017-08-12 11:16,-19.333000000000002
2017-08-12 11:17,-20.201666666666668
2017-08-12 11:18,-20.669249999999998
2017-08-12 11:19,-20.474999999999998
2017-08-12 11:20,-24.526333333333337
2017-08-12 11:21,-21.8515
2017-08-12 11:22,-22.22366666666667
2017-08-12 11:23,-22.4405
2017-08-12 11:24,-21.723333333333333
2017-08-12 11:25,-19.96575
2017-08-12 11:26,-18.596749999999997
2017-08-12 11:27,-17.938333333333333
2017-08-12 11:28,-18.477999999999998
2017-08-12 11:29,-20.478666666666665
2017-08-12 11:30,-18.68475
2017-08-12 11:31,-18.17675
2017-08-12 11:32,-17.335666666666665
2017-08-12 11:33,-17.221
2017-08-12 11:34,-17.06266666666667
2017-08-12 11:35,-17.012500000000003
2017-08-12 11:36,-17.758
2017-08-12 11:37,-21.069333333333333
2017-08-12 11:38,-20.7195
2017-08-12 11:39,-19.875333333333334
2017-08-12 11:40,-18.920749999999998
2017-08-12 11:41,-18.890666666666664
2017-08-12 11:42,-22.781750000000002
2017-08-12 11:43,-22.80375
2017-08-12 11:44,-22.458
2017-08-12 11:45,-21.6765
2017-08-12 11:46,-19.74533333333333
2017-08-12 11:47,-21.22325
2017-08-12 11:48,-19.506333333333334
2017-08-12 11:49,-19.961
2017-08-12 11:50,-20.0375
2017-08-12 11:51,-23.24933333333333
2017-08-12 11:52,-21.466
2017-08-12 11:53,-22.55933333333333
2017-08-12 11:54,-21.698500000000003
2017-08-12 11:55,-21.461000000000002
2017-08-12 11:56,-17.910333333333334
2017-08-12 11:57,-19.1985
2017-08-12 11:58,-20.805333333333333
2017-08-12 11:59,-16.55925
2017-08-12 12:00,-15.749999999999998
2017-08-12 12:01,-14.898000000000001
2017-08-12 12:02,-16.44875
2017-08-12 12:03,-16.128
2017-08-12 12:04,-17.375750000000004
2017-08-12 12:05,-17.613333333333333
2017-08-12 12:06,-16.57825
2017-08-12 12:07,-16.91125
2017-08-12 12:08,-17.617666666666665
2017-08-12 12:09,-15.958
2017-08-12 12:10,-16.661333333333335
2017-08-12 12:11,-17.913
2017-08-12 12:12,-19.357499999999998
2017-08-12 12:13,-20.151333333333334
2017-08-12 12:14,-22.574
2017-08-12 12:15,-21.200999999999997
2017-08-12 12:16,-23.24875
2017-08-12 12:17,-23.906333333333336
2017-08-12 12:18,-24.570999999999998
2017-08-12 12:19,-23.62375
2017-08-12 12:20,-22.666666666666668
2017-08-12 12:21,-24.122500000000002
2017-08-12 12:22,-24.794
2017-08-12 12:23,-23.87725
2017-08-12 12:24,-23.418999999999997
2017-08-12 12:25,-24.757
2017-08-12 12:26,-25.717000000000002
2017-08-12 12:27,-24.01
2017-08-12 12:28,-24.013749999999998
2017-08-12 12:29,-26.915000000000003
2017-08-12 12:30,-25.63433333333333
2017-08-12 12:31,-24.437
2017-08-12 12:32,-24.677999999999997
2017-08-12 12:33,-25.039749999999998
2017-08-12 12:34,-24.723
2017-08-12 12:35,-24.31
2017-08-12 12:36,-22.93425
2017-08-12 12:37,-23.204333333333334
2017-08-12 12:38,-21.41125
2017-08-12 12:39,-21.42833333333333
2017-08-12 12:40,-24.38175
2017-08-12 12:41,-24.001666666666665
2017-08-12 12:42,-22.455333333333332
2017-08-12 12:43,-24.304500000000004
2017-08-12 12:44,-23.517666666666667
2017-08-12 12:45,-21.887500000000003
2017-08-12 12:46,-21.991
2017-08-12 12:47,-21.326749999999997
2017-08-12 12:48,-21.442500000000003
2017-08-12 12:49,-21.534333333333333
2017-08-12 12:50,-23.519750000000002
2017-08-12 12:51,-24.37
2017-08-12 12:52,-24.950249999999997
2017-08-12 12:53,-25.832
2017-08-12 12:54,-24.668000000000003
2017-08-12 12:55,-25.7975
2017-08-12 12:56,-25.148666666666667
2017-08-12 12:57,-25.862
2017-08-12 12:58,-28.388
2017-08-12 12:59,-29.076666666666668
2017-08-12 13:00,-29.75425
2017-08-12 13:01,-30.18466666666667
2017-08-12 13:02,-28.63525
2017-08-12 13:03,-28.076333333333334
2017-08-12 13:04,-27.677500000000002
2017-08-12 13:05,-28.339
2017-08-12 13:06,-31.83966666666667
2017-08-12 13:07,-31.603
2017-08-12 13:08,-32.49466666666667
2017-08-12 13:09,-32.53875
2017-08-12 13:10,-31.712666666666667
2017-08-12 13:11,-31.86
2017-08-12 13:12,-29.467
2017-08-12 13:13,-29.191666666666666
2017-08-12 13:14,-30.358749999999997
2017-08-12 13:15,-28.84166666666667
2017-08-12 13:16,-28.099999999999998
2017-08-12 13:17,-30.479750000000003
2017-08-12 13:18,-29.501
2017-08-12 13:19,-27.98
2017-08-12 13:20,-30.474333333333334
2017-08-12 13:21,-30.01625
2017-08-12 13:22,-29.302333333333337
2017-08-12 13:23,-31.445333333333334
2017-08-12 13:24,-31.415
2017-08-12 13:25,-33.077
2017-08-12 13:26,-30.23225
2017-08-12 13:27,-28.22666666666667
2017-08-12 13:28,-28.8935
2017-08-12 13:29,-29.110999999999997
2017-08-12 13:30,-28.069
2017-08-12 13:31,-28.853499999999997
2017-08-12 13:32,-28.932
2017-08-12 13:33,-31.235500000000002
2017-08-12 13:34,-33.4105
2017-08-12 13:35,-33.876666666666665
2017-08-12 13:36,-30.37075
2017-08-12 13:37,-31.002333333333336
2017-08-12 13:38,-29.145500000000002
2017-08-12 13:39,-29.173666666666666
2017-08-12 13:40,-29.086000000000002
2017-08-12 13:41,-28.072499999999998
2017-08-12 13:42,-30.432333333333332
2017-08-12 13:43,-29.763
2017-08-12 13:44,-30.31266666666667
2017-08-12 13:45,-28.7045
2017-08-12 13:46,-27.505000000000003
2017-08-12 13:47,-28.080000000000002
2017-08-12 13:48,-28.61825
2017-08-12 13:49,-28.862
2017-08-12 13:50,-29.274250000000002
2017-08-12 13:51,-30.570999999999998
2017-08-12 13:52,-31.85366666666667
2017-08-12 13:53,-32.92625
2017-08-12 13:54,-31.546666666666667
2017-08-12 13:55,-31.712500000000002
2017-08-12 13:56,-31.643999999999995
2017-08-12 13:57,-31.91425
2017-08-12 13:58,-31.47125
2017-08-12 13:59,-33.40833333333333
2017-08-12 14:00,-32.615
2017-08-12 14:01,-31.36833333333333
2017-08-12 14:02,-34.305749999999996
2017-08-12 14:03,-34.50033333333334
2017-08-12 14:04,-32.95166666666667
2017-08-12 14:05,-34.324
2017-08-12 14:06,-34.114666666666665
2017-08-12 14:07,-33.216
2017-08-12 14:08,-31.230666666666668
2017-08-12 14:09,-30.516
2017-08-12 14:10,-27.81625
2017-08-12 14:11,-27.652666666666665
2017-08-12 14:12,-27.86225
2017-08-12 14:13,-29.581333333333333
2017-08-12 14:14,-31.2305
2017-08-12 14:15,-29.31625
2017-08-12 14:16,-26.98
2017-08-12 14:17,-29.88625
2017-08-12 14:18,-30.571
2017-08-12 14:19,-29.74975
2017-08-12 14:20,-31.863999999999994
2017-08-12 14:21,-33.08633333333333
2017-08-12 14:22,-31.214750000000002
2017-08-12 14:23,-32.14366666666667
2017-08-12 14:24,-33.74
2017-08-12 14:25,-33.249
2017-08-12 14:26,-32.1385
2017-08-12 14:27,-32.63525
2017-08-12 14:28,-32.02133333333333
2017-08-12 14:29,-33.576
2017-08-12 14:30,-35.09366666666667
2017-08-12 14:31,-35.795249999999996
2017-08-12 14:32,-34.43233333333333
2017-08-12 14:33,-38.60766666666667
2017-08-12 14:34,-38.73425
2017-08-12 14:35,-36.36233333333333
2017-08-12 14:36,-37.6295
2017-08-12 14:37,-37.031
2017-08-12 14:38,-38.602999999999994
2017-08-12 14:39,-41.1715
2017-08-12 14:40,-42.126666666666665
2017-08-12 14:41,-40.786
2017-08-12 14:42,-40.169
2017-08-12 14:43,-37.74375
2017-08-12 14:44,-39.8795
2017-08-12 14:45,-39.47733333333333
2017-08-12 14:46,-41.90175
2017-08-12 14:47,-42.61566666666666
2017-08-12 14:48,-43.054500000000004
2017-08-12 14:49,-42.26233333333334
2017-08-12 14:50,-43.98625
2017-08-12 14:51,-46.20125
2017-08-12 14:52,-47.316
2017-08-12 14:53,-46.7915
2017-08-12 14:54,-45.81333333333333
2017-08-12 14:55,-44.40875
2017-08-12 14:56,-45.107
2017-08-12 14:57,-46.187000000000005
2017-08-12 14:58,-46.8725
2017-08-12 14:59,-47.64066666666667
2017-08-12 15:00,-48.893
2017-08-12 15:01,-48.88133333333334
2017-08-12 15:02,-47.64533333333333
2017-08-12 15:03,-47.30525
2017-08-12 15:04,-48.27166666666667
2017-08-12 15:05,-48.298500000000004
2017-08-12 15:06,-49.18566666666666
2017-08-12 15:07,-48.18075
2017-08-12 15:08,-46.94975
2017-08-12 15:09,-47.46166666666667
2017-08-12 15:10,-46.402499999999996
2017-08-12 15:11,-46.681666666666665
2017-08-12 15:12,-48.0475
2017-08-12 15:13,-47.674
2017-08-12 15:14,-50.107
2017-08-12 15:15,-49.57300000000001
2017-08-12 15:16,-50.68366666666666
2017-08-12 15:17,-51.81099999999999
2017-08-12 15:18,-51.764
2017-08-12 15:19,-50.5625
2017-08-12 15:20,-50.828
2017-08-12 15:21,-51.211666666666666
2017-08-12 15:22,-51.47425
2017-08-12 15:23,-48.83133333333333
2017-08-12 15:24,-50.313
2017-08-12 15:25,-57.121249999999996
2017-08-12 15:26,-54.92033333333333
2017-08-12 15:27,-55.6495
2017-08-12 15:28,-57.862
2017-08-12 15:29,-58.913000000000004
2017-08-12 15:30,-58.67133333333334
2017-08-12 15:31,-57.382999999999996
2017-08-12 15:32,-57.39425
2017-08-12 15:33,-57.806000000000004
2017-08-12 15:34,-58.753750000000004
2017-08-12 15:35,-58.39000000000001
2017-08-12 15:36,-59.905499999999996
2017-08-12 15:37,-61.13875
2017-08-12 15:38,-62.165
2017-08-12 15:39,-60.6105
2017-08-12 15:40,-60.24933333333333
2017-08-12 15:41,-60.240750000000006
2017-08-12 15:42,-60.24466666666667
2017-08-12 15:43,-61.64833333333333
2017-08-12 15:44,-64.24900000000001
2017-08-12 15:45,-65.94666666666667
2017-08-12 15:46,-66.0125
2017-08-12 15:47,-67.44033333333333
2017-08-12 15:48,-68.1525
2017-08-12 15:49,-66.441
2017-08-12 15:50,-67.46233333333333
2017-08-12 15:51,-68.149
2017-08-12 15:52,-67.35866666666666
2017-08-12 15:53,-66.1015
2017-08-12 15:54,-64.67466666666667
2017-08-12 15:55,-65.52566666666667
2017-08-12 15:56,-66.79975
2017-08-12 15:57,-68.00433333333334
2017-08-12 15:58,-67.22749999999999
2017-08-12 15:59,-69.246
2017-08-12 16:00,-68.9135
2017-08-12 16:01,-70.22075000000001
2017-08-12 16:02,-70.54366666666667
2017-08-12 16:03,-70.06475
2017-08-12 16:04,-71.97566666666667
2017-08-12 16:05,-69.64150000000001
2017-08-12 16:06,-70.86825
2017-08-12 16:07,-73.57633333333332
2017-08-12 16:08,-73.699
2017-08-12 16:09,-71.24166666666667
2017-08-12 16:10,-71.76249999999999
2017-08-12 16:11,-71.92966666666666
2017-08-12 16:12,-74.31833333333333
2017-08-12 16:13,-72.882
2017-08-12 16:14,-70.557
2017-08-12 16:15,-69.6065
2017-08-12 16:16,-68.44266666666665
2017-08-12 16:17,-68.02825
2017-08-12 16:18,-70.24874999999999
2017-08-12 16:19,-70.61966666666666
2017-08-12 16:20,-70.56700000000001
2017-08-12 16:21,-70.37933333333332
2017-08-12 16:22,-71.28125
2017-08-12 16:23,-70.67075
2017-08-12 16:24,-68.74666666666667
2017-08-12 16:25,-68.781
2017-08-12 16:26,-70.16533333333332
2017-08-12 16:27,-71.38525000000001
2017-08-12 16:28,-70.90033333333334
2017-08-12 16:29,-70.60933333333334
2017-08-12 16:30,-70.46849999999999
2017-08-12 16:31,-68.23666666666666
2017-08-12 16:32,-67.47325
2017-08-12 16:33,-70.71533333333333
2017-08-12 16:34,-69.10425000000001
2017-08-12 16:35,-71.20775
2017-08-12 16:36,-71.27666666666667
2017-08-12 16:37,-71.02275
2017-08-12 16:38,-70.42133333333332
2017-08-12 16:39,-72.6905
2017-08-12 16:40,-73.88374999999999
2017-08-12 16:41,-74.47033333333333
2017-08-12 16:42,-76.19425
2017-08-12 16:43,-77.05
2017-08-12 16:44,-76.0355
2017-08-12 16:45,-75.961
2017-08-12 16:46,-77.24266666666666
2017-08-12 16:47,-76.872
2017-08-12 16:48,-76.769
2017-08-12 16:49,-76.90925
2017-08-12 16:50,-76.172
2017-08-12 16:51,-77.05199999999999
2017-08-12 16:52,-77.97375
2017-08-12 16:53,-76.25333333333333
2017-08-12 16:54,-74.32225
2017-08-12 16:55,-75.45866666666667
2017-08-12 16:56,-77.318
2017-08-12 16:57,-76.59800000000001
2017-08-12 16:58,-76.762
2017-08-12 16:59,-74.28075
2017-08-12 17:00,-74.36399999999999
2017-08-12 17:01,-75.718
2017-08-12 17:02,-74.28733333333334
2017-08-12 17:03,-74.20133333333334
2017-08-12 17:04,-72.66300000000001
2017-08-12 17:05,-78.617
2017-08-12 17:06,-77.6495
2017-08-12 17:07,-74.86466666666666
2017-08-12 17:08,-75.22399999999999
2017-08-12 17:09,-75.636
2017-08-12 17:10,-77.97366666666667
2017-08-12 17:11,-79.0615
2017-08-12 17:12,-77.438
2017-08-12 17:13,-77.566
2017-08-12 17:14,-78.97766666666666
2017-08-12 17:15,-77.62833333333333
2017-08-12 17:16,-77.35825
2017-08-12 17:17,-78.49833333333333
2017-08-12 17:18,-78.32249999999999
2017-08-12 17:19,-79.014
2017-08-12 17:20,-79.43925
2017-08-12 17:21,-79.16725
2017-08-12 17:22,-79.49766666666666
2017-08-12 17:23,-78.491
2017-08-12 17:24,-78.04233333333333
2017-08-12 17:25,-79.7465
2017-08-12 17:26,-79.14375
2017-08-12 17:27,-80.17433333333334
2017-08-12 17:28,-79.75325
2017-08-12 17:29,-80.91933333333333
2017-08-12 17:30,-81.2765
2017-08-12 17:31,-80.92733333333332
2017-08-12 17:32,-82.44466666666666
2017-08-12 17:33,-82.3785
2017-08-12 17:34,-83.533
2017-08-12 17:35,-82.53275000000001
2017-08-12 17:36,-81.37733333333334
2017-08-12 17:37,-84.59525
2017-08-12 17:38,-84.716
2017-08-12 17:39,-84.91799999999999
2017-08-12 17:40,-84.91725000000001
2017-08-12 17:41,-83.905
2017-08-12 17:42,-84.03599999999999
2017-08-12 17:43,-83.418
2017-08-12 17:44,-84.781
2017-08-12 17:45,-85.99425
2017-08-12 17:46,-88.097
2017-08-12 17:47,-86.884
2017-08-12 17:48,-87.69933333333334
2017-08-12 17:49,-85.793
2017-08-12 17:50,-85.64649999999999
2017-08-12 17:51,-87.933
2017-08-12 17:52,-85.33075
2017-08-12 17:53,-86.68533333333333
2017-08-12 17:54,-88.21375
2017-08-12 17:55,-89.8125
2017-08-12 17:56,-89.01866666666666
2017-08-12 17:57,-89.1685
2017-08-12 17:58,-89.27566666666667
2017-08-12 17:59,-90.3635
2017-08-12 18:00,-89.35925
2017-08-12 18:01,-90.847
2017-08-12 18:02,-92.1445
2017-08-12 18:03,-91.42266666666666
2017-08-12 18:04,-90.0885
2017-08-12 18:05,-88.967
2017-08-12 18:06,-90.02466666666668
2017-08-12 18:07,-88.30375000000001
2017-08-12 18:08,-85.40866666666666
2017-08-12 18:09,-86.02950000000001
2017-08-12 18:10,-88.41366666666666
2017-08-12 18:11,-90.04950000000001
2017-08-12 18:12,-92.53974999999998
2017-08-12 18:13,-94.83766666666666
2017-08-12 18:14,-93.06700000000001
2017-08-12 18:15,-90.42933333333333
2017-08-12 18:16,-92.19075
2017-08-12 18:17,-93.09833333333334
2017-08-12 18:18,-91.84166666666665
2017-08-12 18:19,-89.7
2017-08-12 18:20,-90.52
2017-08-12 18:21,-91.18674999999999
2017-08-12 18:22,-90.96566666666666
2017-08-12 18:23,-93.15849999999999
2017-08-12 18:24,-90.50425
2017-08-12 18:25,-90.38066666666667
2017-08-12 18:26,-92.37575000000001
2017-08-12 18:27,-91.12633333333333
2017-08-12 18:28,-91.447
2017-08-12 18:29,-90.577
2017-08-12 18:30,-88.37400000000001
2017-08-12 18:31,-87.75049999999999
2017-08-12 18:32,-89.63633333333333
2017-08-12 18:33,-91.07724999999999
2017-08-12 18:34,-91.30833333333334
2017-08-12 18:35,-93.536
2017-08-12 18:36,-93.28899999999999
2017-08-12 18:37,-92.43966666666665
2017-08-12 18:38,-92.33525
2017-08-12 18:39,-93.10633333333332
2017-08-12 18:40,-94.95575
2017-08-12 18:41,-95.631
2017-08-12 18:42,-96.875
2017-08-12 18:43,-96.98575
2017-08-12 18:44,-96.589
2017-08-12 18:45,-97.91775
2017-08-12 18:46,-97.16199999999999
2017-08-12 18:47,-100.22966666666666
2017-08-12 18:48,-98.15525
2017-08-12 18:49,-101.24133333333333
2017-08-12 18:50,-99.16175
2017-08-12 18:51,-98.948
2017-08-12 18:52,-98.58333333333333
2017-08-12 18:53,-98.48575
2017-08-12 18:54,-101.14999999999999
2017-08-12 18:55,-101.52250000000001
2017-08-12 18:56,-102.31666666666668
2017-08-12 18:57,-102.475
2017-08-12 18:58,-99.84200000000001
2017-08-12 18:59,-99.16399999999999
2017-08-12 19:00,-100.965
2017-08-12 19:01,-99.98166666666667
2017-08-12 19:02,-100.18475000000001
2017-08-12 19:03,-101.18333333333334
2017-08-12 19:04,-96.41000000000001
2017-08-12 19:05,-97.487
2017-08-12 19:06,-98.44
2017-08-12 19:07,-100.15899999999999
2017-08-12 19:08,-100.22366666666666
2017-08-12 19:09,-98.4015
2017-08-12 19:10,-99.75325000000001
2017-08-12 19:11,-100.26066666666668
2017-08-12 19:12,-101.01
2017-08-12 19:13,-103.13333333333333
2017-08-12 19:14,-102.355
2017-08-12 19:15,-103.455
2017-08-12 19:16,-103.27666666666666
2017-08-12 19:17,-103.53
2017-08-12 19:18,-102.94666666666667
2017-08-12 19:19,-103.13749999999999
2017-08-12 19:20,-101.94
2017-08-12 19:21,-107.41666666666667
2017-08-12 19:22,-109.0175
2017-08-12 19:23,-111.43333333333332
2017-08-12 19:24,-109.39500000000001
2017-08-12 19:25,-109.52333333333333
2017-08-12 19:26,-111.3225
2017-08-12 19:27,-110.4075
2017-08-12 19:28,-110.56333333333333
2017-08-12 19:29,-108.9925
2017-08-12 19:30,-109.30333333333334
2017-08-12 19:31,-107.72
2017-08-12 19:32,-109.62249999999999
2017-08-12 19:33,-109.08999999999999
2017-08-12 19:34,-110.30749999999999
2017-08-12 19:35,-109.50666666666666
2017-08-12 19:36,-108.4125
2017-08-12 19:37,-107.95666666666666
2017-08-12 19:38,-107.13
2017-08-12 19:39,-103.905
2017-08-12 19:40,-104.34333333333332
2017-08-12 19:41,-104.065
2017-08-12 19:42,-104.38333333333333
2017-08-12 19:43,-103.92
2017-08-12 19:44,-100.7225
2017-08-12 19:45,-101.17
2017-08-12 19:46,-103.025
2017-08-12 19:47,-102.57
2017-08-12 19:48,-101.1825
2017-08-12 19:49,-102.82000000000001
2017-08-12 19:50,-102.71666666666665
2017-08-12 19:51,-101.56
2017-08-12 19:52,-103.98666666666668
2017-08-12 19:53,-103.015
2017-08-12 19:54,-105.40333333333335
2017-08-12 19:55,-108.5575
2017-08-12 19:56,-107.80000000000001
2017-08-12 19:57,-107.26666666666667
2017-08-12 19:58,-107.99
2017-08-12 19:59,-109.77666666666666
2017-08-12 20:00,-109.4325
2017-08-12 20:01,-109.745
2017-08-12 20:02,-110.07000000000001
2017-08-12 20:03,-110.9
2017-08-12 20:04,-109.41666666666667
2017-08-12 20:05,-108.7975
2017-08-12 20:06,-112.04
2017-08-12 20:07,-112.06333333333333
2017-08-12 20:08,-111.79
2017-08-12 20:09,-114.91000000000001
2017-08-12 20:10,-117.11749999999999
2017-08-12 20:11,-117.94
2017-08-12 20:12,-119.9575
2017-08-12 20:13,-121.80000000000001
2017-08-12 20:14,-122.48666666666668
2017-08-12 20:15,-123.8475
2017-08-12 20:16,-125.78333333333332
2017-08-12 20:17,-127.0
2017-08-12 20:18,-126.64666666666666
2017-08-12 20:19,-124.81666666666666
2017-08-12 20:20,-127.075
2017-08-12 20:21,-124.61666666666666
2017-08-12 20:22,-136.16
2017-08-12 20:23,-125.29666666666667
2017-08-12 20:24,-134.725
2017-08-12 20:25,-126.855
2017-08-12 20:26,-128.11333333333334
2017-08-12 20:27,-132.925
2017-08-12 20:28,-132.59333333333333
2017-08-12 20:29,-132.7225
2017-08-12 20:30,-132.525
2017-08-12 20:31,-132.48666666666665
2017-08-12 20:32,-133.64
2017-08-12 20:33,-129.79333333333335
2017-08-12 20:34,-132.335
2017-08-12 20:35,-132.31333333333333
2017-08-12 20:36,-130.37333333333333
2017-08-12 20:37,-129.39000000000001
2017-08-12 20:38,-131.16333333333333
2017-08-12 20:39,-131.755
2017-08-12 20:40,-132.31
2017-08-12 20:41,-133.64499999999998
2017-08-12 20:42,-135.17000000000002
2017-08-12 20:43,-134.48
2017-08-12 20:44,-134.1225
2017-08-12 20:45,-132.61666666666665
2017-08-12 20:46,-131.74
2017-08-12 20:47,-131.16750000000002
2017-08-12 20:48,-131.71
2017-08-12 20:49,-131.4025
2017-08-12 20:50,-130.98333333333335
2017-08-12 20:51,-133.27499999999998
2017-08-12 20:52,-131.35750000000002
2017-08-12 20:53,-129.79666666666668
2017-08-12 20:54,-129.315
2017-08-12 20:55,-132.16666666666666
2017-08-12 20:56,-131.60500000000002
2017-08-12 20:57,-132.29
2017-08-12 20:58,-132.96666666666667
2017-08-12 20:59,-133.6575
2017-08-12 21:00,-133.54
2017-08-12 21:01,-133.4375
2017-08-12 21:02,-134.06000000000003
2017-08-12 21:03,-132.1475
2017-08-12 21:04,-130.3475
2017-08-12 21:05,-133.75
2017-08-12 21:06,-135.1825
2017-08-12 21:07,-134.64000000000001
2017-08-12 21:08,-134.6925
2017-08-12 21:09,-133.275
2017-08-12 21:10,-134.96
2017-08-12 21:11,-138.96
2017-08-12 21:12,-139.77333333333334
2017-08-12 21:13,-136.93
2017-08-12 21:14,-133.69333333333333
2017-08-12 21:15,-132.68666666666667
2017-08-12 21:16,-131.7575
2017-08-12 21:17,-132.68666666666667
2017-08-12 21:18,-130.90750000000003
2017-08-12 21:19,-129.74666666666667
2017-08-12 21:20,-132.0875
2017-08-12 21:21,-132.3425
2017-08-12 21:22,-133.71
2017-08-12 21:23,-133.22750000000002
2017-08-12 21:24,-134.81333333333336
2017-08-12 21:25,-135.17000000000002
2017-08-12 21:26,-135.2525
2017-08-12 21:27,-133.9766666666667
2017-08-12 21:28,-133.745
2017-08-12 21:29,-134.75666666666666
2017-08-12 21:30,-134.6075
2017-08-12 21:31,-133.34
