Date/Time (UTC), Raw X, Raw Y, Raw Z, X Diffs, Y Diffs, Z Diffs
2016-02-16 00:00:27.023641,-1822.40,1639.73,3735.66,-2.86,7.29,-6.11
2016-02-16 00:00:42.324516,-1817.36,1626.88,3750.08,5.04,-12.8,14.4
2016-02-16 00:00:57.625391,-1816.07,1639.43,3724.28,1.29,12.6,-25.8
2016-02-16 00:01:12.913266,-1818.22,1635.42,3727.79,-2.15,-4.01,3.51
2016-02-16 00:01:28.213141,-1814.33,1636.64,3732.72,3.89,1.22,4.93
2016-02-16 00:01:43.515016,-1818.72,1632.26,3736.11,-4.39,-4.38,3.39
2016-02-16 00:01:58.800890,-1815.60,1631.27,3733.29,3.12,-0.99,-2.82
2016-02-16 00:02:14.101765,-1815.54,1628.34,3746.65,0.06,-2.93,13.4
2016-02-16 00:02:29.403641,-1814.90,1630.59,3737.87,0.64,2.25,-8.78
2016-02-16 00:02:44.689515,-1812.22,1622.06,3753.75,2.68,-8.53,15.9
2016-02-16 00:02:59.990390,-1815.21,1626.76,3747.30,-2.99,4.70,-6.45
2016-02-16 00:03:15.292265,-1812.45,1626.23,3753.36,2.76,-0.53,6.06
2016-02-16 00:03:30.578140,-1820.94,1635.80,3736.41,-8.49,9.57,-17.0
2016-02-16 00:03:45.879015,-1814.41,1625.27,3753.17,6.53,-10.5,16.8
2016-02-16 00:04:01.180890,-1818.34,1632.70,3730.54,-3.93,7.43,-22.6
2016-02-16 00:04:16.482765,-1815.12,1637.91,3740.78,3.22,5.21,10.2
2016-02-16 00:04:31.768640,-1817.88,1633.63,3740.88,-2.76,-4.28,0.10
2016-02-16 00:04:47.070515,-1816.17,1629.13,3745.51,1.71,-4.50,4.63
2016-02-16 00:05:02.372390,-1815.27,1621.46,3763.58,0.90,-7.67,18.1
2016-02-16 00:05:17.658264,-1819.01,1632.67,3730.60,-3.74,11.2,-33.0
2016-02-16 00:05:32.960139,-1810.61,1629.41,3742.61,8.40,-3.26,12.0
2016-02-16 00:05:48.261015,-1806.24,1626.32,3745.35,4.37,-3.09,2.74
2016-02-16 00:06:03.547889,-1810.49,1624.66,3750.83,-4.25,-1.66,5.48
2016-02-16 00:06:18.848764,-1812.30,1621.81,3752.75,-1.81,-2.85,1.92
2016-02-16 00:06:34.149639,-1809.94,1627.76,3746.96,2.36,5.95,-5.79
2016-02-16 00:06:49.435514,-1814.28,1631.70,3741.77,-4.34,3.94,-5.19
2016-02-16 00:07:04.737389,-1818.28,1633.09,3739.40,-4.00,1.39,-2.37
2016-02-16 00:07:20.038264,-1815.57,1628.83,3744.03,2.71,-4.26,4.63
2016-02-16 00:07:35.324138,-1812.44,1619.62,3757.62,3.13,-9.21,13.6
2016-02-16 00:07:50.625013,-1812.44,1630.17,3738.23,0.00,10.6,-19.4
2016-02-16 00:08:05.925889,-1812.45,1632.64,3746.20,-0.01,2.47,7.97
2016-02-16 00:08:21.227764,-1812.58,1627.59,3756.60,-0.13,-5.05,10.4
2016-02-16 00:08:36.513638,-1810.45,1629.99,3746.12,2.13,2.40,-10.5
2016-02-16 00:08:51.814513,-1813.25,1622.51,3756.40,-2.80,-7.48,10.3
2016-02-16 00:09:07.116389,-1817.68,1632.24,3746.19,-4.43,9.73,-10.2
2016-02-16 00:09:22.402263,-1815.28,1638.09,3729.72,2.40,5.85,-16.5
2016-02-16 00:09:37.703138,-1813.61,1628.28,3750.01,1.67,-9.81,20.3
2016-02-16 00:09:53.005013,-1819.35,1639.21,3726.05,-5.74,10.9,-24.0
2016-02-16 00:10:08.290888,-1814.04,1628.32,3739.15,5.31,-10.9,13.1
2016-02-16 00:10:23.591763,-1813.76,1639.38,3738.67,0.28,11.1,-0.48
2016-02-16 00:10:38.893638,-1810.48,1622.69,3769.56,3.28,-16.7,30.9
2016-02-16 00:10:54.178512,-1809.86,1625.58,3755.21,0.62,2.89,-14.4
2016-02-16 00:11:09.480387,-1812.79,1628.91,3744.93,-2.93,3.33,-10.3
2016-02-16 00:11:24.781263,-1809.64,1625.94,3767.67,3.15,-2.97,22.7
2016-02-16 00:11:40.084138,-1815.67,1636.70,3743.66,-6.03,10.8,-24.0
2016-02-16 00:11:55.369012,-1808.90,1634.34,3743.27,6.77,-2.36,-0.39
2016-02-16 00:12:10.669887,-1810.39,1619.14,3765.95,-1.49,-15.2,22.7
2016-02-16 00:12:25.971762,-1811.82,1625.27,3751.19,-1.43,6.13,-14.8
2016-02-16 00:12:41.256637,-1812.72,1623.38,3749.19,-0.90,-1.89,-2.00
2016-02-16 00:12:56.557512,-1809.14,1625.74,3758.82,3.58,2.36,9.63
2016-02-16 00:13:11.859387,-1814.54,1627.25,3744.49,-5.40,1.51,-14.3
2016-02-16 00:13:27.145261,-1812.99,1621.22,3769.13,1.55,-6.03,24.6
2016-02-16 00:13:42.447137,-1812.79,1628.72,3745.61,0.20,7.50,-23.5
2016-02-16 00:13:57.748012,-1812.98,1617.49,3758.32,-0.19,-11.2,12.7
2016-02-16 00:14:13.034886,-1811.67,1606.64,3784.13,1.31,-10.8,25.8
2016-02-16 00:14:28.335761,-1812.01,1625.92,3753.29,-0.34,19.3,-30.8
2016-02-16 00:14:43.636636,-1812.46,1617.97,3766.80,-0.45,-7.95,13.5
2016-02-16 00:14:58.922511,-1817.54,1633.23,3731.38,-5.08,15.3,-35.4
2016-02-16 00:15:14.224386,-1815.64,1626.52,3753.50,1.90,-6.71,22.1
2016-02-16 00:15:29.525261,-1809.32,1627.60,3743.56,6.32,1.08,-9.94
2016-02-16 00:15:44.827136,-1816.90,1634.03,3742.24,-7.58,6.43,-1.32
2016-02-16 00:16:00.113011,-1815.69,1625.23,3740.97,1.21,-8.80,-1.27
2016-02-16 00:16:15.413886,-1812.70,1630.36,3739.81,2.99,5.13,-1.16
2016-02-16 00:16:30.715761,-1813.91,1627.72,3749.18,-1.21,-2.64,9.37
2016-02-16 00:16:46.001635,-1812.59,1627.23,3750.85,1.32,-0.49,1.67
2016-02-16 00:17:01.303510,-1813.70,1626.35,3745.47,-1.11,-0.88,-5.38
2016-02-16 00:17:16.605386,-1814.59,1633.07,3734.17,-0.89,6.72,-11.3
2016-02-16 00:17:31.890260,-1816.10,1632.89,3735.19,-1.51,-0.18,1.02
2016-02-16 00:17:47.192135,-1815.04,1625.46,3747.33,1.06,-7.43,12.1
2016-02-16 00:18:02.494010,-1816.09,1635.09,3727.27,-1.05,9.63,-20.1
2016-02-16 00:18:17.779885,-1814.93,1632.64,3729.89,1.16,-2.45,2.62
2016-02-16 00:18:33.080760,-1817.69,1635.01,3728.91,-2.76,2.37,-0.98
2016-02-16 00:18:48.382635,-1816.34,1624.17,3752.95,1.35,-10.8,24.0
2016-02-16 00:19:03.668509,-1815.68,1627.02,3747.50,0.66,2.85,-5.45
2016-02-16 00:19:18.970385,-1810.40,1618.92,3761.68,5.28,-8.10,14.2
2016-02-16 00:19:34.271260,-1816.94,1639.14,3718.87,-6.54,20.2,-42.8
2016-02-16 00:19:49.571135,-1823.15,1646.07,3712.40,-6.21,6.93,-6.47
2016-02-16 00:20:04.857009,-1816.30,1632.75,3727.36,6.85,-13.3,15.0
2016-02-16 00:20:20.158884,-1815.57,1636.79,3743.80,0.73,4.04,16.4
2016-02-16 00:20:35.459760,-1820.09,1638.40,3723.73,-4.52,1.61,-20.1
2016-02-16 00:20:50.745634,-1817.69,1632.71,3738.54,2.40,-5.69,14.8
2016-02-16 00:21:06.047509,-1812.59,1634.09,3750.73,5.10,1.38,12.2
2016-02-16 00:21:21.348384,-1813.64,1631.33,3738.29,-1.05,-2.76,-12.4
2016-02-16 00:21:36.633258,-1806.80,1621.34,3769.49,6.84,-9.99,31.2
2016-02-16 00:21:51.935134,-1810.45,1628.35,3754.06,-3.65,7.01,-15.4
2016-02-16 00:22:07.237009,-1812.46,1628.26,3738.18,-2.01,-0.09,-15.9
2016-02-16 00:22:22.537884,-1819.24,1636.44,3726.84,-6.78,8.18,-11.3
2016-02-16 00:22:37.823758,-1818.36,1634.47,3726.64,0.88,-1.97,-0.20
2016-02-16 00:22:53.124633,-1818.73,1638.60,3724.58,-0.37,4.13,-2.06
2016-02-16 00:23:08.426509,-1819.21,1635.13,3729.02,-0.48,-3.47,4.44
2016-02-16 00:23:23.712383,-1817.72,1641.91,3707.49,1.49,6.78,-21.5
2016-02-16 00:23:39.013258,-1816.83,1630.99,3732.36,0.89,-10.9,24.9
2016-02-16 00:23:54.315133,-1816.19,1643.21,3714.64,0.64,12.2,-17.7
2016-02-16 00:24:09.601008,-1820.60,1637.74,3721.23,-4.41,-5.47,6.59
2016-02-16 00:24:24.902883,-1814.47,1636.61,3729.14,6.13,-1.13,7.91
2016-02-16 00:24:40.204758,-1818.74,1643.95,3709.92,-4.27,7.34,-19.2
2016-02-16 00:24:55.489632,-1814.47,1629.81,3747.35,4.27,-14.1,37.4
2016-02-16 00:25:10.711547,-1817.56,1632.86,3739.51,-3.09,3.05,-7.84
2016-02-16 00:25:26.012422,-1816.55,1639.92,3723.29,1.01,7.06,-16.2
2016-02-16 00:25:41.314297,-1817.24,1638.35,3723.40,-0.69,-1.57,0.11
2016-02-16 00:25:56.600171,-1813.54,1633.61,3729.44,3.70,-4.74,6.04
2016-02-16 00:26:11.902047,-1816.42,1639.72,3729.49,-2.88,6.11,0.05
2016-02-16 00:26:27.202922,-1819.97,1632.89,3733.08,-3.55,-6.83,3.59
2016-02-16 00:26:42.488796,-1809.25,1630.36,3740.82,10.7,-2.53,7.74
2016-02-16 00:26:57.789671,-1818.44,1649.89,3700.61,-9.19,19.5,-40.2
2016-02-16 00:27:13.091546,-1814.82,1634.09,3732.08,3.62,-15.8,31.5
2016-02-16 00:27:28.377421,-1815.70,1637.16,3722.49,-0.88,3.07,-9.59
2016-02-16 00:27:43.678296,-1819.68,1636.13,3727.78,-3.98,-1.03,5.29
2016-02-16 00:27:58.980171,-1822.11,1638.29,3720.51,-2.43,2.16,-7.27
2016-02-16 00:28:14.267045,-1824.80,1649.73,3695.08,-2.69,11.4,-25.4
2016-02-16 00:28:29.567921,-1816.88,1639.24,3731.55,7.92,-10.5,36.5
2016-02-16 00:28:44.868796,-1816.13,1626.59,3732.78,0.75,-12.6,1.23
2016-02-16 00:29:00.154670,-1811.89,1624.13,3746.37,4.24,-2.46,13.6
2016-02-16 00:29:15.457545,-1814.06,1631.26,3740.37,-2.17,7.13,-6.00
2016-02-16 00:29:30.757420,-1813.56,1627.63,3754.21,0.50,-3.63,13.8
2016-02-16 00:29:46.059296,-1807.59,1624.96,3752.59,5.97,-2.67,-1.62
2016-02-16 00:30:01.345170,-1807.85,1626.54,3742.79,-0.26,1.58,-9.80
2016-02-16 00:30:16.646045,-1812.79,1623.57,3747.22,-4.94,-2.97,4.43
2016-02-16 00:30:31.946920,-1808.96,1616.02,3764.17,3.83,-7.55,17.0
2016-02-16 00:30:47.232795,-1813.23,1628.48,3732.46,-4.27,12.5,-31.7
2016-02-16 00:31:02.534670,-1811.98,1621.41,3751.63,1.25,-7.07,19.2
2016-02-16 00:31:17.835545,-1814.89,1631.66,3729.68,-2.91,10.2,-22.0
2016-02-16 00:31:33.121419,-1808.78,1622.85,3752.03,6.11,-8.81,22.4
2016-02-16 00:31:48.422294,-1817.92,1638.81,3711.05,-9.14,16.0,-41.0
2016-02-16 00:32:03.724170,-1809.26,1617.74,3755.90,8.66,-21.1,44.8
2016-02-16 00:32:19.009044,-1815.16,1632.67,3729.04,-5.90,14.9,-26.9
2016-02-16 00:32:34.311919,-1815.07,1625.67,3739.46,0.09,-7.00,10.4
2016-02-16 00:32:49.612794,-1810.57,1623.50,3740.77,4.50,-2.17,1.31
2016-02-16 00:33:04.913669,-1809.54,1616.49,3758.89,1.03,-7.01,18.1
2016-02-16 00:33:20.199544,-1816.27,1633.47,3733.62,-6.73,17.0,-25.3
2016-02-16 00:33:35.501419,-1813.92,1624.83,3740.68,2.35,-8.64,7.06
2016-02-16 00:33:50.803294,-1815.24,1624.82,3743.80,-1.32,-0.01,3.12
2016-02-16 00:34:06.089169,-1814.54,1628.39,3747.34,0.70,3.57,3.54
2016-02-16 00:34:21.391044,-1816.19,1631.21,3731.77,-1.65,2.82,-15.6
2016-02-16 00:34:36.691919,-1809.37,1627.73,3743.65,6.82,-3.48,11.9
2016-02-16 00:34:51.978793,-1814.96,1634.72,3739.33,-5.59,6.99,-4.32
2016-02-16 00:35:07.278668,-1811.77,1636.78,3734.00,3.19,2.06,-5.33
2016-02-16 00:35:22.580544,-1813.31,1641.29,3720.50,-1.54,4.51,-13.5
2016-02-16 00:35:37.866418,-1810.93,1634.32,3739.70,2.38,-6.97,19.2
2016-02-16 00:35:53.168293,-1811.93,1633.71,3740.31,-1.00,-0.61,0.61
2016-02-16 00:36:08.470168,-1808.88,1633.49,3728.28,3.05,-0.22,-12.0
2016-02-16 00:36:23.756043,-1814.12,1636.63,3723.20,-5.24,3.14,-5.08
2016-02-16 00:36:39.057918,-1813.80,1630.68,3739.83,0.32,-5.95,16.6
2016-02-16 00:36:54.358793,-1816.25,1631.64,3743.59,-2.45,0.96,3.76
2016-02-16 00:37:09.645667,-1809.27,1619.30,3758.25,6.98,-12.3,14.7
2016-02-16 00:37:24.946543,-1818.26,1632.55,3729.69,-8.99,13.2,-28.6
2016-02-16 00:37:40.248418,-1813.25,1636.09,3721.74,5.01,3.54,-7.95
2016-02-16 00:37:55.549293,-1811.90,1631.46,3739.91,1.35,-4.63,18.2
2016-02-16 00:38:10.835167,-1808.85,1628.98,3748.67,3.05,-2.48,8.76
2016-02-16 00:38:26.137042,-1813.60,1637.97,3728.10,-4.75,8.99,-20.6
2016-02-16 00:38:41.437918,-1808.27,1622.91,3750.55,5.33,-15.1,22.4
2016-02-16 00:38:56.724792,-1813.03,1639.23,3729.36,-4.76,16.3,-21.2
2016-02-16 00:39:12.025667,-1814.25,1641.02,3705.98,-1.22,1.79,-23.4
2016-02-16 00:39:27.327542,-1815.35,1628.37,3737.15,-1.10,-12.6,31.2
2016-02-16 00:39:42.613417,-1814.72,1632.40,3737.36,0.63,4.03,0.21
2016-02-16 00:39:57.915292,-1813.89,1640.66,3713.44,0.83,8.26,-23.9
2016-02-16 00:40:13.217167,-1812.04,1629.94,3741.78,1.85,-10.7,28.3
2016-02-16 00:40:28.503041,-1818.24,1638.02,3720.92,-6.20,8.08,-20.9
2016-02-16 00:40:43.803917,-1807.54,1629.99,3737.74,10.7,-8.03,16.8
2016-02-16 00:40:59.105792,-1816.25,1635.90,3722.46,-8.71,5.91,-15.3
2016-02-16 00:41:14.391666,-1809.28,1635.78,3725.98,6.97,-0.12,3.52
2016-02-16 00:41:29.693541,-1809.12,1625.56,3736.74,0.16,-10.2,10.8
2016-02-16 00:41:44.994416,-1813.02,1637.07,3712.55,-3.90,11.5,-24.2
2016-02-16 00:42:00.296292,-1810.52,1632.96,3729.47,2.50,-4.11,16.9
2016-02-16 00:42:15.583166,-1810.95,1630.11,3728.22,-0.43,-2.85,-1.25
2016-02-16 00:42:30.884041,-1815.09,1631.92,3726.05,-4.14,1.81,-2.17
2016-02-16 00:42:46.185916,-1807.47,1617.60,3763.49,7.62,-14.3,37.4
2016-02-16 00:43:01.471791,-1811.49,1635.72,3713.22,-4.02,18.1,-50.3
2016-02-16 00:43:16.772666,-1808.31,1627.88,3738.81,3.18,-7.84,25.6
2016-02-16 00:43:32.074541,-1804.38,1617.18,3755.46,3.93,-10.7,16.6
2016-02-16 00:43:47.361415,-1816.81,1639.15,3711.09,-12.4,22.0,-44.4
2016-02-16 00:44:02.662291,-1812.77,1635.30,3723.25,4.04,-3.85,12.2
2016-02-16 00:44:17.963166,-1811.26,1628.58,3731.38,1.51,-6.72,8.13
2016-02-16 00:44:33.249040,-1806.65,1628.72,3740.25,4.61,0.14,8.87
2016-02-16 00:44:48.551915,-1815.40,1640.13,3715.92,-8.75,11.4,-24.3
2016-02-16 00:45:03.852790,-1812.82,1640.51,3726.86,2.58,0.38,10.9
2016-02-16 00:45:19.153666,-1814.20,1636.20,3730.41,-1.38,-4.31,3.55
2016-02-16 00:45:34.439540,-1813.93,1630.06,3728.88,0.27,-6.14,-1.53
2016-02-16 00:45:49.741415,-1812.80,1631.50,3727.33,1.13,1.44,-1.55
2016-02-16 00:46:05.042290,-1809.53,1637.25,3719.33,3.27,5.75,-8.00
2016-02-16 00:46:20.329165,-1813.11,1636.92,3715.94,-3.58,-0.33,-3.39
2016-02-16 00:46:35.630040,-1812.48,1634.39,3724.15,0.63,-2.53,8.21
2016-02-16 00:46:50.931915,-1808.54,1626.86,3741.77,3.94,-7.53,17.6
2016-02-16 00:47:06.217789,-1812.74,1637.69,3717.81,-4.20,10.8,-24.0
2016-02-16 00:47:21.518665,-1813.09,1635.72,3711.79,-0.35,-1.97,-6.02
2016-02-16 00:47:36.819540,-1812.67,1636.13,3726.49,0.42,0.41,14.7
2016-02-16 00:47:52.121415,-1812.64,1628.11,3734.35,0.03,-8.02,7.86
2016-02-16 00:48:07.407289,-1815.51,1628.40,3737.77,-2.87,0.29,3.42
2016-02-16 00:48:22.709164,-1814.18,1631.62,3735.36,1.33,3.22,-2.41
2016-02-16 00:48:38.010040,-1818.09,1637.91,3714.61,-3.91,6.29,-20.8
2016-02-16 00:48:53.295914,-1810.23,1632.57,3730.60,7.86,-5.34,16.0
2016-02-16 00:49:08.597789,-1812.49,1636.03,3725.11,-2.26,3.46,-5.49
2016-02-16 00:49:23.898664,-1816.55,1622.61,3746.50,-4.06,-13.4,21.4
2016-02-16 00:49:39.185539,-1814.05,1632.10,3730.85,2.50,9.49,-15.6
2016-02-16 00:49:54.486414,-1815.16,1636.08,3718.31,-1.11,3.98,-12.5
2016-02-16 00:50:09.787289,-1814.50,1630.69,3729.19,0.66,-5.39,10.9
2016-02-16 00:50:25.089164,-1814.74,1627.57,3732.18,-0.24,-3.12,2.99
2016-02-16 00:50:40.375038,-1814.10,1633.41,3726.70,0.64,5.84,-5.48
2016-02-16 00:50:55.676914,-1814.20,1631.51,3724.18,-0.10,-1.90,-2.52
2016-02-16 00:51:10.976789,-1813.54,1630.55,3719.02,0.66,-0.96,-5.16
2016-02-16 00:51:26.262663,-1817.07,1628.67,3725.94,-3.53,-1.88,6.92
2016-02-16 00:51:41.563538,-1813.79,1623.52,3740.88,3.28,-5.15,14.9
2016-02-16 00:51:56.865413,-1813.60,1643.16,3701.44,0.19,19.6,-39.4
2016-02-16 00:52:12.166289,-1813.34,1637.19,3720.43,0.26,-5.97,19.0
2016-02-16 00:52:27.453163,-1816.71,1630.35,3722.53,-3.37,-6.84,2.10
2016-02-16 00:52:42.754038,-1816.94,1631.91,3727.63,-0.23,1.56,5.10
2016-02-16 00:52:58.054913,-1819.59,1636.58,3717.25,-2.65,4.67,-10.4
2016-02-16 00:53:13.340788,-1817.03,1627.01,3738.31,2.56,-9.57,21.1
2016-02-16 00:53:28.642663,-1820.30,1633.46,3716.66,-3.27,6.45,-21.6
2016-02-16 00:53:43.943538,-1814.53,1630.26,3731.85,5.77,-3.20,15.2
2016-02-16 00:53:59.245413,-1819.41,1638.75,3715.59,-4.88,8.49,-16.3
2016-02-16 00:54:14.531287,-1813.73,1630.82,3732.43,5.68,-7.93,16.8
2016-02-16 00:54:29.833163,-1816.16,1637.89,3726.49,-2.43,7.07,-5.94
2016-02-16 00:54:45.134038,-1810.39,1633.47,3730.57,5.77,-4.42,4.08
2016-02-16 00:55:00.420912,-1812.79,1637.88,3720.51,-2.40,4.41,-10.1
2016-02-16 00:55:15.721787,-1811.79,1635.99,3730.39,1.00,-1.89,9.88
2016-02-16 00:55:31.022663,-1812.29,1640.00,3713.24,-0.50,4.01,-17.2
2016-02-16 00:55:46.323538,-1813.14,1639.06,3726.93,-0.85,-0.94,13.7
2016-02-16 00:56:01.610412,-1818.04,1641.19,3695.03,-4.90,2.13,-31.9
2016-02-16 00:56:16.911287,-1819.15,1650.24,3690.39,-1.11,9.05,-4.64
2016-02-16 00:56:32.213162,-1814.78,1644.92,3707.52,4.37,-5.32,17.1
2016-02-16 00:56:47.499037,-1819.06,1647.87,3694.11,-4.28,2.95,-13.4
2016-02-16 00:57:02.800912,-1811.85,1639.73,3716.17,7.21,-8.14,22.1
2016-02-16 00:57:18.101787,-1818.27,1649.03,3693.02,-6.42,9.30,-23.2
2016-02-16 00:57:33.403662,-1820.84,1640.02,3712.01,-2.57,-9.01,19.0
2016-02-16 00:57:48.688537,-1814.33,1636.58,3717.99,6.51,-3.44,5.98
2016-02-16 00:58:03.990412,-1811.08,1633.60,3733.44,3.25,-2.98,15.4
2016-02-16 00:58:19.292287,-1815.11,1648.52,3690.48,-4.03,14.9,-43.0
2016-02-16 00:58:34.578161,-1820.09,1648.67,3691.76,-4.98,0.15,1.28
2016-02-16 00:58:49.879036,-1815.64,1647.10,3698.30,4.45,-1.57,6.54
2016-02-16 00:59:05.180912,-1821.78,1658.94,3684.83,-6.14,11.8,-13.5
2016-02-16 00:59:20.480787,-1817.03,1649.35,3700.79,4.75,-9.59,16.0
2016-02-16 00:59:35.766661,-1817.77,1649.58,3698.93,-0.74,0.23,-1.86
2016-02-16 00:59:51.068536,-1824.78,1650.95,3690.85,-7.01,1.37,-8.08
2016-02-16 01:00:06.369411,-1818.40,1635.44,3724.23,6.38,-15.5,33.4
2016-02-16 01:00:21.656286,-1820.44,1647.86,3684.54,-2.04,12.4,-39.7
2016-02-16 01:00:36.958161,-1820.96,1653.82,3686.61,-0.52,5.96,2.07
2016-02-16 01:00:52.259036,-1819.30,1650.07,3690.16,1.66,-3.75,3.55
2016-02-16 01:01:07.560911,-1817.58,1643.05,3703.47,1.72,-7.02,13.3
2016-02-16 01:01:22.846786,-1820.13,1652.93,3685.17,-2.55,9.88,-18.3
2016-02-16 01:01:38.147661,-1821.39,1649.97,3697.15,-1.26,-2.96,12.0
2016-02-16 01:01:53.448536,-1822.61,1649.05,3695.63,-1.22,-0.92,-1.52
2016-02-16 01:02:08.735410,-1817.79,1651.54,3694.43,4.82,2.49,-1.20
2016-02-16 01:02:24.036286,-1821.01,1659.21,3678.45,-3.22,7.67,-16.0
2016-02-16 01:02:39.338161,-1816.66,1644.31,3699.16,4.35,-14.9,20.7
2016-02-16 01:02:54.640036,-1816.13,1655.59,3694.99,0.53,11.3,-4.17
2016-02-16 01:03:09.924910,-1819.52,1650.25,3694.83,-3.39,-5.34,-0.16
2016-02-16 01:03:25.226785,-1822.28,1653.06,3686.71,-2.76,2.81,-8.12
2016-02-16 01:03:40.528661,-1817.65,1650.37,3689.07,4.63,-2.69,2.36
2016-02-16 01:03:55.814535,-1822.30,1655.13,3681.35,-4.65,4.76,-7.72
2016-02-16 01:04:11.115410,-1817.02,1649.00,3706.09,5.28,-6.13,24.7
2016-02-16 01:04:26.416285,-1817.26,1643.78,3710.31,-0.24,-5.22,4.22
2016-02-16 01:04:41.718161,-1822.65,1655.47,3693.42,-5.39,11.7,-16.9
2016-02-16 01:04:57.004035,-1824.54,1659.01,3682.47,-1.89,3.54,-11.0
2016-02-16 01:05:12.305910,-1826.27,1662.05,3670.50,-1.73,3.04,-12.0
2016-02-16 01:05:27.606785,-1822.62,1659.76,3679.54,3.65,-2.29,9.04
2016-02-16 01:05:42.893660,-1820.51,1655.99,3684.13,2.11,-3.77,4.59
2016-02-16 01:05:58.194535,-1821.56,1654.64,3692.94,-1.05,-1.35,8.81
2016-02-16 01:06:13.496410,-1820.90,1656.68,3670.73,0.66,2.04,-22.2
2016-02-16 01:06:28.797285,-1816.34,1650.56,3691.70,4.56,-6.12,21.0
2016-02-16 01:06:44.083159,-1816.82,1656.31,3686.81,-0.48,5.75,-4.89
2016-02-16 01:06:59.385035,-1818.15,1651.50,3691.97,-1.33,-4.81,5.16
2016-02-16 01:07:14.685910,-1823.18,1663.91,3668.24,-5.03,12.4,-23.7
2016-02-16 01:07:29.971784,-1815.73,1647.78,3693.68,7.45,-16.1,25.4
2016-02-16 01:07:45.274659,-1823.15,1656.34,3676.68,-7.42,8.56,-17.0
2016-02-16 01:08:00.575535,-1821.83,1654.92,3688.92,1.32,-1.42,12.2
2016-02-16 01:08:15.862409,-1822.10,1653.24,3681.16,-0.27,-1.68,-7.76
2016-02-16 01:08:31.163284,-1822.01,1660.33,3673.17,0.09,7.09,-7.99
2016-02-16 01:08:46.465159,-1822.86,1661.27,3674.64,-0.85,0.94,1.47
2016-02-16 01:09:01.766034,-1820.99,1653.97,3683.24,1.87,-7.30,8.60
2016-02-16 01:09:17.052909,-1821.57,1659.48,3677.12,-0.58,5.51,-6.12
2016-02-16 01:09:32.353784,-1825.09,1657.06,3673.77,-3.52,-2.42,-3.35
2016-02-16 01:09:47.655659,-1820.90,1656.49,3688.23,4.19,-0.57,14.5
2016-02-16 01:10:02.941533,-1821.92,1651.55,3677.90,-1.02,-4.94,-10.3
2016-02-16 01:10:18.243409,-1828.76,1663.58,3671.01,-6.84,12.0,-6.89
2016-02-16 01:10:33.544284,-1823.58,1659.21,3673.99,5.18,-4.37,2.98
2016-02-16 01:10:48.845159,-1823.95,1650.28,3683.51,-0.37,-8.93,9.52
2016-02-16 01:11:04.131033,-1823.85,1655.18,3679.21,0.10,4.90,-4.30
2016-02-16 01:11:19.432908,-1822.90,1656.49,3676.15,0.95,1.31,-3.06
2016-02-16 01:11:34.733784,-1825.26,1666.21,3653.50,-2.36,9.72,-22.6
2016-02-16 01:11:50.019658,-1820.61,1652.13,3695.71,4.65,-14.1,42.2
2016-02-16 01:12:05.321533,-1822.82,1657.06,3682.28,-2.21,4.93,-13.4
2016-02-16 01:12:20.622408,-1824.59,1659.09,3685.60,-1.77,2.03,3.32
2016-02-16 01:12:35.924284,-1820.69,1653.87,3691.12,3.90,-5.22,5.52
2016-02-16 01:12:51.210158,-1829.67,1668.79,3667.11,-8.98,14.9,-24.0
2016-02-16 01:13:06.512033,-1820.68,1656.17,3679.28,8.99,-12.6,12.2
2016-02-16 01:13:21.812908,-1825.67,1661.78,3665.57,-4.99,5.61,-13.7
2016-02-16 01:13:37.098783,-1827.79,1663.59,3666.93,-2.12,1.81,1.36
2016-02-16 01:13:52.400658,-1824.03,1667.73,3662.70,3.76,4.14,-4.23
2016-02-16 01:14:07.702533,-1832.20,1669.46,3652.94,-8.17,1.73,-9.76
2016-02-16 01:14:23.004408,-1828.04,1661.94,3665.08,4.16,-7.52,12.1
2016-02-16 01:14:38.290282,-1822.46,1661.67,3674.32,5.58,-0.27,9.24
2016-02-16 01:14:53.592158,-1830.32,1678.93,3633.82,-7.86,17.3,-40.5
2016-02-16 01:15:08.893033,-1818.60,1653.71,3687.60,11.7,-25.2,53.8
2016-02-16 01:15:24.179907,-1827.80,1669.96,3657.90,-9.20,16.2,-29.7
2016-02-16 01:15:39.481782,-1825.41,1674.04,3646.23,2.39,4.08,-11.7
2016-02-16 01:15:54.782658,-1826.07,1666.82,3653.35,-0.66,-7.22,7.12
2016-02-16 01:16:10.083533,-1823.29,1664.68,3668.22,2.78,-2.14,14.9
2016-02-16 01:16:25.370407,-1823.77,1654.88,3690.13,-0.48,-9.80,21.9
2016-02-16 01:16:40.671282,-1821.57,1659.54,3671.70,2.20,4.66,-18.4
2016-02-16 01:16:55.973157,-1823.06,1655.20,3679.71,-1.49,-4.34,8.01
2016-02-16 01:17:11.258032,-1824.22,1662.46,3672.62,-1.16,7.26,-7.09
2016-02-16 01:17:26.559907,-1828.02,1657.27,3678.20,-3.80,-5.19,5.58
2016-02-16 01:17:41.860782,-1826.08,1665.86,3663.34,1.94,8.59,-14.9
2016-02-16 01:17:57.161657,-1826.31,1674.14,3648.43,-0.23,8.28,-14.9
2016-02-16 01:18:12.447532,-1826.54,1667.95,3661.82,-0.23,-6.19,13.4
2016-02-16 01:18:27.750407,-1824.20,1667.84,3656.56,2.34,-0.11,-5.26
2016-02-16 01:18:43.051282,-1822.53,1665.31,3664.58,1.67,-2.53,8.02
2016-02-16 01:18:58.338156,-1830.77,1671.68,3635.25,-8.24,6.37,-29.3
2016-02-16 01:19:13.639032,-1831.70,1681.00,3630.66,-0.93,9.32,-4.59
2016-02-16 01:19:28.939907,-1823.05,1665.95,3661.11,8.65,-15.0,30.4
2016-02-16 01:19:44.241782,-1825.92,1668.87,3653.90,-2.87,2.92,-7.21
2016-02-16 01:19:59.527656,-1824.56,1663.18,3660.70,1.36,-5.69,6.80
2016-02-16 01:20:14.829531,-1825.45,1667.33,3651.95,-0.89,4.15,-8.75
2016-02-16 01:20:30.130407,-1824.80,1667.87,3658.67,0.65,0.54,6.72
2016-02-16 01:20:45.416281,-1828.59,1667.58,3651.33,-3.79,-0.29,-7.34
2016-02-16 01:21:00.718156,-1826.17,1669.53,3653.81,2.42,1.95,2.48
2016-02-16 01:21:16.019031,-1829.96,1671.84,3644.26,-3.79,2.31,-9.55
2016-02-16 01:21:31.320906,-1830.20,1673.94,3644.80,-0.24,2.10,0.54
2016-02-16 01:21:46.607781,-1824.16,1664.35,3657.14,6.04,-9.59,12.3
2016-02-16 01:22:01.908656,-1826.87,1664.89,3668.39,-2.71,0.54,11.2
2016-02-16 01:22:17.209531,-1823.93,1657.56,3674.73,2.94,-7.33,6.34
2016-02-16 01:22:32.495405,-1824.68,1668.30,3662.27,-0.75,10.7,-12.5
2016-02-16 01:22:47.797281,-1828.05,1667.42,3657.48,-3.37,-0.88,-4.79
2016-02-16 01:23:03.099156,-1825.76,1665.96,3664.95,2.29,-1.46,7.47
2016-02-16 01:23:18.401031,-1825.89,1663.79,3661.07,-0.13,-2.17,-3.88
2016-02-16 01:23:33.685905,-1830.69,1679.02,3630.15,-4.80,15.2,-30.9
2016-02-16 01:23:48.987781,-1826.04,1676.06,3636.91,4.65,-2.96,6.76
2016-02-16 01:24:04.289656,-1826.95,1669.37,3654.03,-0.91,-6.69,17.1
2016-02-16 01:24:19.576530,-1822.93,1658.29,3666.38,4.02,-11.1,12.4
2016-02-16 01:24:34.877405,-1821.78,1667.65,3656.21,1.15,9.36,-10.2
2016-02-16 01:24:50.178280,-1827.57,1674.24,3643.53,-5.79,6.59,-12.7
2016-02-16 01:25:05.480156,-1825.91,1675.37,3662.95,1.66,1.13,19.4
2016-02-16 01:25:20.685445,-1833.35,1679.11,3634.36,-7.44,3.74,-28.6
2016-02-16 01:25:35.987320,-1830.05,1676.85,3639.36,3.30,-2.26,5.00
2016-02-16 01:25:51.289195,-1828.07,1670.69,3664.53,1.98,-6.16,25.2
2016-02-16 01:26:06.575069,-1824.37,1661.89,3669.98,3.70,-8.80,5.45
2016-02-16 01:26:21.876945,-1823.07,1665.33,3659.30,1.30,3.44,-10.7
2016-02-16 01:26:37.179820,-1828.90,1673.91,3645.08,-5.83,8.58,-14.2
2016-02-16 01:26:52.464694,-1829.28,1674.43,3638.03,-0.38,0.52,-7.05
2016-02-16 01:27:07.765569,-1824.90,1671.99,3656.17,4.38,-2.44,18.1
2016-02-16 01:27:23.067445,-1829.72,1683.49,3627.06,-4.82,11.5,-29.1
2016-02-16 01:27:38.369320,-1824.84,1662.47,3665.07,4.88,-21.0,38.0
2016-02-16 01:27:53.655194,-1826.94,1672.72,3651.72,-2.10,10.2,-13.4
2016-02-16 01:28:08.956069,-1823.17,1684.92,3625.13,3.77,12.2,-26.6
2016-02-16 01:28:24.257944,-1829.81,1674.92,3632.47,-6.64,-10.0,7.34
2016-02-16 01:28:39.558820,-1829.99,1674.73,3646.71,-0.18,-0.19,14.2
2016-02-16 01:28:54.845694,-1827.21,1667.24,3654.20,2.78,-7.49,7.49
2016-02-16 01:29:10.147569,-1832.39,1679.02,3637.27,-5.18,11.8,-16.9
2016-02-16 01:29:25.448444,-1827.49,1676.16,3644.20,4.90,-2.86,6.93
2016-02-16 01:29:40.734319,-1831.78,1672.28,3640.70,-4.29,-3.88,-3.50
2016-02-16 01:29:56.036194,-1824.17,1677.91,3643.19,7.61,5.63,2.49
2016-02-16 01:30:11.337069,-1832.69,1674.38,3642.60,-8.52,-3.53,-0.59
2016-02-16 01:30:26.623943,-1831.43,1677.56,3633.49,1.26,3.18,-9.11
2016-02-16 01:30:41.924819,-1837.10,1686.60,3611.45,-5.67,9.04,-22.0
2016-02-16 01:30:57.227694,-1829.42,1671.71,3640.98,7.68,-14.9,29.5
2016-02-16 01:31:12.528569,-1833.89,1680.60,3629.03,-4.47,8.89,-12.0
2016-02-16 01:31:27.814443,-1831.48,1677.01,3640.28,2.41,-3.59,11.2
2016-02-16 01:31:43.116318,-1829.14,1671.83,3644.48,2.34,-5.18,4.20
2016-02-16 01:31:58.418194,-1829.35,1687.19,3620.82,-0.21,15.4,-23.7
2016-02-16 01:32:13.704068,-1823.04,1671.69,3647.64,6.31,-15.5,26.8
2016-02-16 01:32:29.004943,-1826.95,1672.95,3651.92,-3.91,1.26,4.28
2016-02-16 01:32:44.306818,-1827.30,1673.97,3643.91,-0.35,1.02,-8.01
2016-02-16 01:32:59.607694,-1827.21,1679.17,3630.98,0.09,5.20,-12.9
2016-02-16 01:33:14.894568,-1826.20,1676.11,3640.48,1.01,-3.06,9.50
2016-02-16 01:33:30.195443,-1828.69,1673.45,3638.18,-2.49,-2.66,-2.30
2016-02-16 01:33:45.496318,-1829.67,1685.11,3620.25,-0.98,11.7,-17.9
2016-02-16 01:34:00.783193,-1828.06,1675.74,3638.62,1.61,-9.37,18.4
2016-02-16 01:34:16.085068,-1831.82,1687.68,3620.07,-3.76,11.9,-18.6
2016-02-16 01:34:31.385943,-1834.57,1676.98,3633.29,-2.75,-10.7,13.2
2016-02-16 01:34:46.687818,-1833.30,1691.13,3602.04,1.27,14.2,-31.2
2016-02-16 01:35:01.973692,-1833.24,1676.10,3635.49,0.06,-15.0,33.4
2016-02-16 01:35:17.275568,-1832.96,1684.46,3616.17,0.28,8.36,-19.3
2016-02-16 01:35:32.577443,-1835.18,1680.15,3629.53,-2.22,-4.31,13.4
2016-02-16 01:35:47.863317,-1830.75,1677.38,3627.48,4.43,-2.77,-2.05
2016-02-16 01:36:03.165192,-1827.59,1679.28,3619.78,3.16,1.90,-7.70
2016-02-16 01:36:18.466068,-1826.96,1670.64,3645.84,0.63,-8.64,26.1
2016-02-16 01:36:33.767943,-1832.27,1679.61,3618.52,-5.31,8.97,-27.3
2016-02-16 01:36:49.053817,-1830.29,1680.45,3615.09,1.98,0.84,-3.43
2016-02-16 01:37:04.355692,-1834.66,1689.28,3607.69,-4.37,8.83,-7.40
2016-02-16 01:37:19.656567,-1832.44,1682.08,3616.89,2.22,-7.20,9.20
2016-02-16 01:37:34.957443,-1829.76,1674.22,3629.84,2.68,-7.86,13.0
2016-02-16 01:37:50.244317,-1830.94,1684.28,3610.82,-1.18,10.1,-19.0
2016-02-16 01:38:05.546192,-1826.61,1677.78,3632.01,4.33,-6.50,21.2
2016-02-16 01:38:20.847067,-1827.61,1681.51,3633.00,-1.00,3.73,0.99
2016-02-16 01:38:36.133942,-1828.10,1683.71,3613.49,-0.49,2.20,-19.5
2016-02-16 01:38:51.434817,-1825.98,1681.96,3616.57,2.12,-1.75,3.08
2016-02-16 01:39:06.735692,-1830.40,1686.79,3607.23,-4.42,4.83,-9.34
2016-02-16 01:39:22.036567,-1830.91,1688.15,3602.53,-0.51,1.36,-4.70
2016-02-16 01:39:37.324442,-1829.61,1679.86,3612.93,1.30,-8.29,10.4
2016-02-16 01:39:52.624317,-1832.00,1687.07,3615.05,-2.39,7.21,2.12
2016-02-16 01:40:07.926192,-1830.50,1681.30,3609.63,1.50,-5.77,-5.42
2016-02-16 01:40:23.213066,-1832.49,1683.74,3608.29,-1.99,2.44,-1.34
2016-02-16 01:40:38.513941,-1828.95,1678.21,3620.42,3.54,-5.53,12.1
2016-02-16 01:40:53.814817,-1830.75,1681.81,3623.30,-1.80,3.60,2.88
2016-02-16 01:41:09.116692,-1825.82,1678.18,3619.30,4.93,-3.63,-4.00
2016-02-16 01:41:24.403566,-1826.40,1675.84,3636.70,-0.58,-2.34,17.4
2016-02-16 01:41:39.704441,-1831.81,1686.56,3610.46,-5.41,10.7,-26.2
2016-02-16 01:41:55.006317,-1828.01,1686.65,3608.16,3.80,0.09,-2.30
2016-02-16 01:42:10.293191,-1826.29,1683.51,3608.69,1.72,-3.14,0.53
2016-02-16 01:42:25.594066,-1831.74,1689.78,3593.84,-5.45,6.27,-14.8
2016-02-16 01:42:40.895941,-1830.44,1677.64,3612.61,1.30,-12.1,18.8
2016-02-16 01:42:56.196816,-1827.21,1682.07,3620.07,3.23,4.43,7.46
2016-02-16 01:43:11.482691,-1831.49,1687.40,3598.86,-4.28,5.33,-21.2
2016-02-16 01:43:26.784566,-1826.29,1679.29,3619.53,5.20,-8.11,20.7
2016-02-16 01:43:42.086441,-1829.00,1680.88,3618.44,-2.71,1.59,-1.09
2016-02-16 01:43:57.387316,-1828.29,1678.44,3621.03,0.71,-2.44,2.59
2016-02-16 01:44:12.673191,-1827.45,1682.35,3621.44,0.84,3.91,0.41
2016-02-16 01:44:27.975066,-1834.30,1681.98,3610.20,-6.85,-0.37,-11.2
2016-02-16 01:44:43.275941,-1829.30,1678.69,3611.93,5.00,-3.29,1.73
2016-02-16 01:44:58.576816,-1829.58,1680.99,3611.92,-0.28,2.30,-0.01
2016-02-16 01:45:13.862691,-1833.91,1680.98,3602.56,-4.33,-0.01,-9.36
2016-02-16 01:45:29.163566,-1829.90,1683.01,3623.18,4.01,2.03,20.6
2016-02-16 01:45:44.465441,-1830.65,1686.91,3605.36,-0.75,3.90,-17.8
2016-02-16 01:45:59.751315,-1831.40,1680.33,3622.57,-0.75,-6.58,17.2
2016-02-16 01:46:15.053190,-1825.67,1682.28,3615.11,5.73,1.95,-7.46
2016-02-16 01:46:30.354066,-1828.18,1685.79,3611.65,-2.51,3.51,-3.46
2016-02-16 01:46:45.654941,-1829.39,1678.78,3607.89,-1.21,-7.01,-3.76
2016-02-16 01:47:00.941815,-1834.42,1690.72,3583.55,-5.03,11.9,-24.3
2016-02-16 01:47:16.243690,-1831.76,1689.60,3591.47,2.66,-1.12,7.92
2016-02-16 01:47:31.544565,-1832.46,1682.38,3612.91,-0.70,-7.22,21.4
2016-02-16 01:47:46.830440,-1827.47,1682.94,3613.89,4.99,0.56,0.98
2016-02-16 01:48:02.132315,-1829.22,1682.28,3618.10,-1.75,-0.66,4.21
2016-02-16 01:48:17.433190,-1834.87,1686.68,3605.38,-5.65,4.40,-12.7
2016-02-16 01:48:32.735065,-1837.45,1688.76,3597.31,-2.58,2.08,-8.07
2016-02-16 01:48:48.021940,-1832.90,1689.77,3593.95,4.55,1.01,-3.36
2016-02-16 01:49:03.323815,-1832.37,1684.07,3604.00,0.53,-5.70,10.0
2016-02-16 01:49:18.625690,-1833.58,1695.25,3579.08,-1.21,11.2,-24.9
2016-02-16 01:49:33.912565,-1833.11,1685.03,3605.21,0.47,-10.2,26.1
2016-02-16 01:49:49.213440,-1829.17,1683.77,3607.48,3.94,-1.26,2.27
2016-02-16 01:50:04.515315,-1828.74,1688.82,3603.75,0.43,5.05,-3.73
2016-02-16 01:50:19.801189,-1828.98,1683.99,3605.45,-0.24,-4.83,1.70
2016-02-16 01:50:35.103064,-1831.84,1684.10,3605.76,-2.86,0.11,0.31
2016-02-16 01:50:50.403940,-1833.80,1687.37,3598.66,-1.96,3.27,-7.10
2016-02-16 01:51:05.705815,-1828.08,1685.76,3611.39,5.72,-1.61,12.7
2016-02-16 01:51:20.992689,-1832.54,1686.79,3600.75,-4.46,1.03,-10.6
2016-02-16 01:51:36.293564,-1830.67,1688.54,3602.20,1.87,1.75,1.45
2016-02-16 01:51:51.595440,-1832.77,1693.40,3584.45,-2.10,4.86,-17.8
2016-02-16 01:52:06.881314,-1830.39,1687.78,3603.45,2.38,-5.62,19.0
2016-02-16 01:52:22.183189,-1836.74,1690.82,3597.63,-6.35,3.04,-5.82
2016-02-16 01:52:37.484064,-1836.15,1692.12,3595.89,0.59,1.30,-1.74
2016-02-16 01:52:52.784939,-1833.32,1681.79,3599.46,2.83,-10.3,3.57
2016-02-16 01:53:08.070814,-1830.03,1684.49,3602.68,3.29,2.70,3.22
2016-02-16 01:53:23.372689,-1827.25,1681.94,3594.20,2.78,-2.55,-8.48
2016-02-16 01:53:38.673564,-1830.02,1687.14,3599.82,-2.77,5.20,5.62
2016-02-16 01:53:53.959438,-1834.76,1693.58,3583.65,-4.74,6.44,-16.2
2016-02-16 01:54:09.261314,-1830.76,1687.48,3602.38,4.00,-6.10,18.7
2016-02-16 01:54:24.562189,-1836.84,1693.91,3587.48,-6.08,6.43,-14.9
2016-02-16 01:54:39.863064,-1834.57,1687.13,3603.00,2.27,-6.78,15.5
2016-02-16 01:54:55.149938,-1836.92,1690.89,3587.28,-2.35,3.76,-15.7
2016-02-16 01:55:10.449813,-1834.48,1695.58,3586.79,2.44,4.69,-0.49
2016-02-16 01:55:25.751689,-1833.88,1688.02,3604.57,0.60,-7.56,17.8
2016-02-16 01:55:41.053564,-1835.12,1693.12,3586.40,-1.24,5.10,-18.2
2016-02-16 01:55:56.338438,-1831.29,1694.12,3592.34,3.83,1.00,5.94
2016-02-16 01:56:11.640313,-1828.45,1690.87,3600.70,2.84,-3.25,8.36
2016-02-16 01:56:26.941188,-1837.71,1703.33,3574.71,-9.26,12.5,-26.0
2016-02-16 01:56:42.228063,-1831.87,1689.50,3606.21,5.84,-13.8,31.5
2016-02-16 01:56:57.528938,-1831.51,1699.54,3586.59,0.36,10.0,-19.6
2016-02-16 01:57:12.830813,-1831.87,1686.40,3602.01,-0.36,-13.1,15.4
2016-02-16 01:57:28.132688,-1836.74,1683.63,3607.32,-4.87,-2.77,5.31
2016-02-16 01:57:43.417563,-1833.88,1694.34,3581.85,2.86,10.7,-25.5
2016-02-16 01:57:58.719438,-1835.77,1693.27,3587.02,-1.89,-1.07,5.17
2016-02-16 01:58:14.021313,-1833.84,1694.61,3594.38,1.93,1.34,7.36
2016-02-16 01:58:29.307187,-1831.84,1696.08,3590.35,2.00,1.47,-4.03
2016-02-16 01:58:44.609063,-1828.92,1684.25,3613.46,2.92,-11.8,23.1
2016-02-16 01:58:59.910938,-1835.27,1695.02,3593.21,-6.35,10.8,-20.2
2016-02-16 01:59:15.211813,-1836.45,1686.53,3602.96,-1.18,-8.49,9.75
2016-02-16 01:59:30.498687,-1835.80,1690.15,3597.05,0.65,3.62,-5.91
2016-02-16 01:59:45.800563,-1835.29,1686.06,3614.41,0.51,-4.09,17.4
2016-02-16 02:00:01.101438,-1829.96,1688.12,3604.43,5.33,2.06,-9.98
2016-02-16 02:00:16.388312,-1835.45,1692.21,3599.62,-5.49,4.09,-4.81
2016-02-16 02:00:31.689187,-1831.80,1684.00,3616.82,3.65,-8.21,17.2
2016-02-16 02:00:46.991062,-1832.26,1682.50,3612.96,-0.46,-1.50,-3.86
2016-02-16 02:01:02.291938,-1833.50,1688.66,3608.03,-1.24,6.16,-4.93
2016-02-16 02:01:17.578812,-1833.93,1691.43,3604.31,-0.43,2.77,-3.72
2016-02-16 02:01:32.879687,-1831.72,1678.76,3621.02,2.21,-12.7,16.7
2016-02-16 02:01:48.180562,-1829.82,1683.01,3615.19,1.90,4.25,-5.83
2016-02-16 02:02:03.466437,-1833.18,1683.58,3614.31,-3.36,0.57,-0.88
2016-02-16 02:02:18.767312,-1829.58,1683.04,3610.54,3.60,-0.54,-3.77
2016-02-16 02:02:34.069187,-1828.40,1679.73,3615.89,1.18,-3.31,5.35
2016-02-16 02:02:49.371062,-1833.09,1686.08,3603.35,-4.69,6.35,-12.5
2016-02-16 02:03:04.656936,-1831.22,1681.19,3610.07,1.87,-4.89,6.72
2016-02-16 02:03:19.957812,-1836.26,1686.80,3600.15,-5.04,5.61,-9.92
2016-02-16 02:03:35.259687,-1826.94,1680.05,3616.69,9.32,-6.75,16.5
2016-02-16 02:03:50.561562,-1825.93,1679.66,3614.97,1.01,-0.39,-1.72
2016-02-16 02:04:05.846436,-1830.16,1686.70,3596.29,-4.23,7.04,-18.7
2016-02-16 02:04:21.148312,-1828.48,1678.77,3618.11,1.68,-7.93,21.8
2016-02-16 02:04:36.451187,-1825.95,1675.37,3626.49,2.53,-3.40,8.38
2016-02-16 02:04:51.736061,-1824.53,1678.29,3612.81,1.42,2.92,-13.7
2016-02-16 02:05:07.037936,-1828.56,1687.54,3606.38,-4.03,9.25,-6.43
2016-02-16 02:05:22.340812,-1829.15,1683.50,3615.43,-0.59,-4.04,9.05
2016-02-16 02:05:37.640687,-1827.05,1686.96,3604.68,2.10,3.46,-10.8
2016-02-16 02:05:52.926561,-1829.39,1687.89,3608.54,-2.34,0.93,3.86
2016-02-16 02:06:08.227436,-1827.12,1681.95,3625.92,2.27,-5.94,17.4
2016-02-16 02:06:23.528311,-1831.32,1691.42,3596.07,-4.20,9.47,-29.8
2016-02-16 02:06:38.830186,-1829.90,1685.62,3602.54,1.42,-5.80,6.47
2016-02-16 02:06:54.116061,-1827.37,1686.68,3602.10,2.53,1.06,-0.44
2016-02-16 02:07:09.416936,-1832.75,1689.20,3593.75,-5.38,2.52,-8.35
2016-02-16 02:07:24.717811,-1824.62,1676.09,3621.81,8.13,-13.1,28.1
2016-02-16 02:07:40.003685,-1825.55,1684.33,3614.67,-0.93,8.24,-7.14
2016-02-16 02:07:55.306561,-1835.81,1693.19,3590.56,-10.3,8.86,-24.1
2016-02-16 02:08:10.607436,-1827.98,1684.02,3611.17,7.83,-9.17,20.6
2016-02-16 02:08:25.909311,-1832.00,1682.52,3600.50,-4.02,-1.50,-10.7
2016-02-16 02:08:41.195185,-1829.81,1682.06,3606.85,2.19,-0.46,6.35
2016-02-16 02:08:56.497061,-1830.19,1684.98,3593.37,-0.38,2.92,-13.5
2016-02-16 02:09:11.797936,-1831.07,1675.45,3613.87,-0.88,-9.53,20.5
2016-02-16 02:09:27.083810,-1827.60,1680.03,3603.84,3.47,4.58,-10.0
2016-02-16 02:09:42.384685,-1828.57,1672.60,3625.96,-0.97,-7.43,22.1
2016-02-16 02:09:57.686560,-1829.35,1675.63,3611.55,-0.78,3.03,-14.4
2016-02-16 02:10:12.987436,-1825.21,1676.45,3625.58,4.14,0.82,14.0
2016-02-16 02:10:28.273310,-1824.89,1680.76,3614.24,0.32,4.31,-11.3
2016-02-16 02:10:43.575185,-1825.76,1680.69,3601.04,-0.87,-0.07,-13.2
2016-02-16 02:10:58.876060,-1828.41,1679.76,3607.04,-2.65,-0.93,6.00
2016-02-16 02:11:14.162935,-1823.34,1676.32,3618.06,5.07,-3.44,11.0
2016-02-16 02:11:29.464810,-1823.95,1676.58,3623.07,-0.61,0.26,5.01
2016-02-16 02:11:44.765685,-1823.30,1677.96,3615.61,0.65,1.38,-7.46
2016-02-16 02:12:00.067560,-1823.65,1684.48,3612.52,-0.35,6.52,-3.09
2016-02-16 02:12:15.352434,-1828.35,1679.44,3610.26,-4.70,-5.04,-2.26
2016-02-16 02:12:30.654310,-1828.54,1683.17,3600.53,-0.19,3.73,-9.73
2016-02-16 02:12:45.956185,-1829.98,1681.75,3613.41,-1.44,-1.42,12.9
2016-02-16 02:13:01.242059,-1825.36,1672.05,3624.39,4.62,-9.70,11.0
2016-02-16 02:13:16.544934,-1823.52,1683.11,3607.03,1.84,11.1,-17.4
2016-02-16 02:13:31.845810,-1829.70,1689.60,3604.98,-6.18,6.49,-2.05
2016-02-16 02:13:47.146685,-1826.38,1677.72,3616.86,3.32,-11.9,11.9
2016-02-16 02:14:02.432559,-1826.23,1676.45,3620.58,0.15,-1.27,3.72
2016-02-16 02:14:17.734434,-1831.23,1682.35,3608.35,-5.00,5.90,-12.2
2016-02-16 02:14:33.036310,-1828.31,1685.26,3604.68,2.92,2.91,-3.67
2016-02-16 02:14:48.322184,-1828.23,1683.45,3607.76,0.08,-1.81,3.08
2016-02-16 02:15:03.624059,-1825.52,1674.98,3622.70,2.71,-8.47,14.9
2016-02-16 02:15:18.925934,-1830.61,1683.66,3606.28,-5.09,8.68,-16.4
2016-02-16 02:15:34.226809,-1826.72,1675.57,3621.61,3.89,-8.09,15.3
2016-02-16 02:15:49.512684,-1826.95,1676.85,3621.87,-0.23,1.28,0.26
2016-02-16 02:16:04.813559,-1825.40,1673.41,3625.61,1.55,-3.44,3.74
2016-02-16 02:16:20.115434,-1825.10,1674.17,3626.93,0.30,0.76,1.32
2016-02-16 02:16:35.416309,-1825.99,1682.44,3610.36,-0.89,8.27,-16.6
2016-02-16 02:16:50.703184,-1832.30,1683.16,3609.34,-6.31,0.72,-1.02
2016-02-16 02:17:06.005059,-1824.19,1673.47,3631.36,8.11,-9.69,22.0
2016-02-16 02:17:21.305934,-1828.39,1679.63,3625.30,-4.20,6.16,-6.06
2016-02-16 02:17:36.592808,-1829.08,1678.45,3617.00,-0.69,-1.18,-8.30
2016-02-16 02:17:51.894684,-1823.77,1675.37,3624.52,5.31,-3.08,7.52
2016-02-16 02:18:07.195559,-1825.67,1676.34,3629.28,-1.90,0.97,4.76
2016-02-16 02:18:22.497434,-1823.57,1673.59,3628.26,2.10,-2.75,-1.02
2016-02-16 02:18:37.782308,-1826.93,1677.74,3624.09,-3.36,4.15,-4.17
2016-02-16 02:18:53.084183,-1828.44,1674.30,3631.04,-1.51,-3.44,6.95
2016-02-16 02:19:08.386059,-1822.85,1669.52,3635.88,5.59,-4.78,4.84
2016-02-16 02:19:23.670933,-1821.65,1666.33,3646.41,1.20,-3.19,10.5
2016-02-16 02:19:38.972808,-1820.96,1670.75,3636.35,0.69,4.42,-10.1
2016-02-16 02:19:54.274683,-1829.88,1672.03,3628.08,-8.92,1.28,-8.27
2016-02-16 02:20:09.576559,-1826.93,1678.79,3611.29,2.95,6.76,-16.8
2016-02-16 02:20:24.862433,-1826.08,1670.90,3624.53,0.85,-7.89,13.2
2016-02-16 02:20:40.164308,-1821.86,1670.77,3630.62,4.22,-0.13,6.09
2016-02-16 02:20:55.465183,-1826.85,1673.45,3627.80,-4.99,2.68,-2.82
2016-02-16 02:21:10.751057,-1819.96,1655.96,3655.84,6.89,-17.5,28.0
2016-02-16 02:21:26.052933,-1823.78,1666.32,3640.01,-3.82,10.4,-15.8
2016-02-16 02:21:41.354808,-1827.41,1676.86,3604.18,-3.63,10.5,-35.8
2016-02-16 02:21:56.656683,-1824.28,1676.14,3625.85,3.13,-0.72,21.7
2016-02-16 02:22:11.943557,-1821.19,1671.89,3638.61,3.09,-4.25,12.8
2016-02-16 02:22:27.244433,-1823.04,1672.09,3623.78,-1.85,0.20,-14.8
2016-02-16 02:22:42.546308,-1825.63,1672.11,3630.90,-2.59,0.02,7.12
2016-02-16 02:22:57.832182,-1824.93,1675.74,3619.69,0.70,3.63,-11.2
2016-02-16 02:23:13.133057,-1824.84,1668.15,3637.12,0.09,-7.59,17.4
2016-02-16 02:23:28.434933,-1827.17,1672.47,3628.39,-2.33,4.32,-8.73
2016-02-16 02:23:43.736808,-1823.96,1670.08,3635.57,3.21,-2.39,7.18
2016-02-16 02:23:59.022682,-1826.36,1672.54,3619.47,-2.40,2.46,-16.1
2016-02-16 02:24:14.324557,-1824.07,1669.68,3635.88,2.29,-2.86,16.4
2016-02-16 02:24:29.625432,-1828.32,1676.51,3617.87,-4.25,6.83,-18.0
2016-02-16 02:24:44.927308,-1821.33,1675.98,3619.85,6.99,-0.53,1.98
2016-02-16 02:25:00.213182,-1824.73,1678.33,3610.77,-3.40,2.35,-9.08
2016-02-16 02:25:15.433105,-1820.36,1656.68,3647.82,4.37,-21.6,37.0
2016-02-16 02:25:30.734981,-1819.50,1669.55,3628.28,0.86,12.9,-19.5
2016-02-16 02:25:46.020855,-1818.97,1660.27,3650.40,0.53,-9.28,22.1
2016-02-16 02:26:01.322730,-1820.87,1672.96,3632.57,-1.90,12.7,-17.8
2016-02-16 02:26:16.624605,-1819.85,1670.83,3647.55,1.02,-2.13,15.0
2016-02-16 02:26:31.926480,-1821.26,1668.86,3642.59,-1.41,-1.97,-4.96
2016-02-16 02:26:47.212355,-1823.20,1669.71,3626.22,-1.94,0.85,-16.4
2016-02-16 02:27:02.513230,-1825.43,1666.76,3637.97,-2.23,-2.95,11.8
2016-02-16 02:27:17.816105,-1818.46,1661.05,3650.28,6.97,-5.71,12.3
2016-02-16 02:27:33.101979,-1824.30,1661.33,3644.06,-5.84,0.28,-6.22
2016-02-16 02:27:48.403855,-1822.94,1656.96,3656.83,1.36,-4.37,12.8
2016-02-16 02:28:03.704730,-1823.09,1662.16,3653.20,-0.15,5.20,-3.63
2016-02-16 02:28:18.990604,-1818.20,1659.36,3647.75,4.89,-2.80,-5.45
2016-02-16 02:28:34.292479,-1818.43,1657.83,3654.66,-0.23,-1.53,6.91
2016-02-16 02:28:49.594355,-1819.54,1657.62,3653.32,-1.11,-0.21,-1.34
2016-02-16 02:29:04.896230,-1820.76,1658.44,3651.50,-1.22,0.82,-1.82
2016-02-16 02:29:20.181104,-1818.01,1656.02,3657.68,2.75,-2.42,6.18
2016-02-16 02:29:35.482979,-1814.87,1652.60,3675.11,3.14,-3.42,17.4
2016-02-16 02:29:50.783854,-1816.96,1644.17,3688.27,-2.09,-8.43,13.2
2016-02-16 02:30:06.085730,-1812.36,1654.17,3674.32,4.60,10.0,-14.0
2016-02-16 02:30:21.372604,-1812.63,1654.00,3671.88,-0.27,-0.17,-2.44
2016-02-16 02:30:36.672479,-1813.12,1655.04,3670.68,-0.49,1.04,-1.20
2016-02-16 02:30:51.973354,-1814.61,1660.73,3666.21,-1.49,5.69,-4.47
2016-02-16 02:31:07.259229,-1812.34,1649.69,3687.32,2.27,-11.0,21.1
2016-02-16 02:31:22.561104,-1811.29,1654.09,3676.09,1.05,4.40,-11.2
2016-02-16 02:31:37.862979,-1811.52,1653.56,3669.03,-0.23,-0.53,-7.06
2016-02-16 02:31:53.164854,-1808.83,1652.05,3682.93,2.69,-1.51,13.9
2016-02-16 02:32:08.450729,-1809.89,1655.02,3683.68,-1.06,2.97,0.75
2016-02-16 02:32:23.751604,-1809.47,1653.64,3675.25,0.42,-1.38,-8.43
2016-02-16 02:32:39.053479,-1810.35,1650.03,3679.44,-0.88,-3.61,4.19
2016-02-16 02:32:54.339353,-1810.28,1647.22,3686.37,0.07,-2.81,6.93
2016-02-16 02:33:09.641228,-1807.68,1643.88,3696.26,2.60,-3.34,9.89
2016-02-16 02:33:24.943104,-1811.45,1647.06,3693.48,-3.77,3.18,-2.78
2016-02-16 02:33:40.243979,-1813.82,1648.85,3689.89,-2.37,1.79,-3.59
2016-02-16 02:33:55.530853,-1809.11,1645.64,3697.24,4.71,-3.21,7.35
2016-02-16 02:34:10.832728,-1809.23,1649.64,3681.66,-0.12,4.00,-15.6
2016-02-16 02:34:26.134604,-1808.59,1646.48,3686.86,0.64,-3.16,5.20
2016-02-16 02:34:41.420478,-1807.40,1636.93,3705.72,1.19,-9.55,18.9
2016-02-16 02:34:56.722353,-1808.14,1645.86,3681.82,-0.74,8.93,-23.9
2016-02-16 02:35:12.024228,-1808.63,1642.36,3690.90,-0.49,-3.50,9.08
2016-02-16 02:35:27.325104,-1809.16,1640.73,3697.58,-0.53,-1.63,6.68
2016-02-16 02:35:42.611978,-1811.50,1646.11,3686.42,-2.34,5.38,-11.2
2016-02-16 02:35:57.913853,-1806.79,1630.83,3714.54,4.71,-15.3,28.1
2016-02-16 02:36:13.215728,-1810.81,1646.17,3689.96,-4.02,15.3,-24.6
2016-02-16 02:36:28.501603,-1807.78,1635.54,3710.24,3.03,-10.6,20.3
2016-02-16 02:36:43.802478,-1809.18,1640.87,3695.73,-1.40,5.33,-14.5
2016-02-16 02:36:59.104353,-1810.82,1639.14,3701.70,-1.64,-1.73,5.97
2016-02-16 02:37:14.391227,-1809.62,1643.06,3691.73,1.20,3.92,-9.97
2016-02-16 02:37:29.692103,-1808.84,1633.59,3706.57,0.78,-9.47,14.8
2016-02-16 02:37:44.993978,-1804.65,1623.02,3739.61,4.19,-10.6,33.0
2016-02-16 02:38:00.295853,-1809.63,1633.69,3714.50,-4.98,10.7,-25.1
2016-02-16 02:38:15.581727,-1806.43,1625.88,3734.11,3.20,-7.81,19.6
2016-02-16 02:38:30.883602,-1803.71,1623.43,3738.26,2.72,-2.45,4.15
2016-02-16 02:38:46.185478,-1803.76,1625.67,3727.37,-0.05,2.24,-10.9
2016-02-16 02:39:01.471352,-1806.31,1631.89,3732.09,-2.55,6.22,4.72
2016-02-16 02:39:16.773227,-1809.24,1638.77,3714.24,-2.93,6.88,-17.8
2016-02-16 02:39:32.075102,-1803.13,1634.81,3725.10,6.11,-3.96,10.9
2016-02-16 02:39:47.376978,-1804.89,1633.44,3723.80,-1.76,-1.37,-1.30
2016-02-16 02:40:02.662852,-1804.59,1632.65,3723.29,0.30,-0.79,-0.51
2016-02-16 02:40:17.963727,-1800.57,1633.71,3720.17,4.02,1.06,-3.12
2016-02-16 02:40:33.266602,-1804.53,1631.88,3727.00,-3.96,-1.83,6.83
2016-02-16 02:40:48.568478,-1804.51,1635.78,3722.16,0.02,3.90,-4.84
2016-02-16 02:41:03.855352,-1805.16,1631.95,3733.06,-0.65,-3.83,10.9
2016-02-16 02:41:19.157227,-1802.93,1631.94,3723.52,2.23,-0.01,-9.54
2016-02-16 02:41:34.458102,-1807.80,1633.54,3726.90,-4.87,1.60,3.38
2016-02-16 02:41:49.743977,-1802.74,1630.58,3730.16,5.06,-2.96,3.26
2016-02-16 02:42:05.045852,-1804.98,1627.88,3735.55,-2.24,-2.70,5.39
2016-02-16 02:42:20.347727,-1803.99,1623.85,3733.12,0.99,-4.03,-2.43
2016-02-16 02:42:35.648602,-1803.78,1620.97,3748.79,0.21,-2.88,15.7
2016-02-16 02:42:50.935477,-1806.81,1631.64,3723.15,-3.03,10.7,-25.6
2016-02-16 02:43:06.236352,-1799.23,1616.00,3760.71,7.58,-15.6,37.6
2016-02-16 02:43:21.538227,-1807.33,1622.20,3739.03,-8.10,6.20,-21.7
2016-02-16 02:43:36.825101,-1800.76,1610.08,3762.54,6.57,-12.1,23.5
2016-02-16 02:43:52.126977,-1798.53,1606.99,3767.60,2.23,-3.09,5.06
2016-02-16 02:44:07.428852,-1799.83,1613.58,3763.27,-1.30,6.59,-4.33
2016-02-16 02:44:22.728727,-1795.65,1609.23,3765.92,4.18,-4.35,2.65
2016-02-16 02:44:38.015601,-1792.75,1609.91,3771.75,2.90,0.68,5.83
2016-02-16 02:44:53.317476,-1794.30,1611.32,3764.16,-1.55,1.41,-7.59
2016-02-16 02:45:08.618352,-1798.87,1605.65,3768.50,-4.57,-5.67,4.34
2016-02-16 02:45:23.905226,-1795.94,1607.23,3774.29,2.93,1.58,5.79
2016-02-16 02:45:39.207101,-1797.23,1613.94,3767.70,-1.29,6.71,-6.59
2016-02-16 02:45:54.508976,-1799.24,1613.06,3770.51,-2.01,-0.88,2.81
2016-02-16 02:46:09.809852,-1787.70,1600.81,3790.03,11.5,-12.2,19.5
2016-02-16 02:46:25.096726,-1795.17,1613.17,3762.81,-7.47,12.4,-27.2
2016-02-16 02:46:40.398601,-1796.46,1609.57,3772.15,-1.29,-3.60,9.34
2016-02-16 02:46:55.698476,-1798.55,1607.52,3778.64,-2.09,-2.05,6.49
2016-02-16 02:47:10.985351,-1794.97,1612.54,3757.60,3.58,5.02,-21.0
2016-02-16 02:47:26.287226,-1793.24,1608.09,3766.45,1.73,-4.45,8.85
2016-02-16 02:47:41.589101,-1799.57,1613.79,3749.06,-6.33,5.70,-17.4
2016-02-16 02:47:56.890976,-1796.34,1601.62,3784.46,3.23,-12.2,35.4
2016-02-16 02:48:12.177851,-1791.59,1603.40,3782.19,4.75,1.78,-2.27
2016-02-16 02:48:27.479726,-1786.13,1586.60,3814.64,5.46,-16.8,32.4
2016-02-16 02:48:42.781601,-1791.46,1597.46,3787.38,-5.33,10.9,-27.3
2016-02-16 02:48:58.067475,-1787.85,1589.77,3808.77,3.61,-7.69,21.4
2016-02-16 02:49:13.369351,-1784.79,1591.72,3802.97,3.06,1.95,-5.80
2016-02-16 02:49:28.671226,-1790.58,1599.59,3791.06,-5.79,7.87,-11.9
2016-02-16 02:49:43.972101,-1785.50,1577.82,3829.42,5.08,-21.8,38.4
2016-02-16 02:49:59.259975,-1784.13,1584.39,3815.96,1.37,6.57,-13.5
2016-02-16 02:50:14.560850,-1793.81,1600.77,3793.59,-9.68,16.4,-22.4
2016-02-16 02:50:29.862726,-1789.71,1596.64,3788.60,4.10,-4.13,-4.99
2016-02-16 02:50:45.148600,-1786.08,1578.99,3827.34,3.63,-17.6,38.7
2016-02-16 02:51:00.451475,-1786.65,1588.24,3812.85,-0.57,9.25,-14.5
2016-02-16 02:51:15.753351,-1782.77,1576.77,3832.00,3.88,-11.5,19.2
2016-02-16 02:51:31.040225,-1778.24,1578.46,3838.07,4.53,1.69,6.07
2016-02-16 02:51:46.341100,-1787.85,1593.48,3805.61,-9.61,15.0,-32.5
2016-02-16 02:52:01.642975,-1780.47,1578.30,3835.53,7.38,-15.2,29.9
2016-02-16 02:52:16.943850,-1785.90,1586.76,3817.30,-5.43,8.46,-18.2
2016-02-16 02:52:32.229725,-1778.07,1577.09,3836.18,7.83,-9.67,18.9
2016-02-16 02:52:47.531600,-1783.47,1574.46,3838.32,-5.40,-2.63,2.14
2016-02-16 02:53:02.832475,-1790.01,1586.83,3810.41,-6.54,12.4,-27.9
2016-02-16 02:53:18.133350,-1784.23,1585.19,3825.36,5.78,-1.64,15.0
2016-02-16 02:53:33.419225,-1781.06,1579.90,3830.81,3.17,-5.29,5.45
2016-02-16 02:53:48.721100,-1786.85,1587.02,3811.18,-5.79,7.12,-19.6
2016-02-16 02:54:04.021975,-1774.81,1564.26,3851.74,12.0,-22.8,40.6
2016-02-16 02:54:19.323850,-1778.56,1567.68,3840.37,-3.75,3.42,-11.4
2016-02-16 02:54:34.610724,-1774.19,1559.70,3874.13,4.37,-7.98,33.8
2016-02-16 02:54:49.911600,-1778.97,1573.86,3836.19,-4.78,14.2,-37.9
2016-02-16 02:55:05.213475,-1777.85,1560.72,3858.33,1.12,-13.1,22.1
2016-02-16 02:55:20.499349,-1770.18,1546.93,3886.83,7.67,-13.8,28.5
2016-02-16 02:55:35.801224,-1787.30,1582.06,3807.61,-17.1,35.1,-79.2
2016-02-16 02:55:51.103100,-1771.82,1565.19,3859.50,15.5,-16.9,51.9
2016-02-16 02:56:06.404975,-1779.42,1570.09,3845.62,-7.60,4.90,-13.9
2016-02-16 02:56:21.691849,-1780.89,1565.62,3845.21,-1.47,-4.47,-0.41
2016-02-16 02:56:36.992724,-1779.70,1573.71,3827.46,1.19,8.09,-17.8
2016-02-16 02:56:52.294600,-1770.83,1564.93,3859.97,8.87,-8.78,32.5
2016-02-16 02:57:07.581474,-1774.45,1570.97,3854.63,-3.62,6.04,-5.34
2016-02-16 02:57:22.882349,-1777.08,1569.84,3854.85,-2.63,-1.13,0.22
2016-02-16 02:57:38.184224,-1779.47,1579.31,3834.79,-2.39,9.47,-20.1
2016-02-16 02:57:53.485099,-1772.17,1565.32,3866.78,7.30,-14.0,32.0
2016-02-16 02:58:08.770974,-1777.11,1573.09,3844.23,-4.94,7.77,-22.6
2016-02-16 02:58:24.073849,-1774.28,1560.59,3863.87,2.83,-12.5,19.6
2016-02-16 02:58:39.375724,-1775.67,1551.16,3888.12,-1.39,-9.43,24.2
2016-02-16 02:58:54.676599,-1778.17,1569.84,3850.59,-2.50,18.7,-37.5
2016-02-16 02:59:09.962474,-1771.43,1562.53,3872.62,6.74,-7.31,22.0
2016-02-16 02:59:25.264349,-1778.50,1571.21,3852.39,-7.07,8.68,-20.2
2016-02-16 02:59:40.566224,-1778.04,1565.63,3852.09,0.46,-5.58,-0.30
2016-02-16 02:59:55.852098,-1779.66,1575.69,3829.53,-1.62,10.1,-22.6
2016-02-16 03:00:11.153974,-1773.80,1565.64,3852.89,5.86,-10.0,23.4
2016-02-16 03:00:26.455849,-1768.50,1565.32,3861.00,5.30,-0.32,8.11
2016-02-16 03:00:41.756724,-1778.72,1564.23,3849.16,-10.2,-1.09,-11.8
2016-02-16 03:00:57.042598,-1772.42,1564.95,3856.40,6.30,0.72,7.24
2016-02-16 03:01:12.344474,-1773.16,1562.55,3854.21,-0.74,-2.40,-2.19
2016-02-16 03:01:27.646349,-1781.50,1576.61,3821.66,-8.34,14.1,-32.6
2016-02-16 03:01:42.933223,-1769.14,1559.60,3869.41,12.4,-17.0,47.8
2016-02-16 03:01:58.234098,-1771.92,1564.07,3856.68,-2.78,4.47,-12.7
2016-02-16 03:02:13.535974,-1772.04,1558.70,3865.64,-0.12,-5.37,8.96
2016-02-16 03:02:28.838849,-1776.00,1561.15,3865.24,-3.96,2.45,-0.40
2016-02-16 03:02:44.123723,-1779.22,1572.81,3840.13,-3.22,11.7,-25.1
2016-02-16 03:02:59.425598,-1779.15,1570.91,3842.73,0.07,-1.90,2.60
2016-02-16 03:03:14.727473,-1776.19,1561.86,3859.39,2.96,-9.05,16.7
2016-02-16 03:03:30.028349,-1773.65,1555.28,3871.89,2.54,-6.58,12.5
2016-02-16 03:03:45.314223,-1779.26,1564.31,3839.15,-5.61,9.03,-32.7
2016-02-16 03:04:00.616098,-1773.13,1553.17,3862.10,6.13,-11.1,23.0
2016-02-16 03:04:15.917973,-1768.81,1556.31,3872.77,4.32,3.14,10.7
2016-02-16 03:04:31.204848,-1772.28,1561.73,3862.15,-3.47,5.42,-10.6
2016-02-16 03:04:46.505723,-1767.36,1553.17,3879.73,4.92,-8.56,17.6
2016-02-16 03:05:01.806598,-1762.33,1542.98,3899.97,5.03,-10.2,20.2
2016-02-16 03:05:17.108473,-1768.89,1555.68,3877.76,-6.56,12.7,-22.2
2016-02-16 03:05:32.394348,-1771.30,1557.37,3869.09,-2.41,1.69,-8.67
2016-02-16 03:05:47.695223,-1770.75,1555.62,3874.44,0.55,-1.75,5.35
2016-02-16 03:06:02.998098,-1765.13,1542.30,3904.22,5.62,-13.3,29.8
2016-02-16 03:06:18.284972,-1771.82,1558.31,3869.15,-6.69,16.0,-35.1
2016-02-16 03:06:33.586848,-1776.24,1566.66,3853.86,-4.42,8.35,-15.3
2016-02-16 03:06:48.887723,-1768.61,1543.30,3900.80,7.63,-23.4,46.9
2016-02-16 03:07:04.173597,-1768.11,1547.00,3895.98,0.50,3.70,-4.82
2016-02-16 03:07:19.476472,-1771.58,1555.29,3880.21,-3.47,8.29,-15.8
2016-02-16 03:07:34.776347,-1775.02,1558.96,3877.88,-3.44,3.67,-2.33
2016-02-16 03:07:50.079223,-1769.43,1556.08,3883.43,5.59,-2.88,5.55
2016-02-16 03:08:05.365097,-1766.42,1555.80,3885.71,3.01,-0.28,2.28
2016-02-16 03:08:20.666972,-1769.66,1546.33,3890.59,-3.24,-9.47,4.88
2016-02-16 03:08:35.967847,-1769.53,1551.93,3878.14,0.13,5.60,-12.4
2016-02-16 03:08:51.269723,-1769.02,1556.81,3876.46,0.51,4.88,-1.68
2016-02-16 03:09:06.555597,-1768.23,1554.17,3880.61,0.79,-2.64,4.15
2016-02-16 03:09:21.857472,-1767.47,1551.79,3881.03,0.76,-2.38,0.42
2016-02-16 03:09:37.159347,-1759.28,1520.72,3949.57,8.19,-31.1,68.5
2016-02-16 03:09:52.446222,-1764.38,1541.90,3905.04,-5.10,21.2,-44.5
2016-02-16 03:10:07.748097,-1787.73,1590.83,3794.64,-23.4,48.9,-110
2016-02-16 03:10:23.048972,-1770.42,1544.23,3898.26,17.3,-46.6,104
2016-02-16 03:10:38.350847,-1763.90,1528.54,3927.74,6.52,-15.7,29.5
2016-02-16 03:10:53.637722,-1766.59,1535.29,3923.16,-2.69,6.75,-4.58
2016-02-16 03:11:08.938597,-1767.22,1542.38,3912.58,-0.63,7.09,-10.6
2016-02-16 03:11:24.240472,-1767.85,1542.76,3896.99,-0.63,0.38,-15.6
2016-02-16 03:11:39.526346,-1762.99,1539.40,3898.29,4.86,-3.36,1.30
2016-02-16 03:11:54.827221,-1774.54,1560.20,3862.96,-11.6,20.8,-35.3
2016-02-16 03:12:10.130097,-1752.71,1511.29,3966.49,21.8,-48.9,104
2016-02-16 03:12:25.430972,-1758.26,1528.90,3929.40,-5.55,17.6,-37.1
2016-02-16 03:12:40.717846,-1758.16,1522.85,3936.24,0.10,-6.05,6.84
2016-02-16 03:12:56.019721,-1758.24,1519.23,3949.87,-0.08,-3.62,13.6
2016-02-16 03:13:11.320597,-1754.27,1520.12,3953.72,3.97,0.89,3.85
2016-02-16 03:13:26.607471,-1767.95,1536.33,3912.60,-13.7,16.2,-41.1
2016-02-16 03:13:41.908346,-1761.22,1530.39,3929.98,6.73,-5.94,17.4
2016-02-16 03:13:57.210221,-1758.09,1527.38,3945.45,3.13,-3.01,15.5
2016-02-16 03:14:12.512097,-1757.90,1522.29,3952.83,0.19,-5.09,7.38
2016-02-16 03:14:27.797971,-1754.94,1521.88,3946.14,2.96,-0.41,-6.69
2016-02-16 03:14:43.099846,-1761.38,1524.67,3938.75,-6.44,2.79,-7.39
2016-02-16 03:14:58.401721,-1749.50,1503.26,3979.33,11.9,-21.4,40.6
2016-02-16 03:15:13.702596,-1769.78,1540.75,3922.78,-20.3,37.5,-56.6
2016-02-16 03:15:28.988471,-1759.68,1522.59,3946.94,10.1,-18.2,24.2
2016-02-16 03:15:44.290346,-1762.46,1523.10,3949.11,-2.78,0.51,2.17
2016-02-16 03:15:59.592221,-1757.05,1518.93,3952.79,5.41,-4.17,3.68
2016-02-16 03:16:14.878096,-1751.56,1506.64,3970.24,5.49,-12.3,17.4
2016-02-16 03:16:30.179971,-1756.20,1505.21,3972.70,-4.64,-1.43,2.46
2016-02-16 03:16:45.480846,-1764.22,1516.94,3947.40,-8.02,11.7,-25.3
2016-02-16 03:17:00.782721,-1759.99,1525.64,3934.69,4.23,8.70,-12.7
2016-02-16 03:17:16.069595,-1765.07,1534.85,3923.53,-5.08,9.21,-11.2
2016-02-16 03:17:31.371471,-1763.18,1531.03,3917.87,1.89,-3.82,-5.66
2016-02-16 03:17:46.672346,-1758.97,1513.42,3969.39,4.21,-17.6,51.5
2016-02-16 03:18:01.973221,-1761.57,1527.54,3949.84,-2.60,14.1,-19.6
2016-02-16 03:18:17.260095,-1762.06,1527.68,3945.66,-0.49,0.14,-4.18
2016-02-16 03:18:32.561971,-1752.21,1512.87,3975.36,9.85,-14.8,29.7
2016-02-16 03:18:47.864846,-1755.56,1504.32,3975.61,-3.35,-8.55,0.25
2016-02-16 03:19:03.150720,-1745.05,1494.88,3999.11,10.5,-9.44,23.5
2016-02-16 03:19:18.452595,-1756.56,1512.22,3965.31,-11.5,17.3,-33.8
2016-02-16 03:19:33.753471,-1754.79,1513.16,3976.65,1.77,0.94,11.3
2016-02-16 03:19:49.055346,-1755.42,1506.98,3974.08,-0.63,-6.18,-2.57
2016-02-16 03:20:04.342220,-1751.17,1508.92,3966.32,4.25,1.94,-7.76
2016-02-16 03:20:19.644095,-1747.86,1496.14,4000.96,3.31,-12.8,34.6
2016-02-16 03:20:34.945971,-1748.68,1499.68,3993.21,-0.82,3.54,-7.75
2016-02-16 03:20:50.231845,-1756.19,1521.43,3940.71,-7.51,21.8,-52.5
2016-02-16 03:21:05.533720,-1747.27,1496.91,3983.52,8.92,-24.5,42.8
2016-02-16 03:21:20.835595,-1748.75,1497.05,3993.69,-1.48,0.14,10.2
2016-02-16 03:21:36.136470,-1754.50,1518.02,3944.99,-5.75,21.0,-48.7
2016-02-16 03:21:51.423345,-1750.50,1498.60,3987.29,4.00,-19.4,42.3
2016-02-16 03:22:06.725220,-1739.48,1482.32,4018.90,11.0,-16.3,31.6
2016-02-16 03:22:22.026095,-1745.01,1492.64,3993.60,-5.53,10.3,-25.3
2016-02-16 03:22:37.327970,-1740.99,1484.05,4009.53,4.02,-8.59,15.9
2016-02-16 03:22:52.614845,-1749.89,1499.64,3979.43,-8.90,15.6,-30.1
2016-02-16 03:23:07.915720,-1759.43,1500.92,3976.06,-9.54,1.28,-3.37
2016-02-16 03:23:23.217595,-1742.75,1495.71,3995.18,16.7,-5.21,19.1
2016-02-16 03:23:38.505470,-1743.74,1492.02,3999.79,-0.99,-3.69,4.61
2016-02-16 03:23:53.806345,-1744.85,1491.10,4006.33,-1.11,-0.92,6.54
2016-02-16 03:24:09.108220,-1746.53,1490.70,4006.17,-1.68,-0.40,-0.16
2016-02-16 03:24:24.409095,-1740.33,1480.53,4013.29,6.20,-10.2,7.12
2016-02-16 03:24:39.695969,-1742.71,1486.22,4016.16,-2.38,5.69,2.87
2016-02-16 03:24:54.997845,-1743.27,1479.60,4027.56,-0.56,-6.62,11.4
2016-02-16 03:25:10.298720,-1746.51,1489.50,4002.84,-3.24,9.90,-24.7
2016-02-16 03:25:25.514638,-1749.30,1493.56,3980.85,-2.79,4.06,-22.0
2016-02-16 03:25:40.814513,-1747.22,1488.62,4013.42,2.08,-4.94,32.6
2016-02-16 03:25:56.116388,-1750.74,1498.85,3993.42,-3.52,10.2,-20.0
2016-02-16 03:26:11.418264,-1735.41,1473.21,4052.50,15.3,-25.6,59.1
2016-02-16 03:26:26.703138,-1736.27,1475.98,4037.89,-0.86,2.77,-14.6
2016-02-16 03:26:42.005013,-1731.61,1470.06,4048.80,4.66,-5.92,10.9
2016-02-16 03:26:57.306888,-1752.63,1499.51,3987.97,-21.0,29.4,-60.8
2016-02-16 03:27:12.607764,-1740.89,1485.19,4025.42,11.7,-14.3,37.4
2016-02-16 03:27:27.894638,-1720.97,1440.08,4094.04,19.9,-45.1,68.6
2016-02-16 03:27:43.196513,-1723.89,1444.81,4090.43,-2.92,4.73,-3.61
2016-02-16 03:27:58.497388,-1738.65,1476.69,4040.79,-14.8,31.9,-49.6
2016-02-16 03:28:13.784263,-1736.97,1479.71,4021.92,1.68,3.02,-18.9
2016-02-16 03:28:29.086138,-1745.78,1496.56,3976.24,-8.81,16.8,-45.7
2016-02-16 03:28:44.388013,-1738.67,1475.95,4023.04,7.11,-20.6,46.8
2016-02-16 03:28:59.673887,-1730.32,1449.21,4088.29,8.35,-26.7,65.2
2016-02-16 03:29:14.975763,-1739.73,1484.20,4024.77,-9.41,35.0,-63.5
2016-02-16 03:29:30.277638,-1739.12,1474.12,4035.31,0.61,-10.1,10.5
2016-02-16 03:29:45.579513,-1730.11,1452.10,4080.75,9.01,-22.0,45.4
2016-02-16 03:30:00.866387,-1723.27,1443.40,4091.28,6.84,-8.70,10.5
2016-02-16 03:30:16.168263,-1728.29,1458.02,4065.86,-5.02,14.6,-25.4
2016-02-16 03:30:31.469138,-1727.62,1449.54,4072.35,0.67,-8.48,6.49
2016-02-16 03:30:46.756012,-1746.74,1488.51,4004.76,-19.1,39.0,-67.6
2016-02-16 03:31:02.057887,-1722.53,1435.66,4105.32,24.2,-52.8,101
2016-02-16 03:31:17.358762,-1734.31,1453.05,4070.61,-11.8,17.4,-34.7
2016-02-16 03:31:32.659638,-1722.33,1432.73,4110.32,12.0,-20.3,39.7
2016-02-16 03:31:47.946512,-1725.30,1443.88,4096.22,-2.97,11.2,-14.1
2016-02-16 03:32:03.248387,-1728.56,1455.62,4067.93,-3.26,11.7,-28.3
2016-02-16 03:32:18.551262,-1739.29,1482.63,4018.88,-10.7,27.0,-49.0
2016-02-16 03:32:33.837137,-1734.01,1471.18,4042.99,5.28,-11.4,24.1
2016-02-16 03:32:49.139012,-1728.05,1459.86,4072.96,5.96,-11.3,30.0
2016-02-16 03:33:04.440887,-1730.29,1458.74,4075.80,-2.24,-1.12,2.84
2016-02-16 03:33:19.741762,-1737.49,1465.52,4053.78,-7.20,6.78,-22.0
2016-02-16 03:33:35.029637,-1721.20,1442.80,4108.26,16.3,-22.7,54.5
2016-02-16 03:33:50.330512,-1728.12,1454.03,4068.40,-6.92,11.2,-39.9
2016-02-16 03:34:05.632387,-1732.52,1460.63,4056.46,-4.40,6.60,-11.9
2016-02-16 03:34:20.919262,-1729.50,1462.86,4053.64,3.02,2.23,-2.82
2016-02-16 03:34:36.221137,-1729.84,1468.27,4046.47,-0.34,5.41,-7.17
2016-02-16 03:34:51.523012,-1719.50,1430.69,4111.57,10.3,-37.6,65.1
2016-02-16 03:35:06.808886,-1711.21,1412.39,4145.72,8.29,-18.3,34.2
2016-02-16 03:35:22.110762,-1725.21,1442.96,4093.54,-14.0,30.6,-52.2
2016-02-16 03:35:37.412637,-1726.40,1442.50,4098.86,-1.19,-0.46,5.32
2016-02-16 03:35:52.714512,-1732.40,1459.56,4064.85,-6.00,17.1,-34.0
2016-02-16 03:36:08.000386,-1721.62,1438.17,4107.30,10.8,-21.4,42.4
2016-02-16 03:36:23.301261,-1753.92,1513.58,3957.82,-32.3,75.4,-149
2016-02-16 03:36:38.603137,-1704.90,1389.36,4191.84,49.0,-124,0
2016-02-16 03:36:53.905012,-1737.42,1467.89,4057.79,-32.5,78.5,-134
2016-02-16 03:37:09.191886,-1708.01,1405.95,4156.16,29.4,-61.9,98.4
2016-02-16 03:37:24.493761,-1723.71,1442.10,4087.11,-15.7,36.2,-69.0
2016-02-16 03:37:39.794637,-1728.67,1446.03,4080.41,-4.96,3.93,-6.70
2016-02-16 03:37:55.081511,-1723.54,1440.12,4108.92,5.13,-5.91,28.5
2016-02-16 03:38:10.383386,-1728.02,1455.64,4068.13,-4.48,15.5,-40.8
2016-02-16 03:38:25.685261,-1716.46,1415.00,4138.44,11.6,-40.6,70.3
2016-02-16 03:38:40.986137,-1722.97,1441.58,4100.16,-6.51,26.6,-38.3
2016-02-16 03:38:56.273011,-1717.24,1431.91,4120.70,5.73,-9.67,20.5
2016-02-16 03:39:11.573886,-1721.15,1423.59,4126.79,-3.91,-8.32,6.09
2016-02-16 03:39:26.875761,-1713.51,1425.13,4134.21,7.64,1.54,7.42
2016-02-16 03:39:42.162636,-1715.74,1436.86,4114.70,-2.23,11.7,-19.5
2016-02-16 03:39:57.464511,-1720.25,1447.58,4097.06,-4.51,10.7,-17.6
2016-02-16 03:40:12.766386,-1710.52,1416.56,4155.57,9.73,-31.0,58.5
2016-02-16 03:40:28.068261,-1707.34,1397.62,4184.51,3.18,-18.9,28.9
2016-02-16 03:40:43.354136,-1695.78,1380.03,4221.44,11.6,-17.6,36.9
2016-02-16 03:40:58.656011,-1694.85,1382.46,4204.51,0.93,2.43,-16.9
2016-02-16 03:41:13.956886,-1699.73,1385.63,4201.93,-4.88,3.17,-2.58
2016-02-16 03:41:29.243760,-1693.99,1382.43,4208.89,5.74,-3.20,6.96
2016-02-16 03:41:44.545636,-1698.61,1382.82,4205.83,-4.62,0.39,-3.06
2016-02-16 03:41:59.846511,-1698.81,1386.74,4201.79,-0.20,3.92,-4.04
2016-02-16 03:42:15.148386,-1698.14,1389.85,4195.39,0.67,3.11,-6.40
2016-02-16 03:42:30.434260,-1684.92,1363.52,4240.98,13.2,-26.3,45.6
2016-02-16 03:42:45.736135,-1686.93,1364.62,4237.01,-2.01,1.10,-3.97
2016-02-16 03:43:01.038011,-1682.67,1353.53,4256.87,4.26,-11.1,19.9
2016-02-16 03:43:16.323885,-1689.76,1365.94,4240.15,-7.09,12.4,-16.7
2016-02-16 03:43:31.625760,-1683.85,1364.01,4239.43,5.91,-1.93,-0.72
2016-02-16 03:43:46.927635,-1672.55,1327.76,4305.81,11.3,-36.2,66.4
2016-02-16 03:44:02.229511,-1692.99,1379.68,4213.60,-20.4,51.9,-92.2
2016-02-16 03:44:17.515385,-1702.31,1393.42,4190.59,-9.32,13.7,-23.0
2016-02-16 03:44:32.816260,-1689.06,1365.23,4239.91,13.2,-28.2,49.3
2016-02-16 03:44:48.119135,-1689.13,1370.63,4231.60,-0.07,5.40,-8.31
2016-02-16 03:45:03.405010,-1687.23,1365.44,4236.51,1.90,-5.19,4.91
2016-02-16 03:45:18.706885,-1700.07,1393.02,4188.34,-12.8,27.6,-48.2
2016-02-16 03:45:34.008760,-1693.80,1363.51,4236.72,6.27,-29.5,48.4
2016-02-16 03:45:49.310635,-1700.52,1389.46,4190.61,-6.72,26.0,-46.1
2016-02-16 03:46:04.597510,-1668.83,1314.39,4332.36,31.7,-75.1,142
2016-02-16 03:46:19.898385,-1679.75,1342.61,4290.04,-10.9,28.2,-42.3
2016-02-16 03:46:35.199260,-1675.72,1339.60,4283.95,4.03,-3.01,-6.09
2016-02-16 03:46:50.500135,-1672.82,1330.29,4308.36,2.90,-9.31,24.4
2016-02-16 03:47:05.787009,-1662.43,1308.52,4343.24,10.4,-21.8,34.9
2016-02-16 03:47:21.089885,-1658.49,1298.43,4364.29,3.94,-10.1,21.0
2016-02-16 03:47:36.391760,-1669.90,1326.01,4306.84,-11.4,27.6,-57.4
2016-02-16 03:47:51.677634,-1685.34,1352.68,4265.78,-15.4,26.7,-41.1
2016-02-16 03:48:06.978509,-1668.78,1317.58,4332.33,16.6,-35.1,66.6
2016-02-16 03:48:22.280385,-1665.73,1307.86,4347.19,3.05,-9.72,14.9
2016-02-16 03:48:37.582260,-1714.73,1414.05,4155.62,-49.0,106,-192
2016-02-16 03:48:52.868134,-1665.83,1299.03,4360.24,48.9,-115,0
2016-02-16 03:49:08.170009,-1660.96,1300.57,4365.29,4.87,1.54,5.05
2016-02-16 03:49:23.470885,-1658.16,1304.44,4360.20,2.80,3.87,-5.09
2016-02-16 03:49:38.757759,-1652.58,1286.97,4390.73,5.58,-17.5,30.5
2016-02-16 03:49:54.058634,-1663.16,1313.81,4344.34,-10.6,26.8,-46.4
2016-02-16 03:50:09.360509,-1665.42,1320.84,4326.10,-2.26,7.03,-18.2
2016-02-16 03:50:24.663385,-1641.56,1266.28,4425.92,23.9,-54.6,99.8
2016-02-16 03:50:39.949259,-1668.14,1331.25,4308.06,-26.6,65.0,-118
2016-02-16 03:50:55.252134,-1649.40,1282.31,4393.10,18.7,-48.9,85.0
2016-02-16 03:51:10.553009,-1646.03,1268.29,4413.90,3.37,-14.0,20.8
2016-02-16 03:51:25.838884,-1655.38,1287.40,4371.81,-9.35,19.1,-42.1
2016-02-16 03:51:41.140759,-1657.37,1296.24,4361.47,-1.99,8.84,-10.3
2016-02-16 03:51:56.442634,-1645.95,1263.75,4421.17,11.4,-32.5,59.7
2016-02-16 03:52:11.743509,-1640.02,1261.35,4422.85,5.93,-2.40,1.68
2016-02-16 03:52:27.030384,-1646.63,1268.03,4407.98,-6.61,6.68,-14.9
2016-02-16 03:52:42.332259,-1629.56,1235.05,4461.71,17.1,-33.0,53.7
2016-02-16 03:52:57.634134,-1655.48,1283.09,4379.00,-25.9,48.0,-82.7
2016-02-16 03:53:12.921008,-1643.10,1255.21,4434.93,12.4,-27.9,55.9
2016-02-16 03:53:28.221884,-1657.44,1285.95,4372.77,-14.3,30.7,-62.2
2016-02-16 03:53:43.524759,-1651.22,1276.96,4392.74,6.22,-8.99,20.0
2016-02-16 03:53:58.826634,-1657.55,1292.45,4372.39,-6.33,15.5,-20.4
2016-02-16 03:54:14.113508,-1648.26,1274.52,4398.42,9.29,-17.9,26.0
2016-02-16 03:54:29.414384,-1661.72,1299.34,4352.43,-13.5,24.8,-46.0
2016-02-16 03:54:44.716259,-1615.04,1198.65,4521.46,46.7,-101,169
2016-02-16 03:55:00.003133,-1644.91,1260.20,4421.29,-29.9,61.6,-100
2016-02-16 03:55:15.305008,-1659.04,1291.52,4362.48,-14.1,31.3,-58.8
2016-02-16 03:55:30.606884,-1637.86,1257.95,4433.91,21.2,-33.6,71.4
2016-02-16 03:55:45.908759,-1650.73,1280.44,4399.76,-12.9,22.5,-34.2
2016-02-16 03:56:01.194633,-1646.63,1267.14,4407.29,4.10,-13.3,7.53
2016-02-16 03:56:16.496508,-1649.00,1278.98,4382.19,-2.37,11.8,-25.1
2016-02-16 03:56:31.798383,-1632.55,1235.94,4454.10,16.4,-43.0,71.9
2016-02-16 03:56:47.084258,-1655.64,1285.57,4366.99,-23.1,49.6,-87.1
2016-02-16 03:57:02.386133,-1655.41,1295.80,4347.17,0.23,10.2,-19.8
2016-02-16 03:57:17.688008,-1644.95,1269.57,4402.23,10.5,-26.2,55.1
2016-02-16 03:57:32.973883,-1647.41,1274.41,4390.59,-2.46,4.84,-11.6
2016-02-16 03:57:48.275758,-1627.11,1234.77,4459.51,20.3,-39.6,68.9
2016-02-16 03:58:03.577633,-1639.25,1257.03,4433.11,-12.1,22.3,-26.4
2016-02-16 03:58:18.878508,-1683.59,1360.72,4237.69,-44.3,104,-195
2016-02-16 03:58:34.165382,-1637.10,1255.23,4421.39,46.5,-105,184
2016-02-16 03:58:49.468258,-1623.21,1213.61,4489.05,13.9,-41.6,67.7
2016-02-16 03:59:04.769133,-1627.64,1228.85,4467.22,-4.43,15.2,-21.8
2016-02-16 03:59:20.056007,-1625.12,1223.30,4472.75,2.52,-5.55,5.53
2016-02-16 03:59:35.357882,-1640.08,1255.65,4420.78,-15.0,32.4,-52.0
2016-02-16 03:59:50.659758,-1623.77,1218.28,4474.85,16.3,-37.4,54.1
2016-02-16 04:00:05.960633,-1635.55,1244.58,4432.73,-11.8,26.3,-42.1
2016-02-16 04:00:21.247507,-1611.86,1195.12,4518.69,23.7,-49.5,86.0
2016-02-16 04:00:36.549382,-1622.05,1231.93,4460.48,-10.2,36.8,-58.2
2016-02-16 04:00:51.851258,-1648.97,1282.75,4371.92,-26.9,50.8,-88.6
2016-02-16 04:01:07.137132,-1640.59,1268.55,4400.44,8.38,-14.2,28.5
2016-02-16 04:01:22.439007,-1635.96,1250.17,4429.61,4.63,-18.4,29.2
2016-02-16 04:01:37.740882,-1621.73,1225.14,4472.95,14.2,-25.0,43.3
2016-02-16 04:01:53.041758,-1580.91,1143.23,4607.62,40.8,-81.9,135
2016-02-16 04:02:08.327632,-1615.77,1221.40,4481.98,-34.9,78.2,-126
2016-02-16 04:02:23.630507,-1616.88,1207.59,4499.82,-1.11,-13.8,17.8
2016-02-16 04:02:38.932382,-1604.67,1186.48,4548.51,12.2,-21.1,48.7
2016-02-16 04:02:54.233258,-1607.75,1204.22,4512.57,-3.08,17.7,-35.9
2016-02-16 04:03:09.520132,-1571.13,1116.92,4655.09,36.6,-87.3,143
2016-02-16 04:03:24.822007,-1607.44,1195.07,4540.54,-36.3,78.2,-115
2016-02-16 04:03:40.123882,-1613.42,1207.33,4503.61,-5.98,12.3,-36.9
2016-02-16 04:03:55.410757,-1601.39,1191.66,4536.01,12.0,-15.7,32.4
2016-02-16 04:04:10.712632,-1580.49,1148.64,4605.64,20.9,-43.0,69.6
2016-02-16 04:04:26.014507,-1575.57,1131.84,4642.97,4.92,-16.8,37.3
2016-02-16 04:04:41.300381,-1592.88,1159.34,4580.73,-17.3,27.5,-62.2
2016-02-16 04:04:56.602257,-1574.68,1130.72,4640.43,18.2,-28.6,59.7
2016-02-16 04:05:11.904132,-1584.91,1148.78,4601.11,-10.2,18.1,-39.3
2016-02-16 04:05:27.205007,-1612.38,1216.14,4495.66,-27.5,67.4,-105
2016-02-16 04:05:42.491881,-1584.49,1150.17,4603.22,27.9,-66.0,108
2016-02-16 04:05:57.792757,-1606.56,1182.84,4550.25,-22.1,32.7,-53.0
2016-02-16 04:06:13.094632,-1590.19,1142.10,4612.58,16.4,-40.7,62.3
2016-02-16 04:06:28.380506,-1586.45,1153.09,4607.48,3.74,11.0,-5.10
2016-02-16 04:06:43.683381,-1577.48,1132.47,4633.28,8.97,-20.6,25.8
2016-02-16 04:06:58.985257,-1567.59,1101.78,4682.00,9.89,-30.7,48.7
2016-02-16 04:07:14.286132,-1581.11,1151.39,4619.64,-13.5,49.6,-62.4
2016-02-16 04:07:29.574006,-1571.44,1124.65,4649.73,9.67,-26.7,30.1
2016-02-16 04:07:44.874881,-1579.98,1129.36,4627.04,-8.54,4.71,-22.7
2016-02-16 04:08:00.175756,-1544.70,1073.34,4731.87,35.3,-56.0,105
2016-02-16 04:08:15.477632,-1578.58,1135.34,4626.72,-33.9,62.0,-105
2016-02-16 04:08:30.765506,-1583.43,1140.18,4638.39,-4.85,4.84,11.7
2016-02-16 04:08:46.067381,-1553.88,1078.04,4727.76,29.6,-62.1,89.4
2016-02-16 04:09:01.368256,-1571.62,1123.91,4654.73,-17.7,45.9,-73.0
2016-02-16 04:09:16.655131,-1570.19,1121.17,4647.74,1.43,-2.74,-6.99
2016-02-16 04:09:31.957006,-1574.98,1120.53,4653.84,-4.79,-0.64,6.10
2016-02-16 04:09:47.257881,-1546.33,1069.59,4736.10,28.6,-50.9,82.3
2016-02-16 04:10:02.559756,-1570.87,1123.58,4663.69,-24.5,54.0,-72.4
2016-02-16 04:10:17.846631,-1556.21,1092.65,4711.13,14.7,-30.9,47.4
2016-02-16 04:10:33.147506,-1581.37,1132.08,4648.30,-25.2,39.4,-62.8
2016-02-16 04:10:48.450381,-1541.78,1061.51,4765.48,39.6,-70.6,117
2016-02-16 04:11:03.736255,-1561.54,1099.11,4691.52,-19.8,37.6,-74.0
2016-02-16 04:11:19.037131,-1549.34,1071.46,4737.76,12.2,-27.6,46.2
2016-02-16 04:11:34.339006,-1557.71,1095.26,4714.43,-8.37,23.8,-23.3
2016-02-16 04:11:49.640881,-1559.73,1101.67,4693.68,-2.02,6.41,-20.8
2016-02-16 04:12:04.927755,-1532.70,1051.53,4769.40,27.0,-50.1,75.7
2016-02-16 04:12:20.228631,-1578.15,1135.09,4628.71,-45.4,83.6,-141
2016-02-16 04:12:35.530506,-1588.64,1162.79,4592.06,-10.5,27.7,-36.6
2016-02-16 04:12:50.816380,-1549.13,1096.34,4695.02,39.5,-66.4,103
2016-02-16 04:13:06.118255,-1539.34,1060.84,4761.80,9.79,-35.5,66.8
2016-02-16 04:13:21.420131,-1568.87,1113.18,4677.32,-29.5,52.3,-84.5
2016-02-16 04:13:36.721006,-1541.58,1060.57,4771.13,27.3,-52.6,93.8
2016-02-16 04:13:52.007880,-1560.68,1106.53,4687.35,-19.1,46.0,-83.8
2016-02-16 04:14:07.308755,-1555.86,1095.65,4711.43,4.82,-10.9,24.1
2016-02-16 04:14:22.610630,-1533.64,1044.67,4778.16,22.2,-51.0,66.7
2016-02-16 04:14:37.912506,-1560.41,1103.54,4686.53,-26.8,58.9,-91.6
2016-02-16 04:14:53.199380,-1529.75,1040.93,4798.54,30.7,-62.6,112
2016-02-16 04:15:08.500255,-1527.37,1027.60,4823.22,2.38,-13.3,24.7
2016-02-16 04:15:23.802130,-1530.06,1042.83,4788.41,-2.69,15.2,-34.8
2016-02-16 04:15:39.104006,-1541.38,1064.63,4753.05,-11.3,21.8,-35.4
2016-02-16 04:15:54.390880,-1530.34,1036.60,4811.43,11.0,-28.0,58.4
2016-02-16 04:16:09.691755,-1499.78,969.40,4905.00,30.6,-67.2,93.6
2016-02-16 04:16:24.993630,-1522.09,1006.62,4844.31,-22.3,37.2,-60.7
2016-02-16 04:16:40.280505,-1527.50,1031.01,4809.57,-5.41,24.4,-34.7
2016-02-16 04:16:55.582380,-1559.19,1090.66,4698.72,-31.7,59.6,-111
2016-02-16 04:17:10.884255,-1530.74,1025.43,4810.57,28.4,-65.2,112
2016-02-16 04:17:26.170129,-1493.88,954.34,4930.81,36.9,-71.1,120
2016-02-16 04:17:41.472005,-1538.28,1047.56,4789.01,-44.4,93.2,-142
2016-02-16 04:17:56.773880,-1525.35,1029.38,4818.87,12.9,-18.2,29.9
2016-02-16 04:18:12.075755,-1514.01,997.91,4863.63,11.3,-31.5,44.8
2016-02-16 04:18:27.361629,-1538.74,1053.10,4773.99,-24.7,55.2,-89.6
2016-02-16 04:18:42.663505,-1491.48,969.20,4913.32,47.3,-83.9,139
2016-02-16 04:18:57.965380,-1536.20,1044.80,4781.79,-44.7,75.6,-132
2016-02-16 04:19:13.251254,-1531.67,1041.75,4790.25,4.53,-3.05,8.46
2016-02-16 04:19:28.553129,-1526.42,1009.72,4827.95,5.25,-32.0,37.7
2016-02-16 04:19:43.855005,-1540.66,1046.29,4777.98,-14.2,36.6,-50.0
2016-02-16 04:19:59.156880,-1537.91,1044.28,4773.85,2.75,-2.01,-4.13
2016-02-16 04:20:14.442754,-1517.88,992.09,4855.28,20.0,-52.2,81.4
2016-02-16 04:20:29.744629,-1473.36,917.36,4984.18,44.5,-74.7,129
2016-02-16 04:20:45.046505,-1473.99,913.79,4983.86,-0.63,-3.57,-0.32
2016-02-16 04:21:00.333379,-1481.11,931.10,4962.78,-7.12,17.3,-21.1
2016-02-16 04:21:15.635254,-1483.25,933.56,4972.87,-2.14,2.46,10.1
2016-02-16 04:21:30.938129,-1525.84,1024.21,4824.38,-42.6,90.6,-148
2016-02-16 04:21:46.239005,-1489.30,958.12,4928.91,36.5,-66.1,105
2016-02-16 04:22:01.525879,-1457.32,898.69,5013.09,32.0,-59.4,84.2
2016-02-16 04:22:16.827754,-1492.21,956.85,4923.20,-34.9,58.2,-89.9
2016-02-16 04:22:32.129629,-1473.04,934.45,4973.40,19.2,-22.4,50.2
2016-02-16 04:22:47.430504,-1474.76,926.51,4974.53,-1.72,-7.94,1.13
2016-02-16 04:23:02.717379,-1470.16,906.58,4995.98,4.60,-19.9,21.4
2016-02-16 04:23:18.018254,-1461.99,890.97,5018.71,8.17,-15.6,22.7
2016-02-16 04:23:33.320129,-1440.11,852.59,5083.68,21.9,-38.4,65.0
2016-02-16 04:23:48.607004,-1453.87,879.89,5037.97,-13.8,27.3,-45.7
2016-02-16 04:24:03.908879,-1459.14,897.13,5011.85,-5.27,17.2,-26.1
2016-02-16 04:24:19.210754,-1459.64,891.48,5027.16,-0.50,-5.65,15.3
2016-02-16 04:24:34.511629,-1471.35,919.96,4970.66,-11.7,28.5,-56.5
2016-02-16 04:24:49.798504,-1460.86,896.87,5008.00,10.5,-23.1,37.3
2016-02-16 04:25:05.099379,-1481.11,941.36,4954.25,-20.2,44.5,-53.8
2016-02-16 04:25:20.318307,-1446.80,860.39,5061.70,34.3,-81.0,107
2016-02-16 04:25:35.621182,-1451.32,876.31,5046.97,-4.52,15.9,-14.7
2016-02-16 04:25:50.907057,-1440.61,860.31,5073.94,10.7,-16.0,27.0
2016-02-16 04:26:06.207932,-1461.63,894.12,5011.41,-21.0,33.8,-62.5
2016-02-16 04:26:21.509807,-1461.74,904.85,4990.05,-0.11,10.7,-21.4
2016-02-16 04:26:36.795681,-1439.29,852.81,5090.70,22.4,-52.0,101
2016-02-16 04:26:52.097557,-1435.30,841.38,5115.79,3.99,-11.4,25.1
2016-02-16 04:27:07.399432,-1428.47,820.41,5114.47,6.83,-21.0,-1.32
2016-02-16 04:27:22.701307,-1444.16,849.59,5071.75,-15.7,29.2,-42.7
2016-02-16 04:27:37.988181,-1438.47,831.81,5106.50,5.69,-17.8,34.8
2016-02-16 04:27:53.289057,-1447.89,862.64,5060.56,-9.42,30.8,-45.9
2016-02-16 04:28:08.591932,-1428.55,824.48,5122.75,19.3,-38.2,62.2
2016-02-16 04:28:23.878806,-1439.78,849.04,5080.72,-11.2,24.6,-42.0
2016-02-16 04:28:39.180681,-1436.75,836.96,5100.40,3.03,-12.1,19.7
2016-02-16 04:28:54.482557,-1441.36,850.94,5073.40,-4.61,14.0,-27.0
2016-02-16 04:29:09.784432,-1452.93,862.82,5071.16,-11.6,11.9,-2.24
2016-02-16 04:29:25.070306,-1461.02,888.59,5028.12,-8.09,25.8,-43.0
2016-02-16 04:29:40.372181,-1442.22,851.54,5069.33,18.8,-37.0,41.2
2016-02-16 04:29:55.674057,-1444.71,853.62,5072.89,-2.49,2.08,3.56
2016-02-16 04:30:10.960931,-1429.53,832.95,5108.61,15.2,-20.7,35.7
2016-02-16 04:30:26.262806,-1437.98,841.93,5081.19,-8.45,8.98,-27.4
2016-02-16 04:30:41.563681,-1421.98,808.34,5131.39,16.0,-33.6,50.2
2016-02-16 04:30:56.866557,-1414.86,797.51,5163.83,7.12,-10.8,32.4
2016-02-16 04:31:12.152431,-1417.45,792.17,5166.21,-2.59,-5.34,2.38
2016-02-16 04:31:27.454306,-1433.36,830.74,5099.80,-15.9,38.6,-66.4
2016-02-16 04:31:42.755181,-1440.19,838.50,5091.61,-6.83,7.76,-8.19
2016-02-16 04:31:58.042056,-1416.09,805.61,5145.56,24.1,-32.9,54.0
2016-02-16 04:32:13.343931,-1424.37,819.46,5129.84,-8.28,13.8,-15.7
2016-02-16 04:32:28.645806,-1422.08,822.04,5122.16,2.29,2.58,-7.68
2016-02-16 04:32:43.946681,-1434.42,851.28,5085.06,-12.3,29.2,-37.1
2016-02-16 04:32:59.233556,-1425.68,818.57,5129.52,8.74,-32.7,44.5
2016-02-16 04:33:14.535431,-1434.16,836.19,5107.65,-8.48,17.6,-21.9
2016-02-16 04:33:29.837306,-1440.27,850.94,5089.05,-6.11,14.8,-18.6
2016-02-16 04:33:45.139181,-1423.26,824.01,5124.55,17.0,-26.9,35.5
2016-02-16 04:34:00.426056,-1411.44,781.75,5175.01,11.8,-42.3,50.5
2016-02-16 04:34:15.727931,-1424.71,809.42,5132.74,-13.3,27.7,-42.3
2016-02-16 04:34:31.029806,-1445.90,872.23,5050.23,-21.2,62.8,-82.5
2016-02-16 04:34:46.315680,-1435.38,829.93,5106.95,10.5,-42.3,56.7
2016-02-16 04:35:01.617556,-1433.01,836.54,5106.93,2.37,6.61,-0.02
2016-02-16 04:35:16.919431,-1431.58,826.45,5113.90,1.43,-10.1,6.97
2016-02-16 04:35:32.221306,-1441.66,850.85,5075.12,-10.1,24.4,-38.8
2016-02-16 04:35:47.507180,-1449.27,862.07,5063.14,-7.61,11.2,-12.0
2016-02-16 04:36:02.809055,-1422.88,823.30,5124.20,26.4,-38.8,61.1
2016-02-16 04:36:18.110931,-1413.12,791.64,5168.64,9.76,-31.7,44.4
2016-02-16 04:36:33.411806,-1412.99,796.18,5159.12,0.13,4.54,-9.52
2016-02-16 04:36:48.698680,-1416.10,801.70,5153.76,-3.11,5.52,-5.36
2016-02-16 04:37:03.999555,-1411.17,777.19,5187.55,4.93,-24.5,33.8
2016-02-16 04:37:19.302431,-1426.98,823.02,5122.22,-15.8,45.8,-65.3
2016-02-16 04:37:34.589305,-1406.33,783.07,5189.84,20.6,-40.0,67.6
2016-02-16 04:37:49.891180,-1419.05,800.84,5146.44,-12.7,17.8,-43.4
2016-02-16 04:38:05.193055,-1424.16,812.00,5133.69,-5.11,11.2,-12.8
2016-02-16 04:38:20.493931,-1429.42,816.41,5128.71,-5.26,4.41,-4.98
2016-02-16 04:38:35.780805,-1422.40,786.74,5162.27,7.02,-29.7,33.6
2016-02-16 04:38:51.082680,-1427.10,806.05,5142.17,-4.70,19.3,-20.1
2016-02-16 04:39:06.384555,-1426.33,801.60,5152.19,0.77,-4.45,10.0
2016-02-16 04:39:21.685431,-1423.12,811.65,5139.02,3.21,10.0,-13.2
2016-02-16 04:39:36.972305,-1415.40,789.49,5167.27,7.72,-22.2,28.2
2016-02-16 04:39:52.275180,-1421.06,806.60,5143.76,-5.66,17.1,-23.5
2016-02-16 04:40:07.576055,-1399.90,765.77,5210.71,21.2,-40.8,67.0
2016-02-16 04:40:22.862930,-1413.50,783.16,5178.93,-13.6,17.4,-31.8
2016-02-16 04:40:38.164805,-1416.32,801.75,5167.39,-2.82,18.6,-11.5
2016-02-16 04:40:53.466680,-1418.60,788.35,5177.98,-2.28,-13.4,10.6
2016-02-16 04:41:08.768555,-1409.85,782.10,5189.28,8.75,-6.25,11.3
2016-02-16 04:41:24.054430,-1420.35,794.41,5167.66,-10.5,12.3,-21.6
2016-02-16 04:41:39.356305,-1432.20,835.10,5109.78,-11.8,40.7,-57.9
2016-02-16 04:41:54.658180,-1424.65,820.74,5135.74,7.55,-14.4,26.0
2016-02-16 04:42:09.945054,-1411.43,783.79,5184.15,13.2,-37.0,48.4
2016-02-16 04:42:25.245930,-1423.68,811.20,5141.58,-12.2,27.4,-42.6
2016-02-16 04:42:40.547805,-1407.48,782.74,5189.40,16.2,-28.5,47.8
2016-02-16 04:42:55.849680,-1405.29,782.33,5182.67,2.19,-0.41,-6.73
2016-02-16 04:43:11.136554,-1413.79,786.95,5172.95,-8.50,4.62,-9.72
2016-02-16 04:43:26.438430,-1402.22,761.44,5220.05,11.6,-25.5,47.1
2016-02-16 04:43:41.740305,-1399.10,760.52,5210.20,3.12,-0.92,-9.85
2016-02-16 04:43:57.026179,-1403.75,762.34,5212.13,-4.65,1.82,1.93
2016-02-16 04:44:12.329054,-1409.39,780.81,5185.50,-5.64,18.5,-26.6
2016-02-16 04:44:27.630930,-1419.18,797.51,5155.08,-9.79,16.7,-30.4
2016-02-16 04:44:42.932805,-1411.76,784.64,5176.54,7.42,-12.9,21.5
2016-02-16 04:44:58.219679,-1420.78,785.97,5171.42,-9.02,1.33,-5.12
2016-02-16 04:45:13.521554,-1421.80,807.84,5145.74,-1.02,21.9,-25.7
2016-02-16 04:45:28.823430,-1419.91,797.82,5166.96,1.89,-10.0,21.2
2016-02-16 04:45:44.111304,-1408.21,789.96,5165.92,11.7,-7.86,-1.04
2016-02-16 04:45:59.413179,-1421.80,808.32,5135.73,-13.6,18.4,-30.2
2016-02-16 04:46:14.715054,-1402.28,784.87,5167.34,19.5,-23.4,31.6
2016-02-16 04:46:30.016930,-1401.51,777.25,5194.15,0.77,-7.62,26.8
2016-02-16 04:46:45.303804,-1391.90,772.64,5214.09,9.61,-4.61,19.9
2016-02-16 04:47:00.604679,-1418.44,803.98,5150.50,-26.5,31.3,-63.6
2016-02-16 04:47:15.906554,-1398.41,772.88,5205.42,20.0,-31.1,54.9
2016-02-16 04:47:31.193429,-1398.20,770.91,5212.48,0.21,-1.97,7.06
2016-02-16 04:47:46.495304,-1418.99,807.26,5148.22,-20.8,36.4,-64.3
2016-02-16 04:48:01.797179,-1405.40,794.40,5170.63,13.6,-12.9,22.4
2016-02-16 04:48:17.099054,-1395.53,770.11,5207.25,9.87,-24.3,36.6
2016-02-16 04:48:32.385929,-1393.47,758.20,5224.02,2.06,-11.9,16.8
2016-02-16 04:48:47.687804,-1389.25,752.98,5224.71,4.22,-5.22,0.69
2016-02-16 04:49:02.989679,-1397.16,769.39,5206.88,-7.91,16.4,-17.8
2016-02-16 04:49:18.275554,-1417.50,812.92,5147.25,-20.3,43.5,-59.6
2016-02-16 04:49:33.577429,-1400.15,763.84,5219.59,17.4,-49.1,72.3
2016-02-16 04:49:48.879304,-1405.77,784.96,5177.34,-5.62,21.1,-42.2
2016-02-16 04:50:04.181179,-1387.35,741.06,5242.78,18.4,-43.9,65.4
2016-02-16 04:50:19.468054,-1394.86,754.87,5222.62,-7.51,13.8,-20.2
2016-02-16 04:50:34.769929,-1389.68,747.94,5233.80,5.18,-6.93,11.2
2016-02-16 04:50:50.072804,-1393.11,759.99,5214.27,-3.43,12.0,-19.5
2016-02-16 04:51:05.358678,-1398.59,756.12,5216.57,-5.48,-3.87,2.30
2016-02-16 04:51:20.659554,-1398.31,760.80,5203.83,0.28,4.68,-12.7
2016-02-16 04:51:35.961429,-1386.81,744.29,5239.05,11.5,-16.5,35.2
2016-02-16 04:51:51.263304,-1381.03,724.10,5259.03,5.78,-20.2,20.0
2016-02-16 04:52:06.550178,-1389.12,737.55,5247.90,-8.09,13.4,-11.1
2016-02-16 04:52:21.852054,-1399.55,768.92,5196.96,-10.4,31.4,-50.9
2016-02-16 04:52:37.153929,-1381.62,726.90,5263.59,17.9,-42.0,66.6
2016-02-16 04:52:52.440803,-1406.71,781.79,5186.09,-25.1,54.9,-77.5
2016-02-16 04:53:07.743678,-1372.41,715.24,5277.00,34.3,-66.6,90.9
2016-02-16 04:53:23.045554,-1401.40,777.60,5203.09,-29.0,62.4,-73.9
2016-02-16 04:53:38.347429,-1382.42,721.54,5267.90,19.0,-56.1,64.8
2016-02-16 04:53:53.633303,-1380.05,733.83,5260.53,2.37,12.3,-7.37
2016-02-16 04:54:08.934178,-1394.42,744.26,5228.11,-14.4,10.4,-32.4
2016-02-16 04:54:24.236053,-1375.29,715.92,5273.95,19.1,-28.3,45.8
2016-02-16 04:54:39.537929,-1384.10,728.67,5265.39,-8.81,12.8,-8.56
2016-02-16 04:54:54.824803,-1412.15,792.11,5171.74,-28.0,63.4,-93.6
2016-02-16 04:55:10.126678,-1392.86,750.63,5232.32,19.3,-41.5,60.6
2016-02-16 04:55:25.428554,-1397.34,765.11,5207.33,-4.48,14.5,-25.0
2016-02-16 04:55:40.714428,-1389.39,751.56,5235.71,7.95,-13.6,28.4
2016-02-16 04:55:56.016303,-1389.21,748.67,5239.48,0.18,-2.89,3.77
2016-02-16 04:56:11.318178,-1377.46,726.95,5271.95,11.8,-21.7,32.5
2016-02-16 04:56:26.620053,-1388.85,750.60,5231.30,-11.4,23.6,-40.6
2016-02-16 04:56:41.905928,-1383.60,744.90,5246.30,5.25,-5.70,15.0
2016-02-16 04:56:57.208803,-1389.00,752.49,5232.86,-5.40,7.59,-13.4
2016-02-16 04:57:12.510678,-1396.05,754.44,5227.54,-7.05,1.95,-5.32
2016-02-16 04:57:27.797553,-1386.44,740.84,5253.31,9.61,-13.6,25.8
2016-02-16 04:57:43.099428,-1385.61,743.25,5253.98,0.83,2.41,0.67
2016-02-16 04:57:58.400303,-1385.14,740.65,5259.46,0.47,-2.60,5.48
2016-02-16 04:58:13.702178,-1391.21,742.54,5259.31,-6.07,1.89,-0.15
2016-02-16 04:58:28.989053,-1379.06,721.45,5276.86,12.2,-21.1,17.6
2016-02-16 04:58:44.290928,-1472.03,910.25,5009.20,-93.0,189,0
2016-02-16 04:58:59.592803,-1379.88,733.83,5275.72,92.2,-176,0
2016-02-16 04:59:14.893678,-1396.00,745.69,5248.59,-16.1,11.9,-27.1
2016-02-16 04:59:30.179552,-1388.50,752.69,5231.86,7.50,7.00,-16.7
2016-02-16 04:59:45.481428,-1365.95,690.50,5316.73,22.6,-62.2,84.9
2016-02-16 05:00:00.783303,-1443.95,861.85,5066.64,-78.0,171,0
2016-02-16 05:00:16.085178,-1375.90,720.69,5279.89,68.0,-141,0
2016-02-16 05:00:31.372052,-1372.63,723.66,5274.49,3.27,2.97,-5.40
2016-02-16 05:00:46.673928,-1559.74,1105.29,4687.55,-187,0,0
2016-02-16 05:01:01.975803,-1378.09,724.48,5279.78,182,0,0
2016-02-16 05:01:17.262677,-1395.97,758.19,5232.41,-17.9,33.7,-47.4
2016-02-16 05:01:32.563552,-1389.88,755.58,5238.02,6.09,-2.61,5.61
2016-02-16 05:01:47.866428,-1383.35,739.13,5248.49,6.53,-16.4,10.5
2016-02-16 05:02:03.167303,-1379.22,730.95,5261.36,4.13,-8.18,12.9
2016-02-16 05:02:18.453177,-1381.93,738.40,5258.37,-2.71,7.45,-2.99
2016-02-16 05:02:33.757052,-1371.69,719.75,5282.39,10.2,-18.6,24.0
2016-02-16 05:02:49.057928,-1370.49,724.28,5286.47,1.20,4.53,4.08
2016-02-16 05:03:04.358803,-1383.11,750.96,5236.15,-12.6,26.7,-50.3
2016-02-16 05:03:19.645677,-1376.20,735.87,5267.81,6.91,-15.1,31.7
2016-02-16 05:03:34.948552,-1383.04,734.52,5263.28,-6.84,-1.35,-4.53
2016-02-16 05:03:50.250428,-1382.61,744.43,5241.19,0.43,9.91,-22.1
2016-02-16 05:04:05.536302,-1391.23,753.91,5245.85,-8.62,9.48,4.66
2016-02-16 05:04:20.838177,-1441.63,857.80,5075.38,-50.4,104,-170
2016-02-16 05:04:36.140052,-1375.58,730.82,5255.53,66.0,-127,180
2016-02-16 05:04:51.441928,-1366.52,722.03,5273.88,9.06,-8.79,18.4
2016-02-16 05:05:06.728802,-1362.22,709.71,5283.29,4.30,-12.3,9.41
2016-02-16 05:05:22.029677,-1363.41,708.45,5294.82,-1.19,-1.26,11.5
2016-02-16 05:05:37.331552,-1350.33,692.12,5315.52,13.1,-16.3,20.7
2016-02-16 05:05:52.618427,-1340.42,664.72,5356.63,9.91,-27.4,41.1
